sku,_attribute_set,_type,_product_websites,_root_category,_category,name,price,special_price,status,visibility,tax_class_id,weight,description,short_description,qty,is_in_stock,skin_type,volume,scent,color,_media_image,image,small_image,thumbnail,url_key,_super_products_sku,_super_attribute_code,_super_attribute_option,_associated_sku,_associated_default_qty,_associated_position
G-CLEANSE-BALM-50-ML,Beauty,simple,beauty,Beauty,,Cleansing balm 50 ml,28,,1,1,2,0.2,"A shea and jojoba balm that melts makeup and sunscreen, then rinses clean with a cloth. Massage it on dry skin for a minute, add warm water, then wipe. One jar lasts about three months of evenings.","A shea and jojoba balm that melts makeup and sunscreen, then rinses clean with a cloth.",48,1,All skin|Dry,50 ml,Unscented,,g-cleanse-balm.webp,g-cleanse-balm.webp,g-cleanse-balm.webp,g-cleanse-balm.webp,cleansing-balm-50-ml,,,,,,
G-CLEANSE-BALM-100-ML,Beauty,simple,beauty,Beauty,,Cleansing balm 100 ml,28,,1,1,2,0.2,"A shea and jojoba balm that melts makeup and sunscreen, then rinses clean with a cloth. Massage it on dry skin for a minute, add warm water, then wipe. One jar lasts about three months of evenings.","A shea and jojoba balm that melts makeup and sunscreen, then rinses clean with a cloth.",39,1,All skin|Dry,100 ml,Unscented,,g-cleanse-balm.webp,g-cleanse-balm.webp,g-cleanse-balm.webp,g-cleanse-balm.webp,cleansing-balm-100-ml,,,,,,
G-CLEANSE-BALM,Beauty,configurable,beauty,Beauty,Cleansers,Cleansing balm,28,,1,4,2,0.2,"A shea and jojoba balm that melts makeup and sunscreen, then rinses clean with a cloth. Massage it on dry skin for a minute, add warm water, then wipe. One jar lasts about three months of evenings.","A shea and jojoba balm that melts makeup and sunscreen, then rinses clean with a cloth.",0,1,All skin|Dry,,Unscented,,g-cleanse-balm.webp,g-cleanse-balm.webp,g-cleanse-balm.webp,g-cleanse-balm.webp,cleansing-balm,G-CLEANSE-BALM-50-ML,volume,50 ml,,,
,,,,,,,,,,,,,,,,,,,,,,,,,,G-CLEANSE-BALM-100-ML,volume,100 ml,,,
G-GEL-CLEANSER-100-ML,Beauty,simple,beauty,Beauty,,Gel cleanser 100 ml,22,,1,1,2,0.2,"A low-foam gel with glycerin and oat, for morning and after the balm. It rinses clean without the tight feeling. The pump gives one dose for the whole face.","A low-foam gel with glycerin and oat, for morning and after the balm.",56,1,Oily|Combination,100 ml,Unscented,,g-gel-cleanser.webp,g-gel-cleanser.webp,g-gel-cleanser.webp,g-gel-cleanser.webp,gel-cleanser-100-ml,,,,,,
G-GEL-CLEANSER-200-ML,Beauty,simple,beauty,Beauty,,Gel cleanser 200 ml,22,,1,1,2,0.2,"A low-foam gel with glycerin and oat, for morning and after the balm. It rinses clean without the tight feeling. The pump gives one dose for the whole face.","A low-foam gel with glycerin and oat, for morning and after the balm.",41,1,Oily|Combination,200 ml,Unscented,,g-gel-cleanser.webp,g-gel-cleanser.webp,g-gel-cleanser.webp,g-gel-cleanser.webp,gel-cleanser-200-ml,,,,,,
G-GEL-CLEANSER,Beauty,configurable,beauty,Beauty,Cleansers,Gel cleanser,22,,1,4,2,0.2,"A low-foam gel with glycerin and oat, for morning and after the balm. It rinses clean without the tight feeling. The pump gives one dose for the whole face.","A low-foam gel with glycerin and oat, for morning and after the balm.",0,1,Oily|Combination,,Unscented,,g-gel-cleanser.webp,g-gel-cleanser.webp,g-gel-cleanser.webp,g-gel-cleanser.webp,gel-cleanser,G-GEL-CLEANSER-100-ML,volume,100 ml,,,
,,,,,,,,,,,,,,,,,,,,,,,,,,G-GEL-CLEANSER-200-ML,volume,200 ml,,,
G-CLEANSE-OIL,Beauty,simple,beauty,Beauty,Cleansers,Cleansing oil,26,,1,4,2,0.2,"Sunflower and squalane, emulsifies with water and leaves no film. Two pumps in dry hands, a slow massage, then water turns it milky. Waterproof mascara comes off too.","Sunflower and squalane, emulsifies with water and leaves no film.",50,1,All skin|Dry,100 ml,Neroli,,g-cleanse-oil.webp,g-cleanse-oil.webp,g-cleanse-oil.webp,g-cleanse-oil.webp,cleansing-oil,,,,,,
G-MICELLAR,Beauty,simple,beauty,Beauty,Cleansers,Micellar water,16,,1,4,2,0.2,"A no-rinse water for the evenings when the sink is too far. Soak a cotton pad, press for five seconds, wipe once. Follow with a cleanser when you have the energy.",A no-rinse water for the evenings when the sink is too far.,14,1,All skin|Sensitive,200 ml,Unscented,,g-micellar.webp,g-micellar.webp,g-micellar.webp,g-micellar.webp,micellar-water,,,,,,
G-EXFOLIANT,Beauty,simple,beauty,Beauty,Cleansers,Enzyme exfoliant,30,,1,4,2,0.2,"Papaya enzymes and rice powder, once a week, no grains. Mix a small spoon with water in the palm until it foams. Sunday evening is the right night for it.","Papaya enzymes and rice powder, once a week, no grains.",58,1,All skin|Combination,50 ml,Unscented,,g-exfoliant.webp,g-exfoliant.webp,g-exfoliant.webp,g-exfoliant.webp,enzyme-exfoliant,,,,,,
G-FACE-CLOTH,Beauty,simple,beauty,Beauty,Cleansers,Muslin face cloths,12,,1,4,2,0.2,"Three organic muslin cloths, softer with every wash. Use one per evening and wash them together at sixty degrees. They dry on the rail by morning.","Three organic muslin cloths, softer with every wash.",19,1,All skin,,Unscented,,g-face-cloth.webp,g-face-cloth.webp,g-face-cloth.webp,g-face-cloth.webp,muslin-face-cloths,,,,,,
,,,,Beauty,Sets,,,,,,,,,,,,,,,,,,,,,,,,,,
G-VIT-C-30-ML,Beauty,simple,beauty,Beauty,,Vitamin C serum 30 ml,42,,1,1,2,0.2,"Ten percent stabilised vitamin C with ferulic acid, in a dark glass dropper. Four drops on clean skin in the morning, before sunscreen. The dark glass keeps the formula fresh for three months after opening.","Ten percent stabilised vitamin C with ferulic acid, in a dark glass dropper.",16,1,All skin|Combination,30 ml,Unscented,,g-vit-c.webp,g-vit-c.webp,g-vit-c.webp,g-vit-c.webp,vitamin-c-serum-30-ml,,,,,,
G-VIT-C-50-ML,Beauty,simple,beauty,Beauty,,Vitamin C serum 50 ml,42,,1,1,2,0.2,"Ten percent stabilised vitamin C with ferulic acid, in a dark glass dropper. Four drops on clean skin in the morning, before sunscreen. The dark glass keeps the formula fresh for three months after opening.","Ten percent stabilised vitamin C with ferulic acid, in a dark glass dropper.",57,1,All skin|Combination,50 ml,Unscented,,g-vit-c.webp,g-vit-c.webp,g-vit-c.webp,g-vit-c.webp,vitamin-c-serum-50-ml,,,,,,
G-VIT-C,Beauty,configurable,beauty,Beauty,Serums,Vitamin C serum,42,,1,4,2,0.2,"Ten percent stabilised vitamin C with ferulic acid, in a dark glass dropper. Four drops on clean skin in the morning, before sunscreen. The dark glass keeps the formula fresh for three months after opening.","Ten percent stabilised vitamin C with ferulic acid, in a dark glass dropper.",0,1,All skin|Combination,,Unscented,,g-vit-c.webp,g-vit-c.webp,g-vit-c.webp,g-vit-c.webp,vitamin-c-serum,G-VIT-C-30-ML,volume,30 ml,,,
,,,,,,,,,,,,,,,,,,,,,,,,,,G-VIT-C-50-ML,volume,50 ml,,,
G-HA-SERUM-30-ML,Beauty,simple,beauty,Beauty,,Hyaluronic serum 30 ml,32,,1,1,2,0.2,Three weights of hyaluronic acid for water that stays. Press it on damp skin so the acids have water to hold. It sits well under any cream.,Three weights of hyaluronic acid for water that stays.,56,1,All skin|Dry,30 ml,Unscented,,g-ha-serum.webp,g-ha-serum.webp,g-ha-serum.webp,g-ha-serum.webp,hyaluronic-serum-30-ml,,,,,,
G-HA-SERUM-50-ML,Beauty,simple,beauty,Beauty,,Hyaluronic serum 50 ml,32,,1,1,2,0.2,Three weights of hyaluronic acid for water that stays. Press it on damp skin so the acids have water to hold. It sits well under any cream.,Three weights of hyaluronic acid for water that stays.,17,1,All skin|Dry,50 ml,Unscented,,g-ha-serum.webp,g-ha-serum.webp,g-ha-serum.webp,g-ha-serum.webp,hyaluronic-serum-50-ml,,,,,,
G-HA-SERUM,Beauty,configurable,beauty,Beauty,Serums,Hyaluronic serum,32,,1,4,2,0.2,Three weights of hyaluronic acid for water that stays. Press it on damp skin so the acids have water to hold. It sits well under any cream.,Three weights of hyaluronic acid for water that stays.,0,1,All skin|Dry,,Unscented,,g-ha-serum.webp,g-ha-serum.webp,g-ha-serum.webp,g-ha-serum.webp,hyaluronic-serum,G-HA-SERUM-30-ML,volume,30 ml,,,
,,,,,,,,,,,,,,,,,,,,,,,,,,G-HA-SERUM-50-ML,volume,50 ml,,,
G-RETINAL,Beauty,simple,beauty,Beauty,Serums,Retinal night serum,48,,1,4,2,0.2,"Point one percent retinaldehyde in squalane, for evenings, twice a week to start. Start with two nights a week and add a night every fortnight. Always wear sunscreen the next day.","Point one percent retinaldehyde in squalane, for evenings, twice a week to start.",30,1,All skin|Combination,30 ml,Unscented,,g-retinal.webp,g-retinal.webp,g-retinal.webp,g-retinal.webp,retinal-night-serum,,,,,,
G-NIACINAMIDE,Beauty,simple,beauty,Beauty,Serums,Niacinamide serum,26,,1,4,2,0.2,"Five percent niacinamide with zinc, for pores and shine. A pea-sized amount for the T zone, morning or evening. Results show around week six.","Five percent niacinamide with zinc, for pores and shine.",59,1,Oily|Combination,30 ml,Unscented,,g-niacinamide.webp,g-niacinamide.webp,g-niacinamide.webp,g-niacinamide.webp,niacinamide-serum,,,,,,
G-PEPTIDE,Beauty,simple,beauty,Beauty,Serums,Peptide serum,52,,1,4,2,0.2,"A peptide blend for firmness, in a light lotion base. The lotion base makes it a serum and a light moisturiser in one step. Good for the neck as well.","A peptide blend for firmness, in a light lotion base.",14,1,All skin|Dry,30 ml,Unscented,,g-peptide.webp,g-peptide.webp,g-peptide.webp,g-peptide.webp,peptide-serum,,,,,,
G-EYE-SERUM,Beauty,simple,beauty,Beauty,Serums,Eye serum,36,,1,4,2,0.2,Caffeine and peptides with a cool steel tip. Keep it in the fridge and roll the tip from the inner corner outward. Two seconds per eye is enough.,Caffeine and peptides with a cool steel tip.,48,1,All skin,30 ml,Unscented,,g-eye-serum.webp,g-eye-serum.webp,g-eye-serum.webp,g-eye-serum.webp,eye-serum,,,,,,
G-DAY-CREAM-50-ML,Beauty,simple,beauty,Beauty,,Day cream SPF 30 50 ml,34,,1,1,2,0.2,"A light mineral sunscreen cream with no white cast. Zinc oxide only, tinted just enough to disappear on most skin tones. Reapply after swimming.",A light mineral sunscreen cream with no white cast.,20,1,All skin|Combination,50 ml,Unscented,,g-day-cream.webp,g-day-cream.webp,g-day-cream.webp,g-day-cream.webp,day-cream-spf-30-50-ml,,,,,,
G-DAY-CREAM-100-ML,Beauty,simple,beauty,Beauty,,Day cream SPF 30 100 ml,34,,1,1,2,0.2,"A light mineral sunscreen cream with no white cast. Zinc oxide only, tinted just enough to disappear on most skin tones. Reapply after swimming.",A light mineral sunscreen cream with no white cast.,55,1,All skin|Combination,100 ml,Unscented,,g-day-cream.webp,g-day-cream.webp,g-day-cream.webp,g-day-cream.webp,day-cream-spf-30-100-ml,,,,,,
G-DAY-CREAM,Beauty,configurable,beauty,Beauty,Moisturisers,Day cream SPF 30,34,,1,4,2,0.2,"A light mineral sunscreen cream with no white cast. Zinc oxide only, tinted just enough to disappear on most skin tones. Reapply after swimming.",A light mineral sunscreen cream with no white cast.,0,1,All skin|Combination,,Unscented,,g-day-cream.webp,g-day-cream.webp,g-day-cream.webp,g-day-cream.webp,day-cream-spf-30,G-DAY-CREAM-50-ML,volume,50 ml,,,
,,,,,,,,,,,,,,,,,,,,,,,,,,G-DAY-CREAM-100-ML,volume,100 ml,,,
G-NIGHT-CREAM-50-ML,Beauty,simple,beauty,Beauty,,Night cream 50 ml,38,,1,1,2,0.2,"Shea, ceramides and oat. The original ten-ingredient jar. A thick cream that softens into the skin overnight. Ten ingredients on the label, nothing hidden behind a fragrance.","Shea, ceramides and oat.",45,1,Dry|Sensitive,50 ml,Unscented,,g-night-cream.webp,g-night-cream.webp,g-night-cream.webp,g-night-cream.webp,night-cream-50-ml,,,,,,
G-NIGHT-CREAM-100-ML,Beauty,simple,beauty,Beauty,,Night cream 100 ml,38,,1,1,2,0.2,"Shea, ceramides and oat. The original ten-ingredient jar. A thick cream that softens into the skin overnight. Ten ingredients on the label, nothing hidden behind a fragrance.","Shea, ceramides and oat.",45,1,Dry|Sensitive,100 ml,Unscented,,g-night-cream.webp,g-night-cream.webp,g-night-cream.webp,g-night-cream.webp,night-cream-100-ml,,,,,,
G-NIGHT-CREAM,Beauty,configurable,beauty,Beauty,Moisturisers,Night cream,38,,1,4,2,0.2,"Shea, ceramides and oat. The original ten-ingredient jar. A thick cream that softens into the skin overnight. Ten ingredients on the label, nothing hidden behind a fragrance.","Shea, ceramides and oat.",0,1,Dry|Sensitive,,Unscented,,g-night-cream.webp,g-night-cream.webp,g-night-cream.webp,g-night-cream.webp,night-cream,G-NIGHT-CREAM-50-ML,volume,50 ml,,,
,,,,,,,,,,,,,,,,,,,,,,,,,,G-NIGHT-CREAM-100-ML,volume,100 ml,,,
G-LIGHT-LOTION,Beauty,simple,beauty,Beauty,Moisturisers,Light lotion,28,,1,4,2,0.2,"A gel-cream for summer and oily skin, absorbs in seconds. It gives water without oil, so makeup sits well over it. The tube fits a gym bag.","A gel-cream for summer and oily skin, absorbs in seconds.",50,1,Oily|Combination,100 ml,Unscented,,g-light-lotion.webp,g-light-lotion.webp,g-light-lotion.webp,g-light-lotion.webp,light-lotion,,,,,,
G-BALM,Beauty,simple,beauty,Beauty,Moisturisers,Repair balm,18,,1,4,2,0.2,"A thick balm for lips, cuticles, elbows and windburn. A little on the fingertip goes a long way. Keep one in the coat pocket from October to March.","A thick balm for lips, cuticles, elbows and windburn.",9,1,All skin|Dry,30 ml,Unscented,,g-balm.webp,g-balm.webp,g-balm.webp,g-balm.webp,repair-balm,,,,,,
,,,,Beauty,Body,,,,,,,,,,,,,,,,,,,,,,,,,,
G-FACE-OIL-UNSCENTED,Beauty,simple,beauty,Beauty,,Face oil Unscented,40,,1,1,2,0.2,"Rosehip, squalane and a drop of neroli, for the last step. Two drops pressed over the night cream, or mixed into it. The neroli fades in a minute.","Rosehip, squalane and a drop of neroli, for the last step.",48,1,Dry|Sensitive,30 ml,Unscented,,g-face-oil.webp,g-face-oil.webp,g-face-oil.webp,g-face-oil.webp,face-oil-unscented,,,,,,
G-FACE-OIL-NEROLI,Beauty,simple,beauty,Beauty,,Face oil Neroli,40,,1,1,2,0.2,"Rosehip, squalane and a drop of neroli, for the last step. Two drops pressed over the night cream, or mixed into it. The neroli fades in a minute.","Rosehip, squalane and a drop of neroli, for the last step.",8,1,Dry|Sensitive,30 ml,Neroli,,g-face-oil.webp,g-face-oil.webp,g-face-oil.webp,g-face-oil.webp,face-oil-neroli,,,,,,
G-FACE-OIL,Beauty,configurable,beauty,Beauty,Moisturisers,Face oil,40,,1,4,2,0.2,"Rosehip, squalane and a drop of neroli, for the last step. Two drops pressed over the night cream, or mixed into it. The neroli fades in a minute.","Rosehip, squalane and a drop of neroli, for the last step.",0,1,Dry|Sensitive,30 ml,,,g-face-oil.webp,g-face-oil.webp,g-face-oil.webp,g-face-oil.webp,face-oil,G-FACE-OIL-UNSCENTED,scent,Unscented,,,
,,,,,,,,,,,,,,,,,,,,,,,,,,G-FACE-OIL-NEROLI,scent,Neroli,,,
G-FACE-MIST,Beauty,simple,beauty,Beauty,Moisturisers,Hydrating mist,20,,1,4,2,0.2,"Rose water and glycerin, for planes and afternoons. A fine spray from thirty centimetres, eyes closed. It sets makeup and revives it at four in the afternoon.","Rose water and glycerin, for planes and afternoons.",59,1,All skin,100 ml,Rose,,g-face-mist.webp,g-face-mist.webp,g-face-mist.webp,g-face-mist.webp,hydrating-mist,,,,,,
G-BODY-WASH-UNSCENTED,Beauty,simple,beauty,Beauty,,Body wash Unscented,22,,1,1,2,0.2,"A creamy wash with oat and glycerin in a refillable bottle. The glass bottle comes once and the refill pouches come after. The oat leaves the skin soft, not slippery.",A creamy wash with oat and glycerin in a refillable bottle.,35,1,All skin,250 ml,Unscented,,g-body-wash.webp,g-body-wash.webp,g-body-wash.webp,g-body-wash.webp,body-wash-unscented,,,,,,
G-BODY-WASH-FIG,Beauty,simple,beauty,Beauty,,Body wash Fig,22,,1,1,2,0.2,"A creamy wash with oat and glycerin in a refillable bottle. The glass bottle comes once and the refill pouches come after. The oat leaves the skin soft, not slippery.",A creamy wash with oat and glycerin in a refillable bottle.,32,1,All skin,250 ml,Fig,,g-body-wash.webp,g-body-wash.webp,g-body-wash.webp,g-body-wash.webp,body-wash-fig,,,,,,
G-BODY-WASH-CEDAR,Beauty,simple,beauty,Beauty,,Body wash Cedar,22,,1,1,2,0.2,"A creamy wash with oat and glycerin in a refillable bottle. The glass bottle comes once and the refill pouches come after. The oat leaves the skin soft, not slippery.",A creamy wash with oat and glycerin in a refillable bottle.,26,1,All skin,250 ml,Cedar,,g-body-wash.webp,g-body-wash.webp,g-body-wash.webp,g-body-wash.webp,body-wash-cedar,,,,,,
G-BODY-WASH,Beauty,configurable,beauty,Beauty,Body,Body wash,22,,1,4,2,0.2,"A creamy wash with oat and glycerin in a refillable bottle. The glass bottle comes once and the refill pouches come after. The oat leaves the skin soft, not slippery.",A creamy wash with oat and glycerin in a refillable bottle.,0,1,All skin,250 ml,,,g-body-wash.webp,g-body-wash.webp,g-body-wash.webp,g-body-wash.webp,body-wash,G-BODY-WASH-UNSCENTED,scent,Unscented,,,
,,,,,,,,,,,,,,,,,,,,,,,,,,G-BODY-WASH-FIG,scent,Fig,,,
,,,,,,,,,,,,,,,,,,,,,,,,,,G-BODY-WASH-CEDAR,scent,Cedar,,,
G-BODY-OIL-NEROLI,Beauty,simple,beauty,Beauty,,Dry body oil Neroli,30,,1,1,2,0.2,"A fast-absorbing oil for after the shower, no residue. Spray on damp skin after the shower and get dressed straight away. It sinks in before the towel is folded.","A fast-absorbing oil for after the shower, no residue.",19,1,All skin|Dry,100 ml,Neroli,,g-body-oil.webp,g-body-oil.webp,g-body-oil.webp,g-body-oil.webp,dry-body-oil-neroli,,,,,,
G-BODY-OIL-FIG,Beauty,simple,beauty,Beauty,,Dry body oil Fig,30,,1,1,2,0.2,"A fast-absorbing oil for after the shower, no residue. Spray on damp skin after the shower and get dressed straight away. It sinks in before the towel is folded.","A fast-absorbing oil for after the shower, no residue.",53,1,All skin|Dry,100 ml,Fig,,g-body-oil.webp,g-body-oil.webp,g-body-oil.webp,g-body-oil.webp,dry-body-oil-fig,,,,,,
G-BODY-OIL,Beauty,configurable,beauty,Beauty,Body,Dry body oil,30,,1,4,2,0.2,"A fast-absorbing oil for after the shower, no residue. Spray on damp skin after the shower and get dressed straight away. It sinks in before the towel is folded.","A fast-absorbing oil for after the shower, no residue.",0,1,All skin|Dry,100 ml,,,g-body-oil.webp,g-body-oil.webp,g-body-oil.webp,g-body-oil.webp,dry-body-oil,G-BODY-OIL-NEROLI,scent,Neroli,,,
,,,,,,,,,,,,,,,,,,,,,,,,,,G-BODY-OIL-FIG,scent,Fig,,,
G-HAND-CREAM-UNSCENTED,Beauty,simple,beauty,Beauty,,Hand cream Unscented,14,,1,1,2,0.2,A non-greasy hand cream in an aluminium tube. It absorbs before you touch the keyboard. The tube survives a handbag for a year.,A non-greasy hand cream in an aluminium tube.,44,1,All skin,50 ml,Unscented,,g-hand-cream.webp,g-hand-cream.webp,g-hand-cream.webp,g-hand-cream.webp,hand-cream-unscented,,,,,,
G-HAND-CREAM-ROSE,Beauty,simple,beauty,Beauty,,Hand cream Rose,14,,1,1,2,0.2,A non-greasy hand cream in an aluminium tube. It absorbs before you touch the keyboard. The tube survives a handbag for a year.,A non-greasy hand cream in an aluminium tube.,59,1,All skin,50 ml,Rose,,g-hand-cream.webp,g-hand-cream.webp,g-hand-cream.webp,g-hand-cream.webp,hand-cream-rose,,,,,,
G-HAND-CREAM-CITRUS,Beauty,simple,beauty,Beauty,,Hand cream Citrus,14,,1,1,2,0.2,A non-greasy hand cream in an aluminium tube. It absorbs before you touch the keyboard. The tube survives a handbag for a year.,A non-greasy hand cream in an aluminium tube.,14,1,All skin,50 ml,Citrus,,g-hand-cream.webp,g-hand-cream.webp,g-hand-cream.webp,g-hand-cream.webp,hand-cream-citrus,,,,,,
G-HAND-CREAM,Beauty,configurable,beauty,Beauty,Body,Hand cream,14,,1,4,2,0.2,A non-greasy hand cream in an aluminium tube. It absorbs before you touch the keyboard. The tube survives a handbag for a year.,A non-greasy hand cream in an aluminium tube.,0,1,All skin,50 ml,,,g-hand-cream.webp,g-hand-cream.webp,g-hand-cream.webp,g-hand-cream.webp,hand-cream,G-HAND-CREAM-UNSCENTED,scent,Unscented,,,
,,,,,,,,,,,,,,,,,,,,,,,,,,G-HAND-CREAM-ROSE,scent,Rose,,,
,,,,,,,,,,,,,,,,,,,,,,,,,,G-HAND-CREAM-CITRUS,scent,Citrus,,,
,,,,Beauty,Sets,,,,,,,,,,,,,,,,,,,,,,,,,,
G-BODY-CREAM,Beauty,simple,beauty,Beauty,Body,Body cream,26,,1,4,2,0.2,"Shea and oat for winter skin, in a wide jar. Rich enough for shins in January and elbows all year. The wide jar makes it easy to reach the last spoon.","Shea and oat for winter skin, in a wide jar.",33,1,Dry|Sensitive,200 ml,Unscented,,g-body-cream.webp,g-body-cream.webp,g-body-cream.webp,g-body-cream.webp,body-cream,,,,,,
G-SOAP-BAR-UNSCENTED,Beauty,simple,beauty,Beauty,,Cold-process soap Unscented,9,,1,1,2,0.2,"Olive and coconut oil soap, cured six weeks. The bar keeps its shape in the shower if it rests on a slatted dish. Unscented, so it suits the whole family.","Olive and coconut oil soap, cured six weeks.",32,1,All skin,,Unscented,,g-soap-bar.webp,g-soap-bar.webp,g-soap-bar.webp,g-soap-bar.webp,cold-process-soap-unscented,,,,,,
G-SOAP-BAR-CEDAR,Beauty,simple,beauty,Beauty,,Cold-process soap Cedar,9,,1,1,2,0.2,"Olive and coconut oil soap, cured six weeks. The bar keeps its shape in the shower if it rests on a slatted dish. Unscented, so it suits the whole family.","Olive and coconut oil soap, cured six weeks.",13,1,All skin,,Cedar,,g-soap-bar.webp,g-soap-bar.webp,g-soap-bar.webp,g-soap-bar.webp,cold-process-soap-cedar,,,,,,
G-SOAP-BAR-CITRUS,Beauty,simple,beauty,Beauty,,Cold-process soap Citrus,9,,1,1,2,0.2,"Olive and coconut oil soap, cured six weeks. The bar keeps its shape in the shower if it rests on a slatted dish. Unscented, so it suits the whole family.","Olive and coconut oil soap, cured six weeks.",35,1,All skin,,Citrus,,g-soap-bar.webp,g-soap-bar.webp,g-soap-bar.webp,g-soap-bar.webp,cold-process-soap-citrus,,,,,,
G-SOAP-BAR,Beauty,configurable,beauty,Beauty,Body,Cold-process soap,9,,1,4,2,0.2,"Olive and coconut oil soap, cured six weeks. The bar keeps its shape in the shower if it rests on a slatted dish. Unscented, so it suits the whole family.","Olive and coconut oil soap, cured six weeks.",0,1,All skin,,,,g-soap-bar.webp,g-soap-bar.webp,g-soap-bar.webp,g-soap-bar.webp,cold-process-soap,G-SOAP-BAR-UNSCENTED,scent,Unscented,,,
,,,,,,,,,,,,,,,,,,,,,,,,,,G-SOAP-BAR-CEDAR,scent,Cedar,,,
,,,,,,,,,,,,,,,,,,,,,,,,,,G-SOAP-BAR-CITRUS,scent,Citrus,,,
G-DEODORANT-UNSCENTED,Beauty,simple,beauty,Beauty,,Cream deodorant Unscented,15,,1,1,2,0.2,A baking-soda-free cream deodorant in a glass jar. A pea-sized amount warmed between the fingers is enough for a day. It does not stain shirts.,A baking-soda-free cream deodorant in a glass jar.,20,1,All skin|Sensitive,50 ml,Unscented,,g-deodorant.webp,g-deodorant.webp,g-deodorant.webp,g-deodorant.webp,cream-deodorant-unscented,,,,,,
G-DEODORANT-CEDAR,Beauty,simple,beauty,Beauty,,Cream deodorant Cedar,15,,1,1,2,0.2,A baking-soda-free cream deodorant in a glass jar. A pea-sized amount warmed between the fingers is enough for a day. It does not stain shirts.,A baking-soda-free cream deodorant in a glass jar.,47,1,All skin|Sensitive,50 ml,Cedar,,g-deodorant.webp,g-deodorant.webp,g-deodorant.webp,g-deodorant.webp,cream-deodorant-cedar,,,,,,
G-DEODORANT,Beauty,configurable,beauty,Beauty,Body,Cream deodorant,15,,1,4,2,0.2,A baking-soda-free cream deodorant in a glass jar. A pea-sized amount warmed between the fingers is enough for a day. It does not stain shirts.,A baking-soda-free cream deodorant in a glass jar.,0,1,All skin|Sensitive,50 ml,,,g-deodorant.webp,g-deodorant.webp,g-deodorant.webp,g-deodorant.webp,cream-deodorant,G-DEODORANT-UNSCENTED,scent,Unscented,,,
,,,,,,,,,,,,,,,,,,,,,,,,,,G-DEODORANT-CEDAR,scent,Cedar,,,
G-LIP-BALM,Beauty,simple,beauty,Beauty,Body,Lip balm,8,,1,4,2,0.2,Beeswax and shea in a paper tube. The paper tube pushes up from the bottom and goes in the compost when it is done. Faintly sweet from the beeswax.,Beeswax and shea in a paper tube.,31,1,All skin,,Unscented,,g-lip-balm.webp,g-lip-balm.webp,g-lip-balm.webp,g-lip-balm.webp,lip-balm,,,,,,
,,,,Beauty,Sets,,,,,,,,,,,,,,,,,,,,,,,,,,
G-EDP-FIG-30-ML,Beauty,simple,beauty,Beauty,,Fig eau de parfum 30 ml,68,,1,1,2,0.2,"Green fig, milk and cedar. Five notes. It opens green and settles into milk and cedar after an hour. Lasts a working day on skin.","Green fig, milk and cedar.",59,1,,30 ml,Fig,,g-edp-fig.webp,g-edp-fig.webp,g-edp-fig.webp,g-edp-fig.webp,fig-eau-de-parfum-30-ml,,,,,,
G-EDP-FIG-50-ML,Beauty,simple,beauty,Beauty,,Fig eau de parfum 50 ml,68,,1,1,2,0.2,"Green fig, milk and cedar. Five notes. It opens green and settles into milk and cedar after an hour. Lasts a working day on skin.","Green fig, milk and cedar.",17,1,,50 ml,Fig,,g-edp-fig.webp,g-edp-fig.webp,g-edp-fig.webp,g-edp-fig.webp,fig-eau-de-parfum-50-ml,,,,,,
G-EDP-FIG,Beauty,configurable,beauty,Beauty,Fragrance,Fig eau de parfum,68,,1,4,2,0.2,"Green fig, milk and cedar. Five notes. It opens green and settles into milk and cedar after an hour. Lasts a working day on skin.","Green fig, milk and cedar.",0,1,,,Fig,,g-edp-fig.webp,g-edp-fig.webp,g-edp-fig.webp,g-edp-fig.webp,fig-eau-de-parfum,G-EDP-FIG-30-ML,volume,30 ml,,,
,,,,,,,,,,,,,,,,,,,,,,,,,,G-EDP-FIG-50-ML,volume,50 ml,,,
G-EDP-NEROLI-30-ML,Beauty,simple,beauty,Beauty,,Neroli eau de parfum 30 ml,68,,1,1,2,0.2,"Orange blossom, petitgrain and a little musk. Bright in the morning, soft by lunch. Made for warm weather and white shirts.","Orange blossom, petitgrain and a little musk.",51,1,,30 ml,Neroli,,g-edp-neroli.webp,g-edp-neroli.webp,g-edp-neroli.webp,g-edp-neroli.webp,neroli-eau-de-parfum-30-ml,,,,,,
G-EDP-NEROLI-50-ML,Beauty,simple,beauty,Beauty,,Neroli eau de parfum 50 ml,68,,1,1,2,0.2,"Orange blossom, petitgrain and a little musk. Bright in the morning, soft by lunch. Made for warm weather and white shirts.","Orange blossom, petitgrain and a little musk.",56,1,,50 ml,Neroli,,g-edp-neroli.webp,g-edp-neroli.webp,g-edp-neroli.webp,g-edp-neroli.webp,neroli-eau-de-parfum-50-ml,,,,,,
G-EDP-NEROLI,Beauty,configurable,beauty,Beauty,Fragrance,Neroli eau de parfum,68,,1,4,2,0.2,"Orange blossom, petitgrain and a little musk. Bright in the morning, soft by lunch. Made for warm weather and white shirts.","Orange blossom, petitgrain and a little musk.",0,1,,,Neroli,,g-edp-neroli.webp,g-edp-neroli.webp,g-edp-neroli.webp,g-edp-neroli.webp,neroli-eau-de-parfum,G-EDP-NEROLI-30-ML,volume,30 ml,,,
,,,,,,,,,,,,,,,,,,,,,,,,,,G-EDP-NEROLI-50-ML,volume,50 ml,,,
G-EDP-CEDAR-30-ML,Beauty,simple,beauty,Beauty,,Cedar eau de parfum 30 ml,68,,1,1,2,0.2,"Cedar, vetiver and black pepper. Warm and dry. A dry, quiet scent that stays close to the skin. The pepper fades first and the cedar stays until evening.","Cedar, vetiver and black pepper.",21,1,,30 ml,Cedar,,g-edp-cedar.webp,g-edp-cedar.webp,g-edp-cedar.webp,g-edp-cedar.webp,cedar-eau-de-parfum-30-ml,,,,,,
G-EDP-CEDAR-50-ML,Beauty,simple,beauty,Beauty,,Cedar eau de parfum 50 ml,68,,1,1,2,0.2,"Cedar, vetiver and black pepper. Warm and dry. A dry, quiet scent that stays close to the skin. The pepper fades first and the cedar stays until evening.","Cedar, vetiver and black pepper.",16,1,,50 ml,Cedar,,g-edp-cedar.webp,g-edp-cedar.webp,g-edp-cedar.webp,g-edp-cedar.webp,cedar-eau-de-parfum-50-ml,,,,,,
G-EDP-CEDAR,Beauty,configurable,beauty,Beauty,Fragrance,Cedar eau de parfum,68,,1,4,2,0.2,"Cedar, vetiver and black pepper. Warm and dry. A dry, quiet scent that stays close to the skin. The pepper fades first and the cedar stays until evening.","Cedar, vetiver and black pepper.",0,1,,,Cedar,,g-edp-cedar.webp,g-edp-cedar.webp,g-edp-cedar.webp,g-edp-cedar.webp,cedar-eau-de-parfum,G-EDP-CEDAR-30-ML,volume,30 ml,,,
,,,,,,,,,,,,,,,,,,,,,,,,,,G-EDP-CEDAR-50-ML,volume,50 ml,,,
G-SOLID-SCENT-FIG,Beauty,simple,beauty,Beauty,,Solid perfume Fig,24,,1,1,2,0.2,"The same five notes in a beeswax base, in a pocket tin. Warm it with a fingertip and press on the wrists. The tin fits a pocket and never spills.","The same five notes in a beeswax base, in a pocket tin.",59,1,,,Fig,,g-solid-scent.webp,g-solid-scent.webp,g-solid-scent.webp,g-solid-scent.webp,solid-perfume-fig,,,,,,
G-SOLID-SCENT-NEROLI,Beauty,simple,beauty,Beauty,,Solid perfume Neroli,24,,1,1,2,0.2,"The same five notes in a beeswax base, in a pocket tin. Warm it with a fingertip and press on the wrists. The tin fits a pocket and never spills.","The same five notes in a beeswax base, in a pocket tin.",16,1,,,Neroli,,g-solid-scent.webp,g-solid-scent.webp,g-solid-scent.webp,g-solid-scent.webp,solid-perfume-neroli,,,,,,
G-SOLID-SCENT-CEDAR,Beauty,simple,beauty,Beauty,,Solid perfume Cedar,24,,1,1,2,0.2,"The same five notes in a beeswax base, in a pocket tin. Warm it with a fingertip and press on the wrists. The tin fits a pocket and never spills.","The same five notes in a beeswax base, in a pocket tin.",38,1,,,Cedar,,g-solid-scent.webp,g-solid-scent.webp,g-solid-scent.webp,g-solid-scent.webp,solid-perfume-cedar,,,,,,
G-SOLID-SCENT-ROSE,Beauty,simple,beauty,Beauty,,Solid perfume Rose,24,,1,1,2,0.2,"The same five notes in a beeswax base, in a pocket tin. Warm it with a fingertip and press on the wrists. The tin fits a pocket and never spills.","The same five notes in a beeswax base, in a pocket tin.",21,1,,,Rose,,g-solid-scent.webp,g-solid-scent.webp,g-solid-scent.webp,g-solid-scent.webp,solid-perfume-rose,,,,,,
G-SOLID-SCENT,Beauty,configurable,beauty,Beauty,Fragrance,Solid perfume,24,,1,4,2,0.2,"The same five notes in a beeswax base, in a pocket tin. Warm it with a fingertip and press on the wrists. The tin fits a pocket and never spills.","The same five notes in a beeswax base, in a pocket tin.",0,1,,,,,g-solid-scent.webp,g-solid-scent.webp,g-solid-scent.webp,g-solid-scent.webp,solid-perfume,G-SOLID-SCENT-FIG,scent,Fig,,,
,,,,,,,,,,,,,,,,,,,,,,,,,,G-SOLID-SCENT-NEROLI,scent,Neroli,,,
,,,,,,,,,,,,,,,,,,,,,,,,,,G-SOLID-SCENT-CEDAR,scent,Cedar,,,
,,,,,,,,,,,,,,,,,,,,,,,,,,G-SOLID-SCENT-ROSE,scent,Rose,,,
G-ROOM-MIST-FIG,Beauty,simple,beauty,Beauty,,Linen mist Fig,22,,1,1,2,0.2,"A light mist for sheets and towels. Two sprays on the pillow before bed, or on towels fresh from the line. It dries without marks.",A light mist for sheets and towels.,34,1,,100 ml,Fig,,g-room-mist.webp,g-room-mist.webp,g-room-mist.webp,g-room-mist.webp,linen-mist-fig,,,,,,
G-ROOM-MIST-CITRUS,Beauty,simple,beauty,Beauty,,Linen mist Citrus,22,,1,1,2,0.2,"A light mist for sheets and towels. Two sprays on the pillow before bed, or on towels fresh from the line. It dries without marks.",A light mist for sheets and towels.,53,1,,100 ml,Citrus,,g-room-mist.webp,g-room-mist.webp,g-room-mist.webp,g-room-mist.webp,linen-mist-citrus,,,,,,
G-ROOM-MIST,Beauty,configurable,beauty,Beauty,Fragrance,Linen mist,22,,1,4,2,0.2,"A light mist for sheets and towels. Two sprays on the pillow before bed, or on towels fresh from the line. It dries without marks.",A light mist for sheets and towels.,0,1,,100 ml,,,g-room-mist.webp,g-room-mist.webp,g-room-mist.webp,g-room-mist.webp,linen-mist,G-ROOM-MIST-FIG,scent,Fig,,,
,,,,,,,,,,,,,,,,,,,,,,,,,,G-ROOM-MIST-CITRUS,scent,Citrus,,,
G-CANDLE-FIG,Beauty,simple,beauty,Beauty,,Soy candle Fig,32,,1,1,2,0.2,"A forty-hour soy candle in a reusable glass. Trim the wick to five millimetres before each burn. Once the wax is gone, the glass holds pens.",A forty-hour soy candle in a reusable glass.,11,1,,,Fig,,g-candle.webp,g-candle.webp,g-candle.webp,g-candle.webp,soy-candle-fig,,,,,,
G-CANDLE-CEDAR,Beauty,simple,beauty,Beauty,,Soy candle Cedar,32,,1,1,2,0.2,"A forty-hour soy candle in a reusable glass. Trim the wick to five millimetres before each burn. Once the wax is gone, the glass holds pens.",A forty-hour soy candle in a reusable glass.,30,1,,,Cedar,,g-candle.webp,g-candle.webp,g-candle.webp,g-candle.webp,soy-candle-cedar,,,,,,
G-CANDLE-ROSE,Beauty,simple,beauty,Beauty,,Soy candle Rose,32,,1,1,2,0.2,"A forty-hour soy candle in a reusable glass. Trim the wick to five millimetres before each burn. Once the wax is gone, the glass holds pens.",A forty-hour soy candle in a reusable glass.,53,1,,,Rose,,g-candle.webp,g-candle.webp,g-candle.webp,g-candle.webp,soy-candle-rose,,,,,,
G-CANDLE,Beauty,configurable,beauty,Beauty,Fragrance,Soy candle,32,,1,4,2,0.2,"A forty-hour soy candle in a reusable glass. Trim the wick to five millimetres before each burn. Once the wax is gone, the glass holds pens.",A forty-hour soy candle in a reusable glass.,0,1,,,,,g-candle.webp,g-candle.webp,g-candle.webp,g-candle.webp,soy-candle,G-CANDLE-FIG,scent,Fig,,,
,,,,,,,,,,,,,,,,,,,,,,,,,,G-CANDLE-CEDAR,scent,Cedar,,,
,,,,,,,,,,,,,,,,,,,,,,,,,,G-CANDLE-ROSE,scent,Rose,,,
G-DISCOVERY,Beauty,simple,beauty,Beauty,Fragrance,Fragrance discovery set,20,,1,4,2,0.2,"Three 2 ml vials of the eau de parfums, credited against a full bottle. Try each vial for a day before deciding. The price comes off the full bottle you choose afterwards.","Three 2 ml vials of the eau de parfums, credited against a full bottle.",21,1,,,,,g-discovery.webp,g-discovery.webp,g-discovery.webp,g-discovery.webp,fragrance-discovery-set,,,,,,
,,,,Beauty,Sets,,,,,,,,,,,,,,,,,,,,,,,,,,
G-AM-ROUTINE,Beauty,grouped,beauty,Beauty,Sets,Morning routine,90,,1,4,2,0.2,"Gel cleanser, vitamin C and day cream, at a saving. Three steps in the order they are listed, five minutes in total. The set costs less than the three bought apart.","Gel cleanser, vitamin C and day cream, at a saving.",0,1,All skin,,Unscented,,g-am-routine.webp,g-am-routine.webp,g-am-routine.webp,g-am-routine.webp,morning-routine,,,,G-GEL-CLEANSER-100-ML,1,1
,,,,,,,,,,,,,,,,,,,,,,,,,,,,,G-VIT-C-30-ML,1,2
,,,,,,,,,,,,,,,,,,,,,,,,,,,,,G-DAY-CREAM-50-ML,1,3
G-PM-ROUTINE,Beauty,grouped,beauty,Beauty,Sets,Evening routine,100,,1,4,2,0.2,"Cleansing balm, retinal serum and night cream. Balm first, serum on dry skin, cream last. Start the serum slowly, the leaflet explains how.","Cleansing balm, retinal serum and night cream.",0,1,All skin,,Unscented,,g-pm-routine.webp,g-pm-routine.webp,g-pm-routine.webp,g-pm-routine.webp,evening-routine,,,,G-CLEANSE-BALM-50-ML,1,1
,,,,,,,,,,,,,,,,,,,,,,,,,,,,,G-RETINAL,1,2
,,,,,,,,,,,,,,,,,,,,,,,,,,,,,G-NIGHT-CREAM-50-ML,1,3
G-TRAVEL-KIT,Beauty,simple,beauty,Beauty,Sets,Travel kit,34,,1,4,2,0.2,"Five 30 ml bottles in a linen pouch, cabin approved. Cleanser, serum, day cream, night cream and body wash in bottles that pass security. The pouch washes at forty degrees.","Five 30 ml bottles in a linen pouch, cabin approved.",47,1,All skin,30 ml,Unscented,,g-travel-kit.webp,g-travel-kit.webp,g-travel-kit.webp,g-travel-kit.webp,travel-kit,,,,,,
G-HAND-SET,Beauty,grouped,beauty,Beauty,Sets,Hand care set,28,,1,4,2,0.2,"Hand cream, repair balm and a nail oil in a small box. Everything for hands that garden, type and wash too often. The box is ready to give.","Hand cream, repair balm and a nail oil in a small box.",0,1,All skin,,Unscented,,g-hand-set.webp,g-hand-set.webp,g-hand-set.webp,g-hand-set.webp,hand-care-set,,,,G-HAND-CREAM-UNSCENTED,1,1
,,,,,,,,,,,,,,,,,,,,,,,,,,,,,G-BALM,1,2
,,,,,,,,,,,,,,,,,,,,,,,,,,,,,G-LIP-BALM,1,3
,,,,Beauty,Body,,,,,,,,,,,,,,,,,,,,,,,,,,
G-HEADBAND,Beauty,simple,beauty,Beauty,Sets,Spa headband,10,,1,4,2,0.2,A soft cotton terry headband for cleansing. It keeps hair off the face while the balm does its work. Machine washable.,A soft cotton terry headband for cleansing.,26,1,,,,,g-headband.webp,g-headband.webp,g-headband.webp,g-headband.webp,spa-headband,,,,,,
G-GUA-SHA,Beauty,simple,beauty,Beauty,Sets,Jade gua sha,18,,1,4,2,0.2,"A jade tool for the face oil step. Cool stone, slow strokes from the centre of the face outward. A minute each side, after the face oil.",A jade tool for the face oil step.,44,1,,,,,g-gua-sha.webp,g-gua-sha.webp,g-gua-sha.webp,g-gua-sha.webp,jade-gua-sha,,,,,,
G-GIFT-CARD,Beauty,virtual,beauty,Beauty,Sets,Glow gift card,50,,1,4,2,0.2,"A gift card by email, for a routine they choose. Delivered by email within the hour, with a message of your own. Valid for a year on everything in the store.","A gift card by email, for a routine they choose.",49,1,,,,,g-gift-card.webp,g-gift-card.webp,g-gift-card.webp,g-gift-card.webp,glow-gift-card,,,,,,
