sku,_attribute_set,_type,_product_websites,_root_category,_category,name,price,special_price,status,visibility,tax_class_id,weight,description,short_description,qty,is_in_stock,light,hardiness,pot_size,material,dimensions,_media_image,image,small_image,thumbnail,url_key,_super_products_sku,_super_attribute_code,_super_attribute_option,_associated_sku,_associated_default_qty,_associated_position
N-MONSTERA-17-CM,Garden,simple,garden,Garden,,Monstera deliciosa 17 cm,32,,1,1,2,2,"The split-leaf climber. Bright indirect light, water when the top is dry. Delivered in a 19 cm pot at about 70 cm tall, with a moss pole. It grows a leaf a month in summer.",The split-leaf climber.,12,1,Indoor bright,Indoor,17 cm,Terracotta,,n-monstera.webp,n-monstera.webp,n-monstera.webp,n-monstera.webp,monstera-deliciosa-17-cm,,,,,,
N-MONSTERA-21-CM,Garden,simple,garden,Garden,,Monstera deliciosa 21 cm,32,,1,1,2,2,"The split-leaf climber. Bright indirect light, water when the top is dry. Delivered in a 19 cm pot at about 70 cm tall, with a moss pole. It grows a leaf a month in summer.",The split-leaf climber.,17,1,Indoor bright,Indoor,21 cm,Terracotta,,n-monstera.webp,n-monstera.webp,n-monstera.webp,n-monstera.webp,monstera-deliciosa-21-cm,,,,,,
N-MONSTERA-30-CM,Garden,simple,garden,Garden,,Monstera deliciosa 30 cm,32,,1,1,2,2,"The split-leaf climber. Bright indirect light, water when the top is dry. Delivered in a 19 cm pot at about 70 cm tall, with a moss pole. It grows a leaf a month in summer.",The split-leaf climber.,29,1,Indoor bright,Indoor,30 cm,Terracotta,,n-monstera.webp,n-monstera.webp,n-monstera.webp,n-monstera.webp,monstera-deliciosa-30-cm,,,,,,
N-MONSTERA,Garden,configurable,garden,Garden,Houseplants,Monstera deliciosa,32,,1,4,2,2,"The split-leaf climber. Bright indirect light, water when the top is dry. Delivered in a 19 cm pot at about 70 cm tall, with a moss pole. It grows a leaf a month in summer.",The split-leaf climber.,0,1,Indoor bright,Indoor,,Terracotta,,n-monstera.webp,n-monstera.webp,n-monstera.webp,n-monstera.webp,monstera-deliciosa,N-MONSTERA-17-CM,pot_size,17 cm,,,
,,,,,,,,,,,,,,,,,,,,,,,,,,,N-MONSTERA-21-CM,pot_size,21 cm,,,
,,,,,,,,,,,,,,,,,,,,,,,,,,,N-MONSTERA-30-CM,pot_size,30 cm,,,
N-FERN-12-CM,Garden,simple,garden,Garden,,Boston fern 12 cm,22,,1,1,2,2,"A full fern for a bathroom or a north window. Keep it moist. A 17 cm pot with a full, arching crown. Mist it in a dry room and it stays green.",A full fern for a bathroom or a north window.,47,1,Indoor low,Indoor,12 cm,Terracotta,,n-fern.webp,n-fern.webp,n-fern.webp,n-fern.webp,boston-fern-12-cm,,,,,,
N-FERN-17-CM,Garden,simple,garden,Garden,,Boston fern 17 cm,22,,1,1,2,2,"A full fern for a bathroom or a north window. Keep it moist. A 17 cm pot with a full, arching crown. Mist it in a dry room and it stays green.",A full fern for a bathroom or a north window.,34,1,Indoor low,Indoor,17 cm,Terracotta,,n-fern.webp,n-fern.webp,n-fern.webp,n-fern.webp,boston-fern-17-cm,,,,,,
N-FERN,Garden,configurable,garden,Garden,Houseplants,Boston fern,22,,1,4,2,2,"A full fern for a bathroom or a north window. Keep it moist. A 17 cm pot with a full, arching crown. Mist it in a dry room and it stays green.",A full fern for a bathroom or a north window.,0,1,Indoor low,Indoor,,Terracotta,,n-fern.webp,n-fern.webp,n-fern.webp,n-fern.webp,boston-fern,N-FERN-12-CM,pot_size,12 cm,,,
,,,,,,,,,,,,,,,,,,,,,,,,,,,N-FERN-17-CM,pot_size,17 cm,,,
N-PILEA,Garden,simple,garden,Garden,Houseplants,Pilea,16,,1,4,2,2,"The pancake plant. Easy, and it makes babies to give away. A 12 cm pot with a healthy young plant. Turn it weekly so it grows straight.",The pancake plant.,23,1,Indoor bright,Indoor,12 cm,Terracotta,,n-pilea.webp,n-pilea.webp,n-pilea.webp,n-pilea.webp,pilea,,,,,,
N-SNAKE-PLANT-12-CM,Garden,simple,garden,Garden,,Snake plant 12 cm,24,,1,1,2,2,Survives neglect and low light. Water once a month. A 14 cm pot at about 50 cm tall. It tolerates a dark hallway and forgets you were away.,Survives neglect and low light.,47,1,Indoor low,Indoor,12 cm,Terracotta,,n-snake-plant.webp,n-snake-plant.webp,n-snake-plant.webp,n-snake-plant.webp,snake-plant-12-cm,,,,,,
N-SNAKE-PLANT-17-CM,Garden,simple,garden,Garden,,Snake plant 17 cm,24,,1,1,2,2,Survives neglect and low light. Water once a month. A 14 cm pot at about 50 cm tall. It tolerates a dark hallway and forgets you were away.,Survives neglect and low light.,42,1,Indoor low,Indoor,17 cm,Terracotta,,n-snake-plant.webp,n-snake-plant.webp,n-snake-plant.webp,n-snake-plant.webp,snake-plant-17-cm,,,,,,
N-SNAKE-PLANT-21-CM,Garden,simple,garden,Garden,,Snake plant 21 cm,24,,1,1,2,2,Survives neglect and low light. Water once a month. A 14 cm pot at about 50 cm tall. It tolerates a dark hallway and forgets you were away.,Survives neglect and low light.,28,1,Indoor low,Indoor,21 cm,Terracotta,,n-snake-plant.webp,n-snake-plant.webp,n-snake-plant.webp,n-snake-plant.webp,snake-plant-21-cm,,,,,,
N-SNAKE-PLANT,Garden,configurable,garden,Garden,Houseplants,Snake plant,24,,1,4,2,2,Survives neglect and low light. Water once a month. A 14 cm pot at about 50 cm tall. It tolerates a dark hallway and forgets you were away.,Survives neglect and low light.,0,1,Indoor low,Indoor,,Terracotta,,n-snake-plant.webp,n-snake-plant.webp,n-snake-plant.webp,n-snake-plant.webp,snake-plant,N-SNAKE-PLANT-12-CM,pot_size,12 cm,,,
,,,,,,,,,,,,,,,,,,,,,,,,,,,N-SNAKE-PLANT-17-CM,pot_size,17 cm,,,
,,,,,,,,,,,,,,,,,,,,,,,,,,,N-SNAKE-PLANT-21-CM,pot_size,21 cm,,,
N-FICUS-21-CM,Garden,simple,garden,Garden,,Fiddle leaf fig 21 cm,48,,1,1,2,2,A statement tree for a bright corner. Do not move it once it is happy. A 24 cm pot at about 120 cm tall. It needs a bright spot and a steady routine.,A statement tree for a bright corner.,53,1,Indoor bright,Indoor,21 cm,Terracotta,,n-ficus.webp,n-ficus.webp,n-ficus.webp,n-ficus.webp,fiddle-leaf-fig-21-cm,,,,,,
N-FICUS-30-CM,Garden,simple,garden,Garden,,Fiddle leaf fig 30 cm,48,,1,1,2,2,A statement tree for a bright corner. Do not move it once it is happy. A 24 cm pot at about 120 cm tall. It needs a bright spot and a steady routine.,A statement tree for a bright corner.,14,1,Indoor bright,Indoor,30 cm,Terracotta,,n-ficus.webp,n-ficus.webp,n-ficus.webp,n-ficus.webp,fiddle-leaf-fig-30-cm,,,,,,
N-FICUS,Garden,configurable,garden,Garden,Houseplants,Fiddle leaf fig,48,,1,4,2,2,A statement tree for a bright corner. Do not move it once it is happy. A 24 cm pot at about 120 cm tall. It needs a bright spot and a steady routine.,A statement tree for a bright corner.,0,1,Indoor bright,Indoor,,Terracotta,,n-ficus.webp,n-ficus.webp,n-ficus.webp,n-ficus.webp,fiddle-leaf-fig,N-FICUS-21-CM,pot_size,21 cm,,,
,,,,,,,,,,,,,,,,,,,,,,,,,,,N-FICUS-30-CM,pot_size,30 cm,,,
N-POTHOS,Garden,simple,garden,Garden,Houseplants,Golden pothos,14,,1,4,2,2,"A trailing vine for a shelf. Nearly impossible to kill. A 12 cm pot with trails of about 40 cm. It roots in water, so one plant becomes many.",A trailing vine for a shelf.,46,1,Indoor low,Indoor,12 cm,Terracotta,,n-pothos.webp,n-pothos.webp,n-pothos.webp,n-pothos.webp,golden-pothos,,,,,,
N-CALATHEA,Garden,simple,garden,Garden,Houseplants,Calathea,26,,1,4,2,2,Patterned leaves that fold at night. Likes humidity and soft water. A 14 cm pot with fresh growth. Rainwater or filtered water keeps the leaf edges brown-free.,Patterned leaves that fold at night.,44,1,Indoor low,Indoor,17 cm,Terracotta,,n-calathea.webp,n-calathea.webp,n-calathea.webp,n-calathea.webp,calathea,,,,,,
N-OLIVE-INDOOR-17-CM,Garden,simple,garden,Garden,,Olive tree 17 cm,45,,1,1,2,2,"A young olive for a sunny window or a sheltered balcony. A 19 cm pot at about 80 cm tall, with a woody trunk. Water when the top half of the compost is dry.",A young olive for a sunny window or a sheltered balcony.,56,1,Full sun,Half hardy,17 cm,Terracotta,,n-olive-indoor.webp,n-olive-indoor.webp,n-olive-indoor.webp,n-olive-indoor.webp,olive-tree-17-cm,,,,,,
N-OLIVE-INDOOR-21-CM,Garden,simple,garden,Garden,,Olive tree 21 cm,45,,1,1,2,2,"A young olive for a sunny window or a sheltered balcony. A 19 cm pot at about 80 cm tall, with a woody trunk. Water when the top half of the compost is dry.",A young olive for a sunny window or a sheltered balcony.,15,1,Full sun,Half hardy,21 cm,Terracotta,,n-olive-indoor.webp,n-olive-indoor.webp,n-olive-indoor.webp,n-olive-indoor.webp,olive-tree-21-cm,,,,,,
N-OLIVE-INDOOR,Garden,configurable,garden,Garden,Houseplants,Olive tree,45,,1,4,2,2,"A young olive for a sunny window or a sheltered balcony. A 19 cm pot at about 80 cm tall, with a woody trunk. Water when the top half of the compost is dry.",A young olive for a sunny window or a sheltered balcony.,0,1,Full sun,Half hardy,,Terracotta,,n-olive-indoor.webp,n-olive-indoor.webp,n-olive-indoor.webp,n-olive-indoor.webp,olive-tree,N-OLIVE-INDOOR-17-CM,pot_size,17 cm,,,
,,,,,,,,,,,,,,,,,,,,,,,,,,,N-OLIVE-INDOOR-21-CM,pot_size,21 cm,,,
,,,,Garden,Outdoor Plants,,,,,,,,,,,,,,,,,,,,,,,,,,,
N-CACTUS-SET,Garden,simple,garden,Garden,Houseplants,Cactus trio,20,,1,4,2,2,"Three small cacti in 6 cm pots. Three different shapes, sold as a set. A sunny sill and a drink once a month is all they ask.",Three small cacti in 6 cm pots.,44,1,Indoor bright,Indoor,9 cm,Terracotta,,n-cactus-set.webp,n-cactus-set.webp,n-cactus-set.webp,n-cactus-set.webp,cactus-trio,,,,,,
N-LAVENDER-9-CM,Garden,simple,garden,Garden,,Lavender 9 cm,9,,1,1,2,2,"English lavender for sun and poor soil. Bees will find it. A 2 litre pot, ready to plant. Cut it back after flowering to keep it compact.",English lavender for sun and poor soil.,17,1,Full sun,Hardy,9 cm,Terracotta,,n-lavender.webp,n-lavender.webp,n-lavender.webp,n-lavender.webp,lavender-9-cm,,,,,,
N-LAVENDER-17-CM,Garden,simple,garden,Garden,,Lavender 17 cm,9,,1,1,2,2,"English lavender for sun and poor soil. Bees will find it. A 2 litre pot, ready to plant. Cut it back after flowering to keep it compact.",English lavender for sun and poor soil.,49,1,Full sun,Hardy,17 cm,Terracotta,,n-lavender.webp,n-lavender.webp,n-lavender.webp,n-lavender.webp,lavender-17-cm,,,,,,
N-LAVENDER,Garden,configurable,garden,Garden,Outdoor Plants,Lavender,9,,1,4,2,2,"English lavender for sun and poor soil. Bees will find it. A 2 litre pot, ready to plant. Cut it back after flowering to keep it compact.",English lavender for sun and poor soil.,0,1,Full sun,Hardy,,Terracotta,,n-lavender.webp,n-lavender.webp,n-lavender.webp,n-lavender.webp,lavender,N-LAVENDER-9-CM,pot_size,9 cm,,,
,,,,,,,,,,,,,,,,,,,,,,,,,,,N-LAVENDER-17-CM,pot_size,17 cm,,,
N-ROSEMARY,Garden,simple,garden,Garden,Outdoor Plants,Rosemary,8,,1,4,2,2,Upright rosemary for a pot by the kitchen door. A 2 litre pot with a plant of about 40 cm. Snip what you need all year round.,Upright rosemary for a pot by the kitchen door.,54,1,Full sun,Hardy,12 cm,Terracotta,,n-rosemary.webp,n-rosemary.webp,n-rosemary.webp,n-rosemary.webp,rosemary,,,,,,
,,,,Garden,Seeds & Bulbs,,,,,,,,,,,,,,,,,,,,,,,,,,,
N-HYDRANGEA-17-CM,Garden,simple,garden,Garden,,Hydrangea 17 cm,24,,1,1,2,2,"A mophead hydrangea that flowers blue in acid soil and pink in lime. A 3 litre pot, flowering from July. The colour depends on your soil, and the label explains how.",A mophead hydrangea that flowers blue in acid soil and pink in lime.,38,1,Part shade,Hardy,17 cm,Terracotta,,n-hydrangea.webp,n-hydrangea.webp,n-hydrangea.webp,n-hydrangea.webp,hydrangea-17-cm,,,,,,
N-HYDRANGEA-30-CM,Garden,simple,garden,Garden,,Hydrangea 30 cm,24,,1,1,2,2,"A mophead hydrangea that flowers blue in acid soil and pink in lime. A 3 litre pot, flowering from July. The colour depends on your soil, and the label explains how.",A mophead hydrangea that flowers blue in acid soil and pink in lime.,41,1,Part shade,Hardy,30 cm,Terracotta,,n-hydrangea.webp,n-hydrangea.webp,n-hydrangea.webp,n-hydrangea.webp,hydrangea-30-cm,,,,,,
N-HYDRANGEA,Garden,configurable,garden,Garden,Outdoor Plants,Hydrangea,24,,1,4,2,2,"A mophead hydrangea that flowers blue in acid soil and pink in lime. A 3 litre pot, flowering from July. The colour depends on your soil, and the label explains how.",A mophead hydrangea that flowers blue in acid soil and pink in lime.,0,1,Part shade,Hardy,,Terracotta,,n-hydrangea.webp,n-hydrangea.webp,n-hydrangea.webp,n-hydrangea.webp,hydrangea,N-HYDRANGEA-17-CM,pot_size,17 cm,,,
,,,,,,,,,,,,,,,,,,,,,,,,,,,N-HYDRANGEA-30-CM,pot_size,30 cm,,,
N-JAPANESE-MAPLE,Garden,simple,garden,Garden,Outdoor Plants,Japanese maple,55,,1,4,2,2,A slow red maple for a pot or a sheltered corner. A 5 litre pot at about 80 cm tall. It wants shelter from wind and afternoon sun.,A slow red maple for a pot or a sheltered corner.,22,1,Part shade,Hardy,30 cm,Terracotta,,n-japanese-maple.webp,n-japanese-maple.webp,n-japanese-maple.webp,n-japanese-maple.webp,japanese-maple,,,,,,
N-GRASS,Garden,simple,garden,Garden,Outdoor Plants,Fountain grass,12,,1,4,2,2,"A soft grass that moves in wind and holds its seed heads into winter. A 2 litre pot, about 60 cm tall in flower. Cut it down in February and it comes back.",A soft grass that moves in wind and holds its seed heads into winter.,50,1,Full sun,Hardy,17 cm,Terracotta,,n-grass.webp,n-grass.webp,n-grass.webp,n-grass.webp,fountain-grass,,,,,,
N-FERN-OUTDOOR,Garden,simple,garden,Garden,Outdoor Plants,Hardy fern,14,,1,4,2,2,A shield fern for dry shade under trees. A 2 litre pot with fronds of about 40 cm. It is evergreen and needs nothing once settled.,A shield fern for dry shade under trees.,42,1,Shade,Hardy,17 cm,Terracotta,,n-fern-outdoor.webp,n-fern-outdoor.webp,n-fern-outdoor.webp,n-fern-outdoor.webp,hardy-fern,,,,,,
N-HOSTA,Garden,simple,garden,Garden,Outdoor Plants,Hosta,11,,1,4,2,2,Big blue-green leaves for shade. Watch for slugs. A 2 litre pot with three to five leaves. It dies down in winter and returns bigger each spring.,Big blue-green leaves for shade.,22,1,Shade,Hardy,17 cm,Terracotta,,n-hosta.webp,n-hosta.webp,n-hosta.webp,n-hosta.webp,hosta,,,,,,
N-CLEMATIS,Garden,simple,garden,Garden,Outdoor Plants,Clematis,16,,1,4,2,2,A late-flowering purple clematis for a fence or an obelisk. A 2 litre pot with a cane. Plant it deep and cut it to 30 cm each February.,A late-flowering purple clematis for a fence or an obelisk.,16,1,Full sun,Hardy,17 cm,Terracotta,,n-clematis.webp,n-clematis.webp,n-clematis.webp,n-clematis.webp,clematis,,,,,,
N-TOMATO-SEED,Garden,simple,garden,Garden,Seeds & Bulbs,"Tomato seed, Costoluto",3.5,,1,4,2,2,"A ribbed beefsteak from our own seed bed. Forty seeds. Sow indoors in March and plant out after the last frost. Big, ribbed fruit from August.",A ribbed beefsteak from our own seed bed.,26,1,Full sun,Tender,,,,n-tomato-seed.webp,n-tomato-seed.webp,n-tomato-seed.webp,n-tomato-seed.webp,tomato-seed-costoluto,,,,,,
N-BEAN-SEED,Garden,simple,garden,Garden,Seeds & Bulbs,Climbing bean seed,3,,1,4,2,2,"A purple-podded climbing bean that turns green when cooked. Fifty seeds. Sow in May, straight in the ground, beside a cane wigwam. Pick young for the best pods.",A purple-podded climbing bean that turns green when cooked.,35,1,Full sun,Half hardy,,,,n-bean-seed.webp,n-bean-seed.webp,n-bean-seed.webp,n-bean-seed.webp,climbing-bean-seed,,,,,,
N-LETTUCE-SEED,Garden,simple,garden,Garden,Seeds & Bulbs,Lettuce mix seed,2.5,,1,4,2,2,Six cut-and-come-again lettuces in one packet. Sow a short row every fortnight from March. Cut the outer leaves and the plant keeps growing.,Six cut-and-come-again lettuces in one packet.,27,1,Part shade,Hardy,,,,n-lettuce-seed.webp,n-lettuce-seed.webp,n-lettuce-seed.webp,n-lettuce-seed.webp,lettuce-mix-seed,,,,,,
N-SWEET-PEA,Garden,simple,garden,Garden,Seeds & Bulbs,Sweet pea seed,3,,1,4,2,2,A scented old mix in every colour. Soak overnight. Sow in autumn or early spring and give them something to climb. Pick daily to keep them flowering.,A scented old mix in every colour.,38,1,Full sun,Hardy,,,,n-sweet-pea.webp,n-sweet-pea.webp,n-sweet-pea.webp,n-sweet-pea.webp,sweet-pea-seed,,,,,,
N-WILDFLOWER,Garden,simple,garden,Garden,Seeds & Bulbs,Wildflower mix,6,,1,4,2,2,Twenty native wildflowers for a square metre of bees. Sow on bare soil in spring or autumn and do not feed it. Flowers from the second month.,Twenty native wildflowers for a square metre of bees.,56,1,Full sun,Hardy,,,,n-wildflower.webp,n-wildflower.webp,n-wildflower.webp,n-wildflower.webp,wildflower-mix,,,,,,
N-TULIP-BULBS-9-CM,Garden,simple,garden,Garden,,"Tulip bulbs, 12 9 cm",9,,1,1,2,2,A dozen dark tulips for pots and borders. Plant in November. Twelve large bulbs of one dark variety. Plant them 15 cm deep in November.,A dozen dark tulips for pots and borders.,43,1,Full sun,Hardy,9 cm,,,n-tulip-bulbs.webp,n-tulip-bulbs.webp,n-tulip-bulbs.webp,n-tulip-bulbs.webp,tulip-bulbs-12-9-cm,,,,,,
N-TULIP-BULBS,Garden,configurable,garden,Garden,Seeds & Bulbs,"Tulip bulbs, 12",9,,1,4,2,2,A dozen dark tulips for pots and borders. Plant in November. Twelve large bulbs of one dark variety. Plant them 15 cm deep in November.,A dozen dark tulips for pots and borders.,0,1,Full sun,Hardy,,,,n-tulip-bulbs.webp,n-tulip-bulbs.webp,n-tulip-bulbs.webp,n-tulip-bulbs.webp,tulip-bulbs-12,N-TULIP-BULBS-9-CM,pot_size,9 cm,,,
N-DAFFODIL-BULBS,Garden,simple,garden,Garden,Seeds & Bulbs,"Daffodil bulbs, 25",12,,1,4,2,2,Small early daffodils that come back every year. Twenty-five bulbs of a small early variety for pots and grass. They multiply each year.,Small early daffodils that come back every year.,32,1,Part shade,Hardy,,,,n-daffodil-bulbs.webp,n-daffodil-bulbs.webp,n-daffodil-bulbs.webp,n-daffodil-bulbs.webp,daffodil-bulbs-25,,,,,,
N-GARLIC,Garden,simple,garden,Garden,Seeds & Bulbs,"Seed garlic, 3 bulbs",7,,1,4,2,2,"Hardneck garlic to plant in autumn and lift in July. Three hardneck bulbs, about thirty cloves. Plant the cloves in October, 15 cm apart.",Hardneck garlic to plant in autumn and lift in July.,43,1,Full sun,Hardy,,,,n-garlic.webp,n-garlic.webp,n-garlic.webp,n-garlic.webp,seed-garlic-3-bulbs,,,,,,
N-TERRACOTTA-12-CM,Garden,simple,garden,Garden,,Terracotta pot 12 cm,8,,1,1,2,2,"A frost-proof terracotta pot with a drainage hole and a saucer. Fired at a high temperature, so it survives winter outside. Available in three sizes.",A frost-proof terracotta pot with a drainage hole and a saucer.,22,1,,,12 cm,Terracotta,,n-terracotta.webp,n-terracotta.webp,n-terracotta.webp,n-terracotta.webp,terracotta-pot-12-cm,,,,,,
N-TERRACOTTA-17-CM,Garden,simple,garden,Garden,,Terracotta pot 17 cm,8,,1,1,2,2,"A frost-proof terracotta pot with a drainage hole and a saucer. Fired at a high temperature, so it survives winter outside. Available in three sizes.",A frost-proof terracotta pot with a drainage hole and a saucer.,58,1,,,17 cm,Terracotta,,n-terracotta.webp,n-terracotta.webp,n-terracotta.webp,n-terracotta.webp,terracotta-pot-17-cm,,,,,,
N-TERRACOTTA-21-CM,Garden,simple,garden,Garden,,Terracotta pot 21 cm,8,,1,1,2,2,"A frost-proof terracotta pot with a drainage hole and a saucer. Fired at a high temperature, so it survives winter outside. Available in three sizes.",A frost-proof terracotta pot with a drainage hole and a saucer.,42,1,,,21 cm,Terracotta,,n-terracotta.webp,n-terracotta.webp,n-terracotta.webp,n-terracotta.webp,terracotta-pot-21-cm,,,,,,
N-TERRACOTTA-30-CM,Garden,simple,garden,Garden,,Terracotta pot 30 cm,8,,1,1,2,2,"A frost-proof terracotta pot with a drainage hole and a saucer. Fired at a high temperature, so it survives winter outside. Available in three sizes.",A frost-proof terracotta pot with a drainage hole and a saucer.,14,1,,,30 cm,Terracotta,,n-terracotta.webp,n-terracotta.webp,n-terracotta.webp,n-terracotta.webp,terracotta-pot-30-cm,,,,,,
N-TERRACOTTA,Garden,configurable,garden,Garden,Pots & Planters,Terracotta pot,8,,1,4,2,2,"A frost-proof terracotta pot with a drainage hole and a saucer. Fired at a high temperature, so it survives winter outside. Available in three sizes.",A frost-proof terracotta pot with a drainage hole and a saucer.,0,1,,,,Terracotta,,n-terracotta.webp,n-terracotta.webp,n-terracotta.webp,n-terracotta.webp,terracotta-pot,N-TERRACOTTA-12-CM,pot_size,12 cm,,,
,,,,,,,,,,,,,,,,,,,,,,,,,,,N-TERRACOTTA-17-CM,pot_size,17 cm,,,
,,,,,,,,,,,,,,,,,,,,,,,,,,,N-TERRACOTTA-21-CM,pot_size,21 cm,,,
,,,,,,,,,,,,,,,,,,,,,,,,,,,N-TERRACOTTA-30-CM,pot_size,30 cm,,,
N-GLAZED-POT-GREEN,Garden,simple,garden,Garden,,Glazed stoneware pot Green,24,,1,1,2,2,"A reactive-glazed pot for indoors, with a hole. Each pot comes out of the kiln slightly different. The drainage hole and a saucer are included.","A reactive-glazed pot for indoors, with a hole.",41,1,,,17 cm,Ceramic,,n-glazed-pot-green.webp,n-glazed-pot-green.webp,n-glazed-pot-green.webp,n-glazed-pot-green.webp,glazed-stoneware-pot-green,,,,,,
N-GLAZED-POT-WHITE,Garden,simple,garden,Garden,,Glazed stoneware pot White,24,,1,1,2,2,"A reactive-glazed pot for indoors, with a hole. Each pot comes out of the kiln slightly different. The drainage hole and a saucer are included.","A reactive-glazed pot for indoors, with a hole.",14,1,,,17 cm,Ceramic,,n-glazed-pot-white.webp,n-glazed-pot-white.webp,n-glazed-pot-white.webp,n-glazed-pot-white.webp,glazed-stoneware-pot-white,,,,,,
N-GLAZED-POT-BLUE,Garden,simple,garden,Garden,,Glazed stoneware pot Blue,24,,1,1,2,2,"A reactive-glazed pot for indoors, with a hole. Each pot comes out of the kiln slightly different. The drainage hole and a saucer are included.","A reactive-glazed pot for indoors, with a hole.",30,1,,,17 cm,Ceramic,,n-glazed-pot-blue.webp,n-glazed-pot-blue.webp,n-glazed-pot-blue.webp,n-glazed-pot-blue.webp,glazed-stoneware-pot-blue,,,,,,
N-GLAZED-POT,Garden,configurable,garden,Garden,Pots & Planters,Glazed stoneware pot,24,,1,4,2,2,"A reactive-glazed pot for indoors, with a hole. Each pot comes out of the kiln slightly different. The drainage hole and a saucer are included.","A reactive-glazed pot for indoors, with a hole.",0,1,,,17 cm,Ceramic,,n-glazed-pot-green.webp,n-glazed-pot-green.webp,n-glazed-pot-green.webp,n-glazed-pot-green.webp,glazed-stoneware-pot,N-GLAZED-POT-GREEN,color,Green,,,
,,,,,,,,,,,,,,,,,,,,,,,,,,,N-GLAZED-POT-WHITE,color,White,,,
,,,,,,,,,,,,,,,,,,,,,,,,,,,N-GLAZED-POT-BLUE,color,Blue,,,
N-ZINC-PLANTER,Garden,simple,garden,Garden,Pots & Planters,Zinc trough,45,,1,4,2,2,A 60 cm zinc trough for herbs on a windowsill. Galvanised steel with drainage holes and a tray. It holds four herb pots in a row.,A 60 cm zinc trough for herbs on a windowsill.,39,1,,,30 cm,Stainless steel,60 x 20 x 20 cm,n-zinc-planter.webp,n-zinc-planter.webp,n-zinc-planter.webp,n-zinc-planter.webp,zinc-trough,,,,,,
N-HANGING-POT,Garden,simple,garden,Garden,Pots & Planters,Hanging pot,22,,1,4,2,2,A stoneware pot on a jute hanger. A stoneware pot with a drainage plug and a jute hanger of 90 cm. Good for a trailing plant.,A stoneware pot on a jute hanger.,42,1,,,17 cm,Ceramic,,n-hanging-pot.webp,n-hanging-pot.webp,n-hanging-pot.webp,n-hanging-pot.webp,hanging-pot,,,,,,
N-SEED-TRAY,Garden,simple,garden,Garden,Pots & Planters,"Seed trays, set of 3",12,,1,4,2,2,"Three rigid recycled trays with lids. Rigid trays that last years, with clear lids for the first weeks. They stack when empty.",Three rigid recycled trays with lids.,55,1,,,,Recycled polyester,,n-seed-tray.webp,n-seed-tray.webp,n-seed-tray.webp,n-seed-tray.webp,seed-trays-set-of-3,,,,,,
,,,,Garden,Seeds & Bulbs,,,,,,,,,,,,,,,,,,,,,,,,,,,
N-RAISED-BED,Garden,simple,garden,Garden,Pots & Planters,Oak raised bed,190,,1,4,2,2,"A 120 by 80 cm raised bed in oak sleepers, no tools needed. Oak sleepers that slot together without screws. Fill it with about 200 litres of compost.","A 120 by 80 cm raised bed in oak sleepers, no tools needed.",22,1,,,,Oak,120 x 80 x 40 cm,n-raised-bed.webp,n-raised-bed.webp,n-raised-bed.webp,n-raised-bed.webp,oak-raised-bed,,,,,,
,,,,Garden,Outdoor Furniture,,,,,,,,,,,,,,,,,,,,,,,,,,,
N-COMPOST,Garden,simple,garden,Garden,Pots & Planters,"Peat-free compost, 40 l",9,,1,4,2,2,"Our own mix for pots and beds. Bark, coir and green compost, with slow-release feed for six weeks. A 40 litre bag fills four large pots.",Our own mix for pots and beds.,51,1,,,,,,n-compost.webp,n-compost.webp,n-compost.webp,n-compost.webp,peat-free-compost-40-l,,,,,,
N-SPADE,Garden,simple,garden,Garden,Tools,Forged spade,75,,1,4,2,2,"A forged steel spade with an ash handle, sharpened before it ships. A narrow blade with a tread, forged from one piece of steel. It comes with a twenty-year guarantee.","A forged steel spade with an ash handle, sharpened before it ships.",52,1,,,,Stainless steel,,n-spade.webp,n-spade.webp,n-spade.webp,n-spade.webp,forged-spade,,,,,,
N-FORK,Garden,simple,garden,Garden,Tools,Forged fork,75,,1,4,2,2,A four-tine fork that does not bend. Forged tines and an ash handle with a wide grip. It lifts potatoes and turns compost without bending.,A four-tine fork that does not bend.,33,1,,,,Stainless steel,,n-fork.webp,n-fork.webp,n-fork.webp,n-fork.webp,forged-fork,,,,,,
N-TROWEL,Garden,simple,garden,Garden,Tools,Hand trowel,22,,1,4,2,2,"A stainless trowel with an ash handle. A narrow blade for planting and a wide one for potting, both stainless. The handle is oiled ash.",A stainless trowel with an ash handle.,38,1,,,,Stainless steel,,n-trowel.webp,n-trowel.webp,n-trowel.webp,n-trowel.webp,hand-trowel,,,,,,
N-SECATEURS,Garden,simple,garden,Garden,Tools,Bypass secateurs,48,,1,4,2,2,"Forged bypass secateurs with a replaceable blade. Forged from steel, with a blade that unscrews for sharpening or replacing. They cut branches up to 20 mm.",Forged bypass secateurs with a replaceable blade.,9,1,,,,Stainless steel,,n-secateurs.webp,n-secateurs.webp,n-secateurs.webp,n-secateurs.webp,bypass-secateurs,,,,,,
N-WATERING-CAN-SILVER,Garden,simple,garden,Garden,,Watering can Silver,38,,1,1,2,2,A 5 litre galvanised can with a brass rose. Galvanised steel with a long spout and a fine brass rose that unscrews. Balanced to pour with one hand.,A 5 litre galvanised can with a brass rose.,53,1,,,,Stainless steel,,n-watering-can-silver.webp,n-watering-can-silver.webp,n-watering-can-silver.webp,n-watering-can-silver.webp,watering-can-silver,,,,,,
N-WATERING-CAN-GREEN,Garden,simple,garden,Garden,,Watering can Green,38,,1,1,2,2,A 5 litre galvanised can with a brass rose. Galvanised steel with a long spout and a fine brass rose that unscrews. Balanced to pour with one hand.,A 5 litre galvanised can with a brass rose.,36,1,,,,Stainless steel,,n-watering-can-green.webp,n-watering-can-green.webp,n-watering-can-green.webp,n-watering-can-green.webp,watering-can-green,,,,,,
N-WATERING-CAN,Garden,configurable,garden,Garden,Tools,Watering can,38,,1,4,2,2,A 5 litre galvanised can with a brass rose. Galvanised steel with a long spout and a fine brass rose that unscrews. Balanced to pour with one hand.,A 5 litre galvanised can with a brass rose.,0,1,,,,Stainless steel,,n-watering-can-silver.webp,n-watering-can-silver.webp,n-watering-can-silver.webp,n-watering-can-silver.webp,watering-can,N-WATERING-CAN-SILVER,color,Silver,,,
,,,,,,,,,,,,,,,,,,,,,,,,,,,N-WATERING-CAN-GREEN,color,Green,,,
N-GLOVES-S,Garden,simple,garden,Garden,,Leather gloves S,18,,1,1,2,2,"Goatskin gloves that let you feel a seedling. Soft goatskin with a cotton back, in three sizes. Thorns do not get through.",Goatskin gloves that let you feel a seedling.,11,1,,,,Leather,,n-gloves.webp,n-gloves.webp,n-gloves.webp,n-gloves.webp,leather-gloves-s,,,,,,
N-GLOVES-M,Garden,simple,garden,Garden,,Leather gloves M,18,,1,1,2,2,"Goatskin gloves that let you feel a seedling. Soft goatskin with a cotton back, in three sizes. Thorns do not get through.",Goatskin gloves that let you feel a seedling.,37,1,,,,Leather,,n-gloves.webp,n-gloves.webp,n-gloves.webp,n-gloves.webp,leather-gloves-m,,,,,,
N-GLOVES-L,Garden,simple,garden,Garden,,Leather gloves L,18,,1,1,2,2,"Goatskin gloves that let you feel a seedling. Soft goatskin with a cotton back, in three sizes. Thorns do not get through.",Goatskin gloves that let you feel a seedling.,15,1,,,,Leather,,n-gloves.webp,n-gloves.webp,n-gloves.webp,n-gloves.webp,leather-gloves-l,,,,,,
N-GLOVES,Garden,configurable,garden,Garden,Tools,Leather gloves,18,,1,4,2,2,"Goatskin gloves that let you feel a seedling. Soft goatskin with a cotton back, in three sizes. Thorns do not get through.",Goatskin gloves that let you feel a seedling.,0,1,,,,Leather,,n-gloves.webp,n-gloves.webp,n-gloves.webp,n-gloves.webp,leather-gloves,N-GLOVES-S,size,S,,,
,,,,,,,,,,,,,,,,,,,,,,,,,,,N-GLOVES-M,size,M,,,
,,,,,,,,,,,,,,,,,,,,,,,,,,,N-GLOVES-L,size,L,,,
N-HOE,Garden,simple,garden,Garden,Tools,Dutch hoe,42,,1,4,2,2,A push hoe for weeds between rows. A sharp blade on a 150 cm ash handle. Walk backwards and the weeds are gone.,A push hoe for weeds between rows.,8,1,,,,Stainless steel,,n-hoe.webp,n-hoe.webp,n-hoe.webp,n-hoe.webp,dutch-hoe,,,,,,
N-KNEELER,Garden,simple,garden,Garden,Tools,Kneeling pad,14,,1,4,2,2,A thick foam pad for beds and borders. Thick closed-cell foam that does not soak up water. It hangs on a hook by a loop.,A thick foam pad for beds and borders.,42,1,,,,Rubber,,n-kneeler.webp,n-kneeler.webp,n-kneeler.webp,n-kneeler.webp,kneeling-pad,,,,,,
N-TOOL-SET,Garden,simple,garden,Garden,Tools,Hand tool set,55,,1,4,2,2,"Trowel, fork and dibber in a canvas roll. Three stainless tools with ash handles in a canvas roll. A good first set or a good gift.","Trowel, fork and dibber in a canvas roll.",20,1,,,,Stainless steel,,n-tool-set.webp,n-tool-set.webp,n-tool-set.webp,n-tool-set.webp,hand-tool-set,,,,,,
N-BENCH,Garden,simple,garden,Garden,Outdoor Furniture,Oak garden bench,390,,1,4,2,2,"A 150 cm oak bench that greys outside and lasts decades. Solid oak, joined with oak pegs and stainless screws. Leave it to silver or oil it once a year.",A 150 cm oak bench that greys outside and lasts decades.,18,1,,,,Oak,150 x 55 x 85 cm,n-bench.webp,n-bench.webp,n-bench.webp,n-bench.webp,oak-garden-bench,,,,,,
N-BISTRO-SET-GREEN,Garden,simple,garden,Garden,,Bistro set Green,220,,1,1,2,2,A folding steel table and two chairs for a balcony. Powder-coated steel that folds flat against a wall. The table is 60 cm across.,A folding steel table and two chairs for a balcony.,14,1,,,,Stainless steel,60 cm table,n-bistro-set-green.webp,n-bistro-set-green.webp,n-bistro-set-green.webp,n-bistro-set-green.webp,bistro-set-green,,,,,,
N-BISTRO-SET-BLACK,Garden,simple,garden,Garden,,Bistro set Black,220,,1,1,2,2,A folding steel table and two chairs for a balcony. Powder-coated steel that folds flat against a wall. The table is 60 cm across.,A folding steel table and two chairs for a balcony.,52,1,,,,Stainless steel,60 cm table,n-bistro-set-black.webp,n-bistro-set-black.webp,n-bistro-set-black.webp,n-bistro-set-black.webp,bistro-set-black,,,,,,
N-BISTRO-SET-WHITE,Garden,simple,garden,Garden,,Bistro set White,220,,1,1,2,2,A folding steel table and two chairs for a balcony. Powder-coated steel that folds flat against a wall. The table is 60 cm across.,A folding steel table and two chairs for a balcony.,25,1,,,,Stainless steel,60 cm table,n-bistro-set-white.webp,n-bistro-set-white.webp,n-bistro-set-white.webp,n-bistro-set-white.webp,bistro-set-white,,,,,,
N-BISTRO-SET,Garden,configurable,garden,Garden,Outdoor Furniture,Bistro set,220,,1,4,2,2,A folding steel table and two chairs for a balcony. Powder-coated steel that folds flat against a wall. The table is 60 cm across.,A folding steel table and two chairs for a balcony.,0,1,,,,Stainless steel,60 cm table,n-bistro-set-green.webp,n-bistro-set-green.webp,n-bistro-set-green.webp,n-bistro-set-green.webp,bistro-set,N-BISTRO-SET-GREEN,color,Green,,,
,,,,,,,,,,,,,,,,,,,,,,,,,,,N-BISTRO-SET-BLACK,color,Black,,,
,,,,,,,,,,,,,,,,,,,,,,,,,,,N-BISTRO-SET-WHITE,color,White,,,
N-DECK-CHAIR,Garden,simple,garden,Garden,Outdoor Furniture,Deck chair,85,,1,4,2,2,A beech deck chair with a striped canvas seat. Oiled beech with a canvas seat that unclips for washing. It folds flat for winter.,A beech deck chair with a striped canvas seat.,31,1,,,,Oak,,n-deck-chair.webp,n-deck-chair.webp,n-deck-chair.webp,n-deck-chair.webp,deck-chair,,,,,,
N-PARASOL-OATMEAL,Garden,simple,garden,Garden,,Parasol Oatmeal,140,,1,1,2,2,A 2.5 m parasol with an ash pole and a canvas cover. A 2.5 m canopy on an ash pole with a brass tilt joint. The base is sold separately.,A 2.5 m parasol with an ash pole and a canvas cover.,47,1,,,,Cotton,,n-parasol-oatmeal.webp,n-parasol-oatmeal.webp,n-parasol-oatmeal.webp,n-parasol-oatmeal.webp,parasol-oatmeal,,,,,,
N-PARASOL-GREEN,Garden,simple,garden,Garden,,Parasol Green,140,,1,1,2,2,A 2.5 m parasol with an ash pole and a canvas cover. A 2.5 m canopy on an ash pole with a brass tilt joint. The base is sold separately.,A 2.5 m parasol with an ash pole and a canvas cover.,44,1,,,,Cotton,,n-parasol-green.webp,n-parasol-green.webp,n-parasol-green.webp,n-parasol-green.webp,parasol-green,,,,,,
N-PARASOL,Garden,configurable,garden,Garden,Outdoor Furniture,Parasol,140,,1,4,2,2,A 2.5 m parasol with an ash pole and a canvas cover. A 2.5 m canopy on an ash pole with a brass tilt joint. The base is sold separately.,A 2.5 m parasol with an ash pole and a canvas cover.,0,1,,,,Cotton,,n-parasol-oatmeal.webp,n-parasol-oatmeal.webp,n-parasol-oatmeal.webp,n-parasol-oatmeal.webp,parasol,N-PARASOL-OATMEAL,color,Oatmeal,,,
,,,,,,,,,,,,,,,,,,,,,,,,,,,N-PARASOL-GREEN,color,Green,,,
N-FIRE-BOWL,Garden,simple,garden,Garden,Outdoor Furniture,Steel fire bowl,160,,1,4,2,2,A 70 cm steel fire bowl that rusts to a warm brown. Three millimetre steel on a tripod stand. It arrives grey and turns brown in a month outside.,A 70 cm steel fire bowl that rusts to a warm brown.,20,1,,,,Stainless steel,70 cm,n-fire-bowl.webp,n-fire-bowl.webp,n-fire-bowl.webp,n-fire-bowl.webp,steel-fire-bowl,,,,,,
N-POTTING-BENCH,Garden,simple,garden,Garden,Outdoor Furniture,Potting bench,240,,1,4,2,2,A pine potting bench with a zinc top and a shelf. A zinc top that wipes clean and a shelf for pots. Assembly takes twenty minutes.,A pine potting bench with a zinc top and a shelf.,42,1,,,,Oak,120 x 50 x 90 cm,n-potting-bench.webp,n-potting-bench.webp,n-potting-bench.webp,n-potting-bench.webp,potting-bench,,,,,,
,,,,Garden,Tools,,,,,,,,,,,,,,,,,,,,,,,,,,,
N-STARTER-KIT,Garden,grouped,garden,Garden,Seeds & Bulbs,Kitchen garden kit,45,,1,4,2,2,"Tomato, bean and lettuce seed, three trays and a trowel. Everything for a first season of vegetables in one box. The instructions fit on one card.","Tomato, bean and lettuce seed, three trays and a trowel.",0,1,,,,,,n-starter-kit.webp,n-starter-kit.webp,n-starter-kit.webp,n-starter-kit.webp,kitchen-garden-kit,,,,N-TOMATO-SEED,1,1
,,,,,,,,,,,,,,,,,,,,,,,,,,,,,,N-BEAN-SEED,1,2
,,,,,,,,,,,,,,,,,,,,,,,,,,,,,,N-LETTUCE-SEED,1,3
,,,,,,,,,,,,,,,,,,,,,,,,,,,,,,N-SEED-TRAY,1,4
,,,,,,,,,,,,,,,,,,,,,,,,,,,,,,N-TROWEL,1,5
,,,,Garden,Tools,,,,,,,,,,,,,,,,,,,,,,,,,,,
N-SHADE-SET,Garden,grouped,garden,Garden,Outdoor Plants,Shady corner set,34,,1,4,2,2,"A hardy fern, a hosta and a bag of compost. Two plants that thrive where nothing else will, with the compost to plant them. For a north-facing corner.","A hardy fern, a hosta and a bag of compost.",0,1,Shade,Hardy,,,,n-shade-set.webp,n-shade-set.webp,n-shade-set.webp,n-shade-set.webp,shady-corner-set,,,,N-FERN-OUTDOOR,1,1
,,,,,,,,,,,,,,,,,,,,,,,,,,,,,,N-HOSTA,1,2
,,,,,,,,,,,,,,,,,,,,,,,,,,,,,,N-COMPOST,1,3
N-GIFT-CARD,Garden,virtual,garden,Garden,Pots & Planters,Greenhaven gift card,40,,1,4,2,2,"A gift card by email, for the plant they choose. Delivered by email within the hour, with a message of your own. Valid for a year in the store.","A gift card by email, for the plant they choose.",44,1,,,,,,n-gift-card.webp,n-gift-card.webp,n-gift-card.webp,n-gift-card.webp,greenhaven-gift-card,,,,,,
