sku,_attribute_set,_type,_product_websites,_root_category,_category,name,price,special_price,status,visibility,tax_class_id,weight,description,short_description,qty,is_in_stock,sport,size,color,material,_media_image,image,small_image,thumbnail,url_key,_super_products_sku,_super_attribute_code,_super_attribute_option,_associated_sku,_associated_default_qty,_associated_position
S-ROAD-SHOE-BLUE,Sports,simple,sports,Sports,,Road running shoe Blue,140,,1,1,2,0.8,"A daily trainer with a 32 mm stack, a nylon plate and a wide toe box. Soft enough for easy days, quick enough for tempo. Expect 700 km before the foam gives up.","A daily trainer with a 32 mm stack, a nylon plate and a wide toe box.",54,1,Running,,Blue,Recycled polyester,s-road-shoe-blue.webp,s-road-shoe-blue.webp,s-road-shoe-blue.webp,s-road-shoe-blue.webp,road-running-shoe-blue,,,,,,
S-ROAD-SHOE-BLACK,Sports,simple,sports,Sports,,Road running shoe Black,140,,1,1,2,0.8,"A daily trainer with a 32 mm stack, a nylon plate and a wide toe box. Soft enough for easy days, quick enough for tempo. Expect 700 km before the foam gives up.","A daily trainer with a 32 mm stack, a nylon plate and a wide toe box.",48,1,Running,,Black,Recycled polyester,s-road-shoe-black.webp,s-road-shoe-black.webp,s-road-shoe-black.webp,s-road-shoe-black.webp,road-running-shoe-black,,,,,,
S-ROAD-SHOE-ORANGE,Sports,simple,sports,Sports,,Road running shoe Orange,140,,1,1,2,0.8,"A daily trainer with a 32 mm stack, a nylon plate and a wide toe box. Soft enough for easy days, quick enough for tempo. Expect 700 km before the foam gives up.","A daily trainer with a 32 mm stack, a nylon plate and a wide toe box.",48,1,Running,,Orange,Recycled polyester,s-road-shoe-orange.webp,s-road-shoe-orange.webp,s-road-shoe-orange.webp,s-road-shoe-orange.webp,road-running-shoe-orange,,,,,,
S-ROAD-SHOE,Sports,configurable,sports,Sports,Running,Road running shoe,140,,1,4,2,0.8,"A daily trainer with a 32 mm stack, a nylon plate and a wide toe box. Soft enough for easy days, quick enough for tempo. Expect 700 km before the foam gives up.","A daily trainer with a 32 mm stack, a nylon plate and a wide toe box.",0,1,Running,,,Recycled polyester,s-road-shoe-blue.webp,s-road-shoe-blue.webp,s-road-shoe-blue.webp,s-road-shoe-blue.webp,road-running-shoe,S-ROAD-SHOE-BLUE,color,Blue,,,
,,,,,,,,,,,,,,,,,,,,,,,,,,S-ROAD-SHOE-BLACK,color,Black,,,
,,,,,,,,,,,,,,,,,,,,,,,,,,S-ROAD-SHOE-ORANGE,color,Orange,,,
S-TRAIL-SHOE-GREEN,Sports,simple,sports,Sports,,Trail running shoe Green,155,,1,1,2,0.8,"Five millimetre lugs, a rock plate and a gaiter attachment. Grip in mud, protection on rocks, and a fit that stays put on descents. Drains fast after a river.","Five millimetre lugs, a rock plate and a gaiter attachment.",36,1,Running|Hiking,,Green,Recycled polyester,s-trail-shoe-green.webp,s-trail-shoe-green.webp,s-trail-shoe-green.webp,s-trail-shoe-green.webp,trail-running-shoe-green,,,,,,
S-TRAIL-SHOE-BLACK,Sports,simple,sports,Sports,,Trail running shoe Black,155,,1,1,2,0.8,"Five millimetre lugs, a rock plate and a gaiter attachment. Grip in mud, protection on rocks, and a fit that stays put on descents. Drains fast after a river.","Five millimetre lugs, a rock plate and a gaiter attachment.",58,1,Running|Hiking,,Black,Recycled polyester,s-trail-shoe-black.webp,s-trail-shoe-black.webp,s-trail-shoe-black.webp,s-trail-shoe-black.webp,trail-running-shoe-black,,,,,,
S-TRAIL-SHOE,Sports,configurable,sports,Sports,Running,Trail running shoe,155,,1,4,2,0.8,"Five millimetre lugs, a rock plate and a gaiter attachment. Grip in mud, protection on rocks, and a fit that stays put on descents. Drains fast after a river.","Five millimetre lugs, a rock plate and a gaiter attachment.",0,1,Running|Hiking,,,Recycled polyester,s-trail-shoe-green.webp,s-trail-shoe-green.webp,s-trail-shoe-green.webp,s-trail-shoe-green.webp,trail-running-shoe,S-TRAIL-SHOE-GREEN,color,Green,,,
,,,,,,,,,,,,,,,,,,,,,,,,,,S-TRAIL-SHOE-BLACK,color,Black,,,
,,,,Sports,Hiking,,,,,,,,,,,,,,,,,,,,,,,,,,
S-RACE-SHOE-38,Sports,simple,sports,Sports,,Race day shoe 38,220,,1,1,2,0.8,"A carbon plate, a light foam and no compromise. For race day only. Four millimetre drop, 200 g in a size 42, and a plate that gives back what you put in. Save it for the start line.","A carbon plate, a light foam and no compromise.",9,1,Running,38,Yellow,Recycled polyester,s-race-shoe.webp,s-race-shoe.webp,s-race-shoe.webp,s-race-shoe.webp,race-day-shoe-38,,,,,,
S-RACE-SHOE-39,Sports,simple,sports,Sports,,Race day shoe 39,220,,1,1,2,0.8,"A carbon plate, a light foam and no compromise. For race day only. Four millimetre drop, 200 g in a size 42, and a plate that gives back what you put in. Save it for the start line.","A carbon plate, a light foam and no compromise.",27,1,Running,39,Yellow,Recycled polyester,s-race-shoe.webp,s-race-shoe.webp,s-race-shoe.webp,s-race-shoe.webp,race-day-shoe-39,,,,,,
S-RACE-SHOE-40,Sports,simple,sports,Sports,,Race day shoe 40,220,,1,1,2,0.8,"A carbon plate, a light foam and no compromise. For race day only. Four millimetre drop, 200 g in a size 42, and a plate that gives back what you put in. Save it for the start line.","A carbon plate, a light foam and no compromise.",51,1,Running,40,Yellow,Recycled polyester,s-race-shoe.webp,s-race-shoe.webp,s-race-shoe.webp,s-race-shoe.webp,race-day-shoe-40,,,,,,
S-RACE-SHOE-41,Sports,simple,sports,Sports,,Race day shoe 41,220,,1,1,2,0.8,"A carbon plate, a light foam and no compromise. For race day only. Four millimetre drop, 200 g in a size 42, and a plate that gives back what you put in. Save it for the start line.","A carbon plate, a light foam and no compromise.",44,1,Running,41,Yellow,Recycled polyester,s-race-shoe.webp,s-race-shoe.webp,s-race-shoe.webp,s-race-shoe.webp,race-day-shoe-41,,,,,,
S-RACE-SHOE-42,Sports,simple,sports,Sports,,Race day shoe 42,220,,1,1,2,0.8,"A carbon plate, a light foam and no compromise. For race day only. Four millimetre drop, 200 g in a size 42, and a plate that gives back what you put in. Save it for the start line.","A carbon plate, a light foam and no compromise.",18,1,Running,42,Yellow,Recycled polyester,s-race-shoe.webp,s-race-shoe.webp,s-race-shoe.webp,s-race-shoe.webp,race-day-shoe-42,,,,,,
S-RACE-SHOE-43,Sports,simple,sports,Sports,,Race day shoe 43,220,,1,1,2,0.8,"A carbon plate, a light foam and no compromise. For race day only. Four millimetre drop, 200 g in a size 42, and a plate that gives back what you put in. Save it for the start line.","A carbon plate, a light foam and no compromise.",31,1,Running,43,Yellow,Recycled polyester,s-race-shoe.webp,s-race-shoe.webp,s-race-shoe.webp,s-race-shoe.webp,race-day-shoe-43,,,,,,
S-RACE-SHOE-44,Sports,simple,sports,Sports,,Race day shoe 44,220,,1,1,2,0.8,"A carbon plate, a light foam and no compromise. For race day only. Four millimetre drop, 200 g in a size 42, and a plate that gives back what you put in. Save it for the start line.","A carbon plate, a light foam and no compromise.",28,1,Running,44,Yellow,Recycled polyester,s-race-shoe.webp,s-race-shoe.webp,s-race-shoe.webp,s-race-shoe.webp,race-day-shoe-44,,,,,,
S-RACE-SHOE-45,Sports,simple,sports,Sports,,Race day shoe 45,220,,1,1,2,0.8,"A carbon plate, a light foam and no compromise. For race day only. Four millimetre drop, 200 g in a size 42, and a plate that gives back what you put in. Save it for the start line.","A carbon plate, a light foam and no compromise.",14,1,Running,45,Yellow,Recycled polyester,s-race-shoe.webp,s-race-shoe.webp,s-race-shoe.webp,s-race-shoe.webp,race-day-shoe-45,,,,,,
S-RACE-SHOE,Sports,configurable,sports,Sports,Running,Race day shoe,220,,1,4,2,0.8,"A carbon plate, a light foam and no compromise. For race day only. Four millimetre drop, 200 g in a size 42, and a plate that gives back what you put in. Save it for the start line.","A carbon plate, a light foam and no compromise.",0,1,Running,,Yellow,Recycled polyester,s-race-shoe.webp,s-race-shoe.webp,s-race-shoe.webp,s-race-shoe.webp,race-day-shoe,S-RACE-SHOE-38,size,38,,,
,,,,,,,,,,,,,,,,,,,,,,,,,,S-RACE-SHOE-39,size,39,,,
,,,,,,,,,,,,,,,,,,,,,,,,,,S-RACE-SHOE-40,size,40,,,
,,,,,,,,,,,,,,,,,,,,,,,,,,S-RACE-SHOE-41,size,41,,,
,,,,,,,,,,,,,,,,,,,,,,,,,,S-RACE-SHOE-42,size,42,,,
,,,,,,,,,,,,,,,,,,,,,,,,,,S-RACE-SHOE-43,size,43,,,
,,,,,,,,,,,,,,,,,,,,,,,,,,S-RACE-SHOE-44,size,44,,,
,,,,,,,,,,,,,,,,,,,,,,,,,,S-RACE-SHOE-45,size,45,,,
S-RUN-JACKET-YELLOW,Sports,simple,sports,Sports,,Running shell Yellow,130,,1,1,2,0.8,A 90 g waterproof shell that packs into its own pocket. Taped seams and a hood that stays up in wind. It packs to the size of a fist.,A 90 g waterproof shell that packs into its own pocket.,34,1,Running|Cycling,,Yellow,Recycled polyester,s-run-jacket-yellow.webp,s-run-jacket-yellow.webp,s-run-jacket-yellow.webp,s-run-jacket-yellow.webp,running-shell-yellow,,,,,,
S-RUN-JACKET-BLACK,Sports,simple,sports,Sports,,Running shell Black,130,,1,1,2,0.8,A 90 g waterproof shell that packs into its own pocket. Taped seams and a hood that stays up in wind. It packs to the size of a fist.,A 90 g waterproof shell that packs into its own pocket.,27,1,Running|Cycling,,Black,Recycled polyester,s-run-jacket-black.webp,s-run-jacket-black.webp,s-run-jacket-black.webp,s-run-jacket-black.webp,running-shell-black,,,,,,
S-RUN-JACKET-BLUE,Sports,simple,sports,Sports,,Running shell Blue,130,,1,1,2,0.8,A 90 g waterproof shell that packs into its own pocket. Taped seams and a hood that stays up in wind. It packs to the size of a fist.,A 90 g waterproof shell that packs into its own pocket.,59,1,Running|Cycling,,Blue,Recycled polyester,s-run-jacket-blue.webp,s-run-jacket-blue.webp,s-run-jacket-blue.webp,s-run-jacket-blue.webp,running-shell-blue,,,,,,
S-RUN-JACKET,Sports,configurable,sports,Sports,Running,Running shell,130,,1,4,2,0.8,A 90 g waterproof shell that packs into its own pocket. Taped seams and a hood that stays up in wind. It packs to the size of a fist.,A 90 g waterproof shell that packs into its own pocket.,0,1,Running|Cycling,,,Recycled polyester,s-run-jacket-yellow.webp,s-run-jacket-yellow.webp,s-run-jacket-yellow.webp,s-run-jacket-yellow.webp,running-shell,S-RUN-JACKET-YELLOW,color,Yellow,,,
,,,,,,,,,,,,,,,,,,,,,,,,,,S-RUN-JACKET-BLACK,color,Black,,,
,,,,,,,,,,,,,,,,,,,,,,,,,,S-RUN-JACKET-BLUE,color,Blue,,,
S-RUN-SHORT-BLACK,Sports,simple,sports,Sports,,Split shorts Black,45,,1,1,2,0.8,"Five-inch split shorts with a brief liner and a zip pocket. The split lets the leg move, the liner stops the chafe. The pocket holds a phone.",Five-inch split shorts with a brief liner and a zip pocket.,43,1,Running,,Black,Recycled polyester,s-run-short-black.webp,s-run-short-black.webp,s-run-short-black.webp,s-run-short-black.webp,split-shorts-black,,,,,,
S-RUN-SHORT-BLUE-DARK,Sports,simple,sports,Sports,,Split shorts Blue Dark,45,,1,1,2,0.8,"Five-inch split shorts with a brief liner and a zip pocket. The split lets the leg move, the liner stops the chafe. The pocket holds a phone.",Five-inch split shorts with a brief liner and a zip pocket.,24,1,Running,,Blue Dark,Recycled polyester,s-run-short-blue-dark.webp,s-run-short-blue-dark.webp,s-run-short-blue-dark.webp,s-run-short-blue-dark.webp,split-shorts-blue-dark,,,,,,
S-RUN-SHORT-GREEN,Sports,simple,sports,Sports,,Split shorts Green,45,,1,1,2,0.8,"Five-inch split shorts with a brief liner and a zip pocket. The split lets the leg move, the liner stops the chafe. The pocket holds a phone.",Five-inch split shorts with a brief liner and a zip pocket.,38,1,Running,,Green,Recycled polyester,s-run-short-green.webp,s-run-short-green.webp,s-run-short-green.webp,s-run-short-green.webp,split-shorts-green,,,,,,
S-RUN-SHORT,Sports,configurable,sports,Sports,Running,Split shorts,45,,1,4,2,0.8,"Five-inch split shorts with a brief liner and a zip pocket. The split lets the leg move, the liner stops the chafe. The pocket holds a phone.",Five-inch split shorts with a brief liner and a zip pocket.,0,1,Running,,,Recycled polyester,s-run-short-black.webp,s-run-short-black.webp,s-run-short-black.webp,s-run-short-black.webp,split-shorts,S-RUN-SHORT-BLACK,color,Black,,,
,,,,,,,,,,,,,,,,,,,,,,,,,,S-RUN-SHORT-BLUE-DARK,color,Blue Dark,,,
,,,,,,,,,,,,,,,,,,,,,,,,,,S-RUN-SHORT-GREEN,color,Green,,,
S-RUN-TEE-WHITE,Sports,simple,sports,Sports,,Running tee White,40,,1,1,2,0.8,A recycled polyester tee with flat seams and a reflective hit. It dries in an hour and never smells of yesterday. Cut close without clinging.,A recycled polyester tee with flat seams and a reflective hit.,25,1,Running|Gym,,White,Recycled polyester,s-run-tee-white.webp,s-run-tee-white.webp,s-run-tee-white.webp,s-run-tee-white.webp,running-tee-white,,,,,,
S-RUN-TEE-BLACK,Sports,simple,sports,Sports,,Running tee Black,40,,1,1,2,0.8,A recycled polyester tee with flat seams and a reflective hit. It dries in an hour and never smells of yesterday. Cut close without clinging.,A recycled polyester tee with flat seams and a reflective hit.,48,1,Running|Gym,,Black,Recycled polyester,s-run-tee-black.webp,s-run-tee-black.webp,s-run-tee-black.webp,s-run-tee-black.webp,running-tee-black,,,,,,
S-RUN-TEE-ORANGE,Sports,simple,sports,Sports,,Running tee Orange,40,,1,1,2,0.8,A recycled polyester tee with flat seams and a reflective hit. It dries in an hour and never smells of yesterday. Cut close without clinging.,A recycled polyester tee with flat seams and a reflective hit.,33,1,Running|Gym,,Orange,Recycled polyester,s-run-tee-orange.webp,s-run-tee-orange.webp,s-run-tee-orange.webp,s-run-tee-orange.webp,running-tee-orange,,,,,,
S-RUN-TEE,Sports,configurable,sports,Sports,Running,Running tee,40,,1,4,2,0.8,A recycled polyester tee with flat seams and a reflective hit. It dries in an hour and never smells of yesterday. Cut close without clinging.,A recycled polyester tee with flat seams and a reflective hit.,0,1,Running|Gym,,,Recycled polyester,s-run-tee-white.webp,s-run-tee-white.webp,s-run-tee-white.webp,s-run-tee-white.webp,running-tee,S-RUN-TEE-WHITE,color,White,,,
,,,,,,,,,,,,,,,,,,,,,,,,,,S-RUN-TEE-BLACK,color,Black,,,
,,,,,,,,,,,,,,,,,,,,,,,,,,S-RUN-TEE-ORANGE,color,Orange,,,
,,,,Sports,Gym & Training,,,,,,,,,,,,,,,,,,,,,,,,,,
S-RUN-SOCKS-36,Sports,simple,sports,Sports,,"Running socks, 3 pack 36",24,,1,1,2,0.8,"Merino blend, cushioned heel, no seam at the toe. Merino keeps feet cool in summer and warm in winter. Three pairs in one colour.","Merino blend, cushioned heel, no seam at the toe.",28,1,Running|Hiking,36,Grey,Wool,s-run-socks.webp,s-run-socks.webp,s-run-socks.webp,s-run-socks.webp,running-socks-3-pack-36,,,,,,
S-RUN-SOCKS-39,Sports,simple,sports,Sports,,"Running socks, 3 pack 39",24,,1,1,2,0.8,"Merino blend, cushioned heel, no seam at the toe. Merino keeps feet cool in summer and warm in winter. Three pairs in one colour.","Merino blend, cushioned heel, no seam at the toe.",10,1,Running|Hiking,39,Grey,Wool,s-run-socks.webp,s-run-socks.webp,s-run-socks.webp,s-run-socks.webp,running-socks-3-pack-39,,,,,,
S-RUN-SOCKS-42,Sports,simple,sports,Sports,,"Running socks, 3 pack 42",24,,1,1,2,0.8,"Merino blend, cushioned heel, no seam at the toe. Merino keeps feet cool in summer and warm in winter. Three pairs in one colour.","Merino blend, cushioned heel, no seam at the toe.",14,1,Running|Hiking,42,Grey,Wool,s-run-socks.webp,s-run-socks.webp,s-run-socks.webp,s-run-socks.webp,running-socks-3-pack-42,,,,,,
S-RUN-SOCKS-45,Sports,simple,sports,Sports,,"Running socks, 3 pack 45",24,,1,1,2,0.8,"Merino blend, cushioned heel, no seam at the toe. Merino keeps feet cool in summer and warm in winter. Three pairs in one colour.","Merino blend, cushioned heel, no seam at the toe.",60,1,Running|Hiking,45,Grey,Wool,s-run-socks.webp,s-run-socks.webp,s-run-socks.webp,s-run-socks.webp,running-socks-3-pack-45,,,,,,
S-RUN-SOCKS,Sports,configurable,sports,Sports,Running,"Running socks, 3 pack",24,,1,4,2,0.8,"Merino blend, cushioned heel, no seam at the toe. Merino keeps feet cool in summer and warm in winter. Three pairs in one colour.","Merino blend, cushioned heel, no seam at the toe.",0,1,Running|Hiking,,Grey,Wool,s-run-socks.webp,s-run-socks.webp,s-run-socks.webp,s-run-socks.webp,running-socks-3-pack,S-RUN-SOCKS-36,size,36,,,
,,,,,,,,,,,,,,,,,,,,,,,,,,S-RUN-SOCKS-39,size,39,,,
,,,,,,,,,,,,,,,,,,,,,,,,,,S-RUN-SOCKS-42,size,42,,,
,,,,,,,,,,,,,,,,,,,,,,,,,,S-RUN-SOCKS-45,size,45,,,
S-HEADLAMP,Sports,simple,sports,Sports,Running,Running headlamp,60,,1,4,2,0.8,"A 400 lumen headlamp with a rechargeable battery and a red rear light. Enough light for a trail at speed, with a red light behind for the road. Charges by USB-C.",A 400 lumen headlamp with a rechargeable battery and a red rear light.,43,1,Running|Hiking,One size,Black,Nylon,s-headlamp.webp,s-headlamp.webp,s-headlamp.webp,s-headlamp.webp,running-headlamp,,,,,,
,,,,Sports,Hiking,,,,,,,,,,,,,,,,,,,,,,,,,,
S-WATCH-STRAP,Sports,simple,sports,Sports,Running,Running belt,25,,1,4,2,0.8,A stretch belt that holds a phone and a gel without bouncing. Two pockets that stretch and a buckle that stays flat. It fits most phones.,A stretch belt that holds a phone and a gel without bouncing.,42,1,Running,One size,Black,Nylon,s-watch-strap.webp,s-watch-strap.webp,s-watch-strap.webp,s-watch-strap.webp,running-belt,,,,,,
S-JERSEY-BLUE-DARK,Sports,simple,sports,Sports,,Cycling jersey Blue Dark,95,,1,1,2,0.8,"A race-fit jersey with three pockets and a full zip. Long in the back, short in the front, with a silicone gripper at the hem. The pockets hold a day of food.",A race-fit jersey with three pockets and a full zip.,52,1,Cycling,,Blue Dark,Recycled polyester,s-jersey-blue-dark.webp,s-jersey-blue-dark.webp,s-jersey-blue-dark.webp,s-jersey-blue-dark.webp,cycling-jersey-blue-dark,,,,,,
S-JERSEY-RED,Sports,simple,sports,Sports,,Cycling jersey Red,95,,1,1,2,0.8,"A race-fit jersey with three pockets and a full zip. Long in the back, short in the front, with a silicone gripper at the hem. The pockets hold a day of food.",A race-fit jersey with three pockets and a full zip.,41,1,Cycling,,Red,Recycled polyester,s-jersey-red.webp,s-jersey-red.webp,s-jersey-red.webp,s-jersey-red.webp,cycling-jersey-red,,,,,,
S-JERSEY-WHITE,Sports,simple,sports,Sports,,Cycling jersey White,95,,1,1,2,0.8,"A race-fit jersey with three pockets and a full zip. Long in the back, short in the front, with a silicone gripper at the hem. The pockets hold a day of food.",A race-fit jersey with three pockets and a full zip.,20,1,Cycling,,White,Recycled polyester,s-jersey-white.webp,s-jersey-white.webp,s-jersey-white.webp,s-jersey-white.webp,cycling-jersey-white,,,,,,
S-JERSEY,Sports,configurable,sports,Sports,Cycling,Cycling jersey,95,,1,4,2,0.8,"A race-fit jersey with three pockets and a full zip. Long in the back, short in the front, with a silicone gripper at the hem. The pockets hold a day of food.",A race-fit jersey with three pockets and a full zip.,0,1,Cycling,,,Recycled polyester,s-jersey-blue-dark.webp,s-jersey-blue-dark.webp,s-jersey-blue-dark.webp,s-jersey-blue-dark.webp,cycling-jersey,S-JERSEY-BLUE-DARK,color,Blue Dark,,,
,,,,,,,,,,,,,,,,,,,,,,,,,,S-JERSEY-RED,color,Red,,,
,,,,,,,,,,,,,,,,,,,,,,,,,,S-JERSEY-WHITE,color,White,,,
S-BIB-SHORT-XS,Sports,simple,sports,Sports,,Bib shorts XS,140,,1,1,2,0.8,A chamois that lasts six hours and straps that do not dig. The chamois is dense where you sit and thin where you do not. The leg grippers do not squeeze.,A chamois that lasts six hours and straps that do not dig.,44,1,Cycling,XS,Black,Recycled polyester,s-bib-short.webp,s-bib-short.webp,s-bib-short.webp,s-bib-short.webp,bib-shorts-xs,,,,,,
S-BIB-SHORT-S,Sports,simple,sports,Sports,,Bib shorts S,140,,1,1,2,0.8,A chamois that lasts six hours and straps that do not dig. The chamois is dense where you sit and thin where you do not. The leg grippers do not squeeze.,A chamois that lasts six hours and straps that do not dig.,17,1,Cycling,S,Black,Recycled polyester,s-bib-short.webp,s-bib-short.webp,s-bib-short.webp,s-bib-short.webp,bib-shorts-s,,,,,,
S-BIB-SHORT-M,Sports,simple,sports,Sports,,Bib shorts M,140,,1,1,2,0.8,A chamois that lasts six hours and straps that do not dig. The chamois is dense where you sit and thin where you do not. The leg grippers do not squeeze.,A chamois that lasts six hours and straps that do not dig.,50,1,Cycling,M,Black,Recycled polyester,s-bib-short.webp,s-bib-short.webp,s-bib-short.webp,s-bib-short.webp,bib-shorts-m,,,,,,
S-BIB-SHORT-L,Sports,simple,sports,Sports,,Bib shorts L,140,,1,1,2,0.8,A chamois that lasts six hours and straps that do not dig. The chamois is dense where you sit and thin where you do not. The leg grippers do not squeeze.,A chamois that lasts six hours and straps that do not dig.,37,1,Cycling,L,Black,Recycled polyester,s-bib-short.webp,s-bib-short.webp,s-bib-short.webp,s-bib-short.webp,bib-shorts-l,,,,,,
S-BIB-SHORT-XL,Sports,simple,sports,Sports,,Bib shorts XL,140,,1,1,2,0.8,A chamois that lasts six hours and straps that do not dig. The chamois is dense where you sit and thin where you do not. The leg grippers do not squeeze.,A chamois that lasts six hours and straps that do not dig.,52,1,Cycling,XL,Black,Recycled polyester,s-bib-short.webp,s-bib-short.webp,s-bib-short.webp,s-bib-short.webp,bib-shorts-xl,,,,,,
S-BIB-SHORT,Sports,configurable,sports,Sports,Cycling,Bib shorts,140,,1,4,2,0.8,A chamois that lasts six hours and straps that do not dig. The chamois is dense where you sit and thin where you do not. The leg grippers do not squeeze.,A chamois that lasts six hours and straps that do not dig.,0,1,Cycling,,Black,Recycled polyester,s-bib-short.webp,s-bib-short.webp,s-bib-short.webp,s-bib-short.webp,bib-shorts,S-BIB-SHORT-XS,size,XS,,,
,,,,,,,,,,,,,,,,,,,,,,,,,,S-BIB-SHORT-S,size,S,,,
,,,,,,,,,,,,,,,,,,,,,,,,,,S-BIB-SHORT-M,size,M,,,
,,,,,,,,,,,,,,,,,,,,,,,,,,S-BIB-SHORT-L,size,L,,,
,,,,,,,,,,,,,,,,,,,,,,,,,,S-BIB-SHORT-XL,size,XL,,,
S-HELMET-WHITE,Sports,simple,sports,Sports,,Road helmet White,160,,1,1,2,0.8,"A ventilated road helmet with rotational protection, 280 g. Twenty vents, a dial fit and a rear light mount. It passes every current standard.","A ventilated road helmet with rotational protection, 280 g.",45,1,Cycling,,White,Recycled polyester,s-helmet-white.webp,s-helmet-white.webp,s-helmet-white.webp,s-helmet-white.webp,road-helmet-white,,,,,,
S-HELMET-BLACK,Sports,simple,sports,Sports,,Road helmet Black,160,,1,1,2,0.8,"A ventilated road helmet with rotational protection, 280 g. Twenty vents, a dial fit and a rear light mount. It passes every current standard.","A ventilated road helmet with rotational protection, 280 g.",33,1,Cycling,,Black,Recycled polyester,s-helmet-black.webp,s-helmet-black.webp,s-helmet-black.webp,s-helmet-black.webp,road-helmet-black,,,,,,
S-HELMET-RED,Sports,simple,sports,Sports,,Road helmet Red,160,,1,1,2,0.8,"A ventilated road helmet with rotational protection, 280 g. Twenty vents, a dial fit and a rear light mount. It passes every current standard.","A ventilated road helmet with rotational protection, 280 g.",12,1,Cycling,,Red,Recycled polyester,s-helmet-red.webp,s-helmet-red.webp,s-helmet-red.webp,s-helmet-red.webp,road-helmet-red,,,,,,
S-HELMET,Sports,configurable,sports,Sports,Cycling,Road helmet,160,,1,4,2,0.8,"A ventilated road helmet with rotational protection, 280 g. Twenty vents, a dial fit and a rear light mount. It passes every current standard.","A ventilated road helmet with rotational protection, 280 g.",0,1,Cycling,,,Recycled polyester,s-helmet-white.webp,s-helmet-white.webp,s-helmet-white.webp,s-helmet-white.webp,road-helmet,S-HELMET-WHITE,color,White,,,
,,,,,,,,,,,,,,,,,,,,,,,,,,S-HELMET-BLACK,color,Black,,,
,,,,,,,,,,,,,,,,,,,,,,,,,,S-HELMET-RED,color,Red,,,
S-GILET-YELLOW,Sports,simple,sports,Sports,,Wind gilet Yellow,70,,1,1,2,0.8,"A packable gilet for the descent. A windproof front, a mesh back, and a pocket it packs into. It weighs 60 g.",A packable gilet for the descent.,33,1,Cycling|Running,,Yellow,Recycled polyester,s-gilet-yellow.webp,s-gilet-yellow.webp,s-gilet-yellow.webp,s-gilet-yellow.webp,wind-gilet-yellow,,,,,,
S-GILET-BLACK,Sports,simple,sports,Sports,,Wind gilet Black,70,,1,1,2,0.8,"A packable gilet for the descent. A windproof front, a mesh back, and a pocket it packs into. It weighs 60 g.",A packable gilet for the descent.,55,1,Cycling|Running,,Black,Recycled polyester,s-gilet-black.webp,s-gilet-black.webp,s-gilet-black.webp,s-gilet-black.webp,wind-gilet-black,,,,,,
S-GILET,Sports,configurable,sports,Sports,Cycling,Wind gilet,70,,1,4,2,0.8,"A packable gilet for the descent. A windproof front, a mesh back, and a pocket it packs into. It weighs 60 g.",A packable gilet for the descent.,0,1,Cycling|Running,,,Recycled polyester,s-gilet-yellow.webp,s-gilet-yellow.webp,s-gilet-yellow.webp,s-gilet-yellow.webp,wind-gilet,S-GILET-YELLOW,color,Yellow,,,
,,,,,,,,,,,,,,,,,,,,,,,,,,S-GILET-BLACK,color,Black,,,
S-GLOVES-S,Sports,simple,sports,Sports,,Cycling mitts S,30,,1,1,2,0.8,Gel-padded mitts with a terry thumb. Gel where the bars press and terry on the thumb for a runny nose. Velcro at the wrist.,Gel-padded mitts with a terry thumb.,60,1,Cycling,S,Black,Nylon,s-gloves.webp,s-gloves.webp,s-gloves.webp,s-gloves.webp,cycling-mitts-s,,,,,,
S-GLOVES-M,Sports,simple,sports,Sports,,Cycling mitts M,30,,1,1,2,0.8,Gel-padded mitts with a terry thumb. Gel where the bars press and terry on the thumb for a runny nose. Velcro at the wrist.,Gel-padded mitts with a terry thumb.,57,1,Cycling,M,Black,Nylon,s-gloves.webp,s-gloves.webp,s-gloves.webp,s-gloves.webp,cycling-mitts-m,,,,,,
S-GLOVES-L,Sports,simple,sports,Sports,,Cycling mitts L,30,,1,1,2,0.8,Gel-padded mitts with a terry thumb. Gel where the bars press and terry on the thumb for a runny nose. Velcro at the wrist.,Gel-padded mitts with a terry thumb.,43,1,Cycling,L,Black,Nylon,s-gloves.webp,s-gloves.webp,s-gloves.webp,s-gloves.webp,cycling-mitts-l,,,,,,
S-GLOVES,Sports,configurable,sports,Sports,Cycling,Cycling mitts,30,,1,4,2,0.8,Gel-padded mitts with a terry thumb. Gel where the bars press and terry on the thumb for a runny nose. Velcro at the wrist.,Gel-padded mitts with a terry thumb.,0,1,Cycling,,Black,Nylon,s-gloves.webp,s-gloves.webp,s-gloves.webp,s-gloves.webp,cycling-mitts,S-GLOVES-S,size,S,,,
,,,,,,,,,,,,,,,,,,,,,,,,,,S-GLOVES-M,size,M,,,
,,,,,,,,,,,,,,,,,,,,,,,,,,S-GLOVES-L,size,L,,,
S-BOTTLE-BLACK,Sports,simple,sports,Sports,,Insulated bottle Black,18,,1,1,2,0.8,A 650 ml insulated bottle that keeps water cold for three hours. Double-walled steel that fits a bike cage. The lid opens with one hand.,A 650 ml insulated bottle that keeps water cold for three hours.,11,1,Cycling|Gym|Running,One size,Black,Recycled polyester,s-bottle-black.webp,s-bottle-black.webp,s-bottle-black.webp,s-bottle-black.webp,insulated-bottle-black,,,,,,
S-BOTTLE-WHITE,Sports,simple,sports,Sports,,Insulated bottle White,18,,1,1,2,0.8,A 650 ml insulated bottle that keeps water cold for three hours. Double-walled steel that fits a bike cage. The lid opens with one hand.,A 650 ml insulated bottle that keeps water cold for three hours.,30,1,Cycling|Gym|Running,One size,White,Recycled polyester,s-bottle-white.webp,s-bottle-white.webp,s-bottle-white.webp,s-bottle-white.webp,insulated-bottle-white,,,,,,
S-BOTTLE-BLUE,Sports,simple,sports,Sports,,Insulated bottle Blue,18,,1,1,2,0.8,A 650 ml insulated bottle that keeps water cold for three hours. Double-walled steel that fits a bike cage. The lid opens with one hand.,A 650 ml insulated bottle that keeps water cold for three hours.,24,1,Cycling|Gym|Running,One size,Blue,Recycled polyester,s-bottle-blue.webp,s-bottle-blue.webp,s-bottle-blue.webp,s-bottle-blue.webp,insulated-bottle-blue,,,,,,
S-BOTTLE,Sports,configurable,sports,Sports,Cycling,Insulated bottle,18,,1,4,2,0.8,A 650 ml insulated bottle that keeps water cold for three hours. Double-walled steel that fits a bike cage. The lid opens with one hand.,A 650 ml insulated bottle that keeps water cold for three hours.,0,1,Cycling|Gym|Running,One size,,Recycled polyester,s-bottle-black.webp,s-bottle-black.webp,s-bottle-black.webp,s-bottle-black.webp,insulated-bottle,S-BOTTLE-BLACK,color,Black,,,
,,,,,,,,,,,,,,,,,,,,,,,,,,S-BOTTLE-WHITE,color,White,,,
,,,,,,,,,,,,,,,,,,,,,,,,,,S-BOTTLE-BLUE,color,Blue,,,
,,,,Sports,Gym & Training,,,,,,,,,,,,,,,,,,,,,,,,,,
S-BIKE-LIGHT,Sports,simple,sports,Sports,Cycling,Bike light set,55,,1,4,2,0.8,"A 600 lumen front and a 50 lumen rear, USB-C. The front light runs three hours on full, the rear light ten. Both mount without tools.","A 600 lumen front and a 50 lumen rear, USB-C.",49,1,Cycling,One size,Black,Nylon,s-bike-light.webp,s-bike-light.webp,s-bike-light.webp,s-bike-light.webp,bike-light-set,,,,,,
S-PUMP,Sports,simple,sports,Sports,Cycling,Mini pump,28,,1,4,2,0.8,A 100 psi mini pump with a hose and a frame mount. The hose saves the valve and the frame mount saves the pocket. It reaches 100 psi in a minute.,A 100 psi mini pump with a hose and a frame mount.,19,1,Cycling,One size,Silver,Stainless steel,s-pump.webp,s-pump.webp,s-pump.webp,s-pump.webp,mini-pump,,,,,,
S-KETTLEBELL-8,Sports,simple,sports,Sports,,Cast iron kettlebell 8,45,,1,1,2,0.8,"A powder-coated kettlebell with a smooth handle. Cast in one piece, so nothing loosens. Available from 8 to 32 kg.",A powder-coated kettlebell with a smooth handle.,59,1,Gym,8,Black,Stainless steel,s-kettlebell.webp,s-kettlebell.webp,s-kettlebell.webp,s-kettlebell.webp,cast-iron-kettlebell-8,,,,,,
S-KETTLEBELL-12,Sports,simple,sports,Sports,,Cast iron kettlebell 12,45,,1,1,2,0.8,"A powder-coated kettlebell with a smooth handle. Cast in one piece, so nothing loosens. Available from 8 to 32 kg.",A powder-coated kettlebell with a smooth handle.,41,1,Gym,12,Black,Stainless steel,s-kettlebell.webp,s-kettlebell.webp,s-kettlebell.webp,s-kettlebell.webp,cast-iron-kettlebell-12,,,,,,
S-KETTLEBELL-16,Sports,simple,sports,Sports,,Cast iron kettlebell 16,45,,1,1,2,0.8,"A powder-coated kettlebell with a smooth handle. Cast in one piece, so nothing loosens. Available from 8 to 32 kg.",A powder-coated kettlebell with a smooth handle.,53,1,Gym,16,Black,Stainless steel,s-kettlebell.webp,s-kettlebell.webp,s-kettlebell.webp,s-kettlebell.webp,cast-iron-kettlebell-16,,,,,,
S-KETTLEBELL-20,Sports,simple,sports,Sports,,Cast iron kettlebell 20,45,,1,1,2,0.8,"A powder-coated kettlebell with a smooth handle. Cast in one piece, so nothing loosens. Available from 8 to 32 kg.",A powder-coated kettlebell with a smooth handle.,52,1,Gym,20,Black,Stainless steel,s-kettlebell.webp,s-kettlebell.webp,s-kettlebell.webp,s-kettlebell.webp,cast-iron-kettlebell-20,,,,,,
S-KETTLEBELL-24,Sports,simple,sports,Sports,,Cast iron kettlebell 24,45,,1,1,2,0.8,"A powder-coated kettlebell with a smooth handle. Cast in one piece, so nothing loosens. Available from 8 to 32 kg.",A powder-coated kettlebell with a smooth handle.,37,1,Gym,24,Black,Stainless steel,s-kettlebell.webp,s-kettlebell.webp,s-kettlebell.webp,s-kettlebell.webp,cast-iron-kettlebell-24,,,,,,
S-KETTLEBELL,Sports,configurable,sports,Sports,Gym & Training,Cast iron kettlebell,45,,1,4,2,0.8,"A powder-coated kettlebell with a smooth handle. Cast in one piece, so nothing loosens. Available from 8 to 32 kg.",A powder-coated kettlebell with a smooth handle.,0,1,Gym,,Black,Stainless steel,s-kettlebell.webp,s-kettlebell.webp,s-kettlebell.webp,s-kettlebell.webp,cast-iron-kettlebell,S-KETTLEBELL-8,size,8,,,
,,,,,,,,,,,,,,,,,,,,,,,,,,S-KETTLEBELL-12,size,12,,,
,,,,,,,,,,,,,,,,,,,,,,,,,,S-KETTLEBELL-16,size,16,,,
,,,,,,,,,,,,,,,,,,,,,,,,,,S-KETTLEBELL-20,size,20,,,
,,,,,,,,,,,,,,,,,,,,,,,,,,S-KETTLEBELL-24,size,24,,,
S-DUMBBELLS,Sports,simple,sports,Sports,Gym & Training,Adjustable dumbbells,290,,1,4,2,0.8,A pair that goes from 2 to 24 kg with a dial. Turn the dial and the plates lock in. A whole rack in the space of one pair.,A pair that goes from 2 to 24 kg with a dial.,24,1,Gym,One size,Black,Stainless steel,s-dumbbells.webp,s-dumbbells.webp,s-dumbbells.webp,s-dumbbells.webp,adjustable-dumbbells,,,,,,
S-BANDS,Sports,simple,sports,Sports,Gym & Training,"Resistance bands, set of 5",30,,1,4,2,0.8,"Five latex bands from light to heavy, with a door anchor. Five tensions from 5 to 50 kg, with handles and a door anchor. They roll into the pouch.","Five latex bands from light to heavy, with a door anchor.",12,1,Gym|Yoga,One size,Green,Rubber,s-bands.webp,s-bands.webp,s-bands.webp,s-bands.webp,resistance-bands-set-of-5,,,,,,
,,,,Sports,Yoga & Recovery,,,,,,,,,,,,,,,,,,,,,,,,,,
S-BENCH,Sports,simple,sports,Sports,Gym & Training,Folding bench,180,,1,4,2,0.8,"A flat-to-incline bench that folds under a bed. Seven positions from flat to upright, rated for 300 kg. It folds in seconds.",A flat-to-incline bench that folds under a bed.,55,1,Gym,One size,Black,Stainless steel,s-bench.webp,s-bench.webp,s-bench.webp,s-bench.webp,folding-bench,,,,,,
S-JUMP-ROPE,Sports,simple,sports,Sports,Gym & Training,Speed rope,22,,1,4,2,0.8,A steel cable rope with ball bearings and a screw-lock length. The cable spins fast and the handles stay cool. Cut it to length once and lock it.,A steel cable rope with ball bearings and a screw-lock length.,15,1,Gym,One size,Black,Stainless steel,s-jump-rope.webp,s-jump-rope.webp,s-jump-rope.webp,s-jump-rope.webp,speed-rope,,,,,,
S-GYM-BAG-BLACK,Sports,simple,sports,Sports,,Gym duffel Black,65,,1,1,2,0.8,"A 35 litre duffel with a shoe pocket and a wet pocket. Shoes in one end, wet kit in the other, and a padded strap. It fits a locker.",A 35 litre duffel with a shoe pocket and a wet pocket.,45,1,Gym|Swimming,One size,Black,Nylon,s-gym-bag-black.webp,s-gym-bag-black.webp,s-gym-bag-black.webp,s-gym-bag-black.webp,gym-duffel-black,,,,,,
S-GYM-BAG-GREEN,Sports,simple,sports,Sports,,Gym duffel Green,65,,1,1,2,0.8,"A 35 litre duffel with a shoe pocket and a wet pocket. Shoes in one end, wet kit in the other, and a padded strap. It fits a locker.",A 35 litre duffel with a shoe pocket and a wet pocket.,49,1,Gym|Swimming,One size,Green,Nylon,s-gym-bag-green.webp,s-gym-bag-green.webp,s-gym-bag-green.webp,s-gym-bag-green.webp,gym-duffel-green,,,,,,
S-GYM-BAG,Sports,configurable,sports,Sports,Gym & Training,Gym duffel,65,,1,4,2,0.8,"A 35 litre duffel with a shoe pocket and a wet pocket. Shoes in one end, wet kit in the other, and a padded strap. It fits a locker.",A 35 litre duffel with a shoe pocket and a wet pocket.,0,1,Gym|Swimming,One size,,Nylon,s-gym-bag-black.webp,s-gym-bag-black.webp,s-gym-bag-black.webp,s-gym-bag-black.webp,gym-duffel,S-GYM-BAG-BLACK,color,Black,,,
,,,,,,,,,,,,,,,,,,,,,,,,,,S-GYM-BAG-GREEN,color,Green,,,
,,,,Sports,Swimming,,,,,,,,,,,,,,,,,,,,,,,,,,
S-TRAINING-TEE-BLACK,Sports,simple,sports,Sports,,Training tee Black,35,,1,1,2,0.8,"A boxy cotton blend tee for the gym. Heavy enough to hold its shape, light enough to train in. Washes without shrinking.",A boxy cotton blend tee for the gym.,14,1,Gym,,Black,Cotton,s-training-tee-black.webp,s-training-tee-black.webp,s-training-tee-black.webp,s-training-tee-black.webp,training-tee-black,,,,,,
S-TRAINING-TEE-GREY,Sports,simple,sports,Sports,,Training tee Grey,35,,1,1,2,0.8,"A boxy cotton blend tee for the gym. Heavy enough to hold its shape, light enough to train in. Washes without shrinking.",A boxy cotton blend tee for the gym.,36,1,Gym,,Grey,Cotton,s-training-tee-grey.webp,s-training-tee-grey.webp,s-training-tee-grey.webp,s-training-tee-grey.webp,training-tee-grey,,,,,,
S-TRAINING-TEE-WHITE,Sports,simple,sports,Sports,,Training tee White,35,,1,1,2,0.8,"A boxy cotton blend tee for the gym. Heavy enough to hold its shape, light enough to train in. Washes without shrinking.",A boxy cotton blend tee for the gym.,37,1,Gym,,White,Cotton,s-training-tee-white.webp,s-training-tee-white.webp,s-training-tee-white.webp,s-training-tee-white.webp,training-tee-white,,,,,,
S-TRAINING-TEE,Sports,configurable,sports,Sports,Gym & Training,Training tee,35,,1,4,2,0.8,"A boxy cotton blend tee for the gym. Heavy enough to hold its shape, light enough to train in. Washes without shrinking.",A boxy cotton blend tee for the gym.,0,1,Gym,,,Cotton,s-training-tee-black.webp,s-training-tee-black.webp,s-training-tee-black.webp,s-training-tee-black.webp,training-tee,S-TRAINING-TEE-BLACK,color,Black,,,
,,,,,,,,,,,,,,,,,,,,,,,,,,S-TRAINING-TEE-GREY,color,Grey,,,
,,,,,,,,,,,,,,,,,,,,,,,,,,S-TRAINING-TEE-WHITE,color,White,,,
S-YOGA-MAT,Sports,simple,sports,Sports,Yoga & Recovery,Cork yoga mat,85,,1,4,2,0.8,A 4 mm natural rubber mat with a cork top that grips more when wet. The cork top is naturally antibacterial and grips better as you sweat. It rolls with a cotton strap.,A 4 mm natural rubber mat with a cork top that grips more when wet.,45,1,Yoga,One size,Tan,Rubber,s-yoga-mat.webp,s-yoga-mat.webp,s-yoga-mat.webp,s-yoga-mat.webp,cork-yoga-mat,,,,,,
S-RUBBER-MAT-GREEN,Sports,simple,sports,Sports,,Rubber yoga mat Green,70,,1,1,2,0.8,"A 5 mm natural rubber mat, 183 cm long. Grippy on both sides, cushioned enough for knees. It weighs 2.5 kg.","A 5 mm natural rubber mat, 183 cm long.",42,1,Yoga|Gym,One size,Green,Rubber,s-rubber-mat-green.webp,s-rubber-mat-green.webp,s-rubber-mat-green.webp,s-rubber-mat-green.webp,rubber-yoga-mat-green,,,,,,
S-RUBBER-MAT-CHARCOAL,Sports,simple,sports,Sports,,Rubber yoga mat Charcoal,70,,1,1,2,0.8,"A 5 mm natural rubber mat, 183 cm long. Grippy on both sides, cushioned enough for knees. It weighs 2.5 kg.","A 5 mm natural rubber mat, 183 cm long.",22,1,Yoga|Gym,One size,Charcoal,Rubber,s-rubber-mat-charcoal.webp,s-rubber-mat-charcoal.webp,s-rubber-mat-charcoal.webp,s-rubber-mat-charcoal.webp,rubber-yoga-mat-charcoal,,,,,,
S-RUBBER-MAT-PURPLE,Sports,simple,sports,Sports,,Rubber yoga mat Purple,70,,1,1,2,0.8,"A 5 mm natural rubber mat, 183 cm long. Grippy on both sides, cushioned enough for knees. It weighs 2.5 kg.","A 5 mm natural rubber mat, 183 cm long.",27,1,Yoga|Gym,One size,Purple,Rubber,s-rubber-mat-purple.webp,s-rubber-mat-purple.webp,s-rubber-mat-purple.webp,s-rubber-mat-purple.webp,rubber-yoga-mat-purple,,,,,,
S-RUBBER-MAT,Sports,configurable,sports,Sports,Yoga & Recovery,Rubber yoga mat,70,,1,4,2,0.8,"A 5 mm natural rubber mat, 183 cm long. Grippy on both sides, cushioned enough for knees. It weighs 2.5 kg.","A 5 mm natural rubber mat, 183 cm long.",0,1,Yoga|Gym,One size,,Rubber,s-rubber-mat-green.webp,s-rubber-mat-green.webp,s-rubber-mat-green.webp,s-rubber-mat-green.webp,rubber-yoga-mat,S-RUBBER-MAT-GREEN,color,Green,,,
,,,,,,,,,,,,,,,,,,,,,,,,,,S-RUBBER-MAT-CHARCOAL,color,Charcoal,,,
,,,,,,,,,,,,,,,,,,,,,,,,,,S-RUBBER-MAT-PURPLE,color,Purple,,,
,,,,Sports,Gym & Training,,,,,,,,,,,,,,,,,,,,,,,,,,
S-BLOCKS,Sports,simple,sports,Sports,Yoga & Recovery,"Cork blocks, pair",28,,1,4,2,0.8,"Two cork blocks with rounded edges. Light, firm and warm to the touch. They wipe clean.",Two cork blocks with rounded edges.,45,1,Yoga,One size,Tan,Bamboo,s-blocks.webp,s-blocks.webp,s-blocks.webp,s-blocks.webp,cork-blocks-pair,,,,,,
S-STRAP,Sports,simple,sports,Sports,Yoga & Recovery,Yoga strap,12,,1,4,2,0.8,A 2.5 m cotton strap with a metal buckle. A long strap for deep stretches and a buckle that holds. It washes with the towels.,A 2.5 m cotton strap with a metal buckle.,45,1,Yoga,One size,Oatmeal,Cotton,s-strap.webp,s-strap.webp,s-strap.webp,s-strap.webp,yoga-strap,,,,,,
S-ROLLER,Sports,simple,sports,Sports,Yoga & Recovery,Foam roller,35,,1,4,2,0.8,"A 33 cm medium density roller. Firm enough for legs, forgiving enough for backs. It does not lose its shape.",A 33 cm medium density roller.,34,1,Yoga|Running|Cycling,One size,Black,Rubber,s-roller.webp,s-roller.webp,s-roller.webp,s-roller.webp,foam-roller,,,,,,
,,,,Sports,Running,,,,,,,,,,,,,,,,,,,,,,,,,,
S-MASSAGE-BALL,Sports,simple,sports,Sports,Yoga & Recovery,Massage ball set,18,,1,4,2,0.8,"A lacrosse ball and a peanut, for feet and backs. The ball reaches the small muscles and the peanut sits either side of the spine. Both fit a pocket.","A lacrosse ball and a peanut, for feet and backs.",45,1,Yoga|Running,One size,Black,Rubber,s-massage-ball.webp,s-massage-ball.webp,s-massage-ball.webp,s-massage-ball.webp,massage-ball-set,,,,,,
S-HIKING-BOOT-BROWN,Sports,simple,sports,Sports,,Hiking boot Brown,190,,1,1,2,0.8,"A waterproof leather boot with a stiff sole and no break-in. Full-grain leather, a waterproof lining and a sole that grips wet rock. Comfortable from the first walk.",A waterproof leather boot with a stiff sole and no break-in.,54,1,Hiking,,Brown,Leather,s-hiking-boot-brown.webp,s-hiking-boot-brown.webp,s-hiking-boot-brown.webp,s-hiking-boot-brown.webp,hiking-boot-brown,,,,,,
S-HIKING-BOOT-CHARCOAL,Sports,simple,sports,Sports,,Hiking boot Charcoal,190,,1,1,2,0.8,"A waterproof leather boot with a stiff sole and no break-in. Full-grain leather, a waterproof lining and a sole that grips wet rock. Comfortable from the first walk.",A waterproof leather boot with a stiff sole and no break-in.,30,1,Hiking,,Charcoal,Leather,s-hiking-boot-charcoal.webp,s-hiking-boot-charcoal.webp,s-hiking-boot-charcoal.webp,s-hiking-boot-charcoal.webp,hiking-boot-charcoal,,,,,,
S-HIKING-BOOT,Sports,configurable,sports,Sports,Hiking,Hiking boot,190,,1,4,2,0.8,"A waterproof leather boot with a stiff sole and no break-in. Full-grain leather, a waterproof lining and a sole that grips wet rock. Comfortable from the first walk.",A waterproof leather boot with a stiff sole and no break-in.,0,1,Hiking,,,Leather,s-hiking-boot-brown.webp,s-hiking-boot-brown.webp,s-hiking-boot-brown.webp,s-hiking-boot-brown.webp,hiking-boot,S-HIKING-BOOT-BROWN,color,Brown,,,
,,,,,,,,,,,,,,,,,,,,,,,,,,S-HIKING-BOOT-CHARCOAL,color,Charcoal,,,
S-HIKING-SHOE-38,Sports,simple,sports,Sports,,Hiking shoe 38,140,,1,1,2,0.8,"A low waterproof shoe for fast days. Light, waterproof and grippy, for long days at speed. It dries overnight.",A low waterproof shoe for fast days.,12,1,Hiking,38,Grey,Recycled polyester,s-hiking-shoe.webp,s-hiking-shoe.webp,s-hiking-shoe.webp,s-hiking-shoe.webp,hiking-shoe-38,,,,,,
S-HIKING-SHOE-39,Sports,simple,sports,Sports,,Hiking shoe 39,140,,1,1,2,0.8,"A low waterproof shoe for fast days. Light, waterproof and grippy, for long days at speed. It dries overnight.",A low waterproof shoe for fast days.,49,1,Hiking,39,Grey,Recycled polyester,s-hiking-shoe.webp,s-hiking-shoe.webp,s-hiking-shoe.webp,s-hiking-shoe.webp,hiking-shoe-39,,,,,,
S-HIKING-SHOE-40,Sports,simple,sports,Sports,,Hiking shoe 40,140,,1,1,2,0.8,"A low waterproof shoe for fast days. Light, waterproof and grippy, for long days at speed. It dries overnight.",A low waterproof shoe for fast days.,42,1,Hiking,40,Grey,Recycled polyester,s-hiking-shoe.webp,s-hiking-shoe.webp,s-hiking-shoe.webp,s-hiking-shoe.webp,hiking-shoe-40,,,,,,
S-HIKING-SHOE-41,Sports,simple,sports,Sports,,Hiking shoe 41,140,,1,1,2,0.8,"A low waterproof shoe for fast days. Light, waterproof and grippy, for long days at speed. It dries overnight.",A low waterproof shoe for fast days.,55,1,Hiking,41,Grey,Recycled polyester,s-hiking-shoe.webp,s-hiking-shoe.webp,s-hiking-shoe.webp,s-hiking-shoe.webp,hiking-shoe-41,,,,,,
S-HIKING-SHOE-42,Sports,simple,sports,Sports,,Hiking shoe 42,140,,1,1,2,0.8,"A low waterproof shoe for fast days. Light, waterproof and grippy, for long days at speed. It dries overnight.",A low waterproof shoe for fast days.,13,1,Hiking,42,Grey,Recycled polyester,s-hiking-shoe.webp,s-hiking-shoe.webp,s-hiking-shoe.webp,s-hiking-shoe.webp,hiking-shoe-42,,,,,,
S-HIKING-SHOE-43,Sports,simple,sports,Sports,,Hiking shoe 43,140,,1,1,2,0.8,"A low waterproof shoe for fast days. Light, waterproof and grippy, for long days at speed. It dries overnight.",A low waterproof shoe for fast days.,44,1,Hiking,43,Grey,Recycled polyester,s-hiking-shoe.webp,s-hiking-shoe.webp,s-hiking-shoe.webp,s-hiking-shoe.webp,hiking-shoe-43,,,,,,
S-HIKING-SHOE-44,Sports,simple,sports,Sports,,Hiking shoe 44,140,,1,1,2,0.8,"A low waterproof shoe for fast days. Light, waterproof and grippy, for long days at speed. It dries overnight.",A low waterproof shoe for fast days.,36,1,Hiking,44,Grey,Recycled polyester,s-hiking-shoe.webp,s-hiking-shoe.webp,s-hiking-shoe.webp,s-hiking-shoe.webp,hiking-shoe-44,,,,,,
S-HIKING-SHOE-45,Sports,simple,sports,Sports,,Hiking shoe 45,140,,1,1,2,0.8,"A low waterproof shoe for fast days. Light, waterproof and grippy, for long days at speed. It dries overnight.",A low waterproof shoe for fast days.,8,1,Hiking,45,Grey,Recycled polyester,s-hiking-shoe.webp,s-hiking-shoe.webp,s-hiking-shoe.webp,s-hiking-shoe.webp,hiking-shoe-45,,,,,,
S-HIKING-SHOE,Sports,configurable,sports,Sports,Hiking,Hiking shoe,140,,1,4,2,0.8,"A low waterproof shoe for fast days. Light, waterproof and grippy, for long days at speed. It dries overnight.",A low waterproof shoe for fast days.,0,1,Hiking,,Grey,Recycled polyester,s-hiking-shoe.webp,s-hiking-shoe.webp,s-hiking-shoe.webp,s-hiking-shoe.webp,hiking-shoe,S-HIKING-SHOE-38,size,38,,,
,,,,,,,,,,,,,,,,,,,,,,,,,,S-HIKING-SHOE-39,size,39,,,
,,,,,,,,,,,,,,,,,,,,,,,,,,S-HIKING-SHOE-40,size,40,,,
,,,,,,,,,,,,,,,,,,,,,,,,,,S-HIKING-SHOE-41,size,41,,,
,,,,,,,,,,,,,,,,,,,,,,,,,,S-HIKING-SHOE-42,size,42,,,
,,,,,,,,,,,,,,,,,,,,,,,,,,S-HIKING-SHOE-43,size,43,,,
,,,,,,,,,,,,,,,,,,,,,,,,,,S-HIKING-SHOE-44,size,44,,,
,,,,,,,,,,,,,,,,,,,,,,,,,,S-HIKING-SHOE-45,size,45,,,
S-DAYPACK-GREEN,Sports,simple,sports,Sports,,Daypack 25 Green,110,,1,1,2,0.8,"A 25 litre pack at 780 g, with a rain cover and a hydration sleeve. Enough room for a day in the hills, with a hip belt that carries the weight. The rain cover lives in its own pocket.","A 25 litre pack at 780 g, with a rain cover and a hydration sleeve.",42,1,Hiking,One size,Green,Nylon,s-daypack-green.webp,s-daypack-green.webp,s-daypack-green.webp,s-daypack-green.webp,daypack-25-green,,,,,,
S-DAYPACK-BLUE-DARK,Sports,simple,sports,Sports,,Daypack 25 Blue Dark,110,,1,1,2,0.8,"A 25 litre pack at 780 g, with a rain cover and a hydration sleeve. Enough room for a day in the hills, with a hip belt that carries the weight. The rain cover lives in its own pocket.","A 25 litre pack at 780 g, with a rain cover and a hydration sleeve.",41,1,Hiking,One size,Blue Dark,Nylon,s-daypack-blue-dark.webp,s-daypack-blue-dark.webp,s-daypack-blue-dark.webp,s-daypack-blue-dark.webp,daypack-25-blue-dark,,,,,,
S-DAYPACK-ORANGE,Sports,simple,sports,Sports,,Daypack 25 Orange,110,,1,1,2,0.8,"A 25 litre pack at 780 g, with a rain cover and a hydration sleeve. Enough room for a day in the hills, with a hip belt that carries the weight. The rain cover lives in its own pocket.","A 25 litre pack at 780 g, with a rain cover and a hydration sleeve.",53,1,Hiking,One size,Orange,Nylon,s-daypack-orange.webp,s-daypack-orange.webp,s-daypack-orange.webp,s-daypack-orange.webp,daypack-25-orange,,,,,,
S-DAYPACK,Sports,configurable,sports,Sports,Hiking,Daypack 25,110,,1,4,2,0.8,"A 25 litre pack at 780 g, with a rain cover and a hydration sleeve. Enough room for a day in the hills, with a hip belt that carries the weight. The rain cover lives in its own pocket.","A 25 litre pack at 780 g, with a rain cover and a hydration sleeve.",0,1,Hiking,One size,,Nylon,s-daypack-green.webp,s-daypack-green.webp,s-daypack-green.webp,s-daypack-green.webp,daypack-25,S-DAYPACK-GREEN,color,Green,,,
,,,,,,,,,,,,,,,,,,,,,,,,,,S-DAYPACK-BLUE-DARK,color,Blue Dark,,,
,,,,,,,,,,,,,,,,,,,,,,,,,,S-DAYPACK-ORANGE,color,Orange,,,
S-SHELL-BLUE,Sports,simple,sports,Sports,,Three-layer shell Blue,260,,1,1,2,0.8,"A 20 000 mm waterproof shell with pit zips and a helmet hood. The kind of jacket you buy once. Pit zips for the climb, a hood that fits a helmet, and a lifetime repair promise.",A 20 000 mm waterproof shell with pit zips and a helmet hood.,33,1,Hiking|Cycling,,Blue,Recycled polyester,s-shell-blue.webp,s-shell-blue.webp,s-shell-blue.webp,s-shell-blue.webp,three-layer-shell-blue,,,,,,
S-SHELL-RED,Sports,simple,sports,Sports,,Three-layer shell Red,260,,1,1,2,0.8,"A 20 000 mm waterproof shell with pit zips and a helmet hood. The kind of jacket you buy once. Pit zips for the climb, a hood that fits a helmet, and a lifetime repair promise.",A 20 000 mm waterproof shell with pit zips and a helmet hood.,29,1,Hiking|Cycling,,Red,Recycled polyester,s-shell-red.webp,s-shell-red.webp,s-shell-red.webp,s-shell-red.webp,three-layer-shell-red,,,,,,
S-SHELL-BLACK,Sports,simple,sports,Sports,,Three-layer shell Black,260,,1,1,2,0.8,"A 20 000 mm waterproof shell with pit zips and a helmet hood. The kind of jacket you buy once. Pit zips for the climb, a hood that fits a helmet, and a lifetime repair promise.",A 20 000 mm waterproof shell with pit zips and a helmet hood.,22,1,Hiking|Cycling,,Black,Recycled polyester,s-shell-black.webp,s-shell-black.webp,s-shell-black.webp,s-shell-black.webp,three-layer-shell-black,,,,,,
S-SHELL,Sports,configurable,sports,Sports,Hiking,Three-layer shell,260,,1,4,2,0.8,"A 20 000 mm waterproof shell with pit zips and a helmet hood. The kind of jacket you buy once. Pit zips for the climb, a hood that fits a helmet, and a lifetime repair promise.",A 20 000 mm waterproof shell with pit zips and a helmet hood.,0,1,Hiking|Cycling,,,Recycled polyester,s-shell-blue.webp,s-shell-blue.webp,s-shell-blue.webp,s-shell-blue.webp,three-layer-shell,S-SHELL-BLUE,color,Blue,,,
,,,,,,,,,,,,,,,,,,,,,,,,,,S-SHELL-RED,color,Red,,,
,,,,,,,,,,,,,,,,,,,,,,,,,,S-SHELL-BLACK,color,Black,,,
,,,,Sports,Cycling,,,,,,,,,,,,,,,,,,,,,,,,,,
S-FLEECE-GREEN,Sports,simple,sports,Sports,,Grid fleece Green,90,,1,1,2,0.8,A light grid fleece that breathes on the climb. The grid traps warmth and lets sweat through. It layers under the shell without bulk.,A light grid fleece that breathes on the climb.,28,1,Hiking|Running,,Green,Recycled polyester,s-fleece-green.webp,s-fleece-green.webp,s-fleece-green.webp,s-fleece-green.webp,grid-fleece-green,,,,,,
S-FLEECE-GREY,Sports,simple,sports,Sports,,Grid fleece Grey,90,,1,1,2,0.8,A light grid fleece that breathes on the climb. The grid traps warmth and lets sweat through. It layers under the shell without bulk.,A light grid fleece that breathes on the climb.,18,1,Hiking|Running,,Grey,Recycled polyester,s-fleece-grey.webp,s-fleece-grey.webp,s-fleece-grey.webp,s-fleece-grey.webp,grid-fleece-grey,,,,,,
S-FLEECE-BLUE-DARK,Sports,simple,sports,Sports,,Grid fleece Blue Dark,90,,1,1,2,0.8,A light grid fleece that breathes on the climb. The grid traps warmth and lets sweat through. It layers under the shell without bulk.,A light grid fleece that breathes on the climb.,18,1,Hiking|Running,,Blue Dark,Recycled polyester,s-fleece-blue-dark.webp,s-fleece-blue-dark.webp,s-fleece-blue-dark.webp,s-fleece-blue-dark.webp,grid-fleece-blue-dark,,,,,,
S-FLEECE,Sports,configurable,sports,Sports,Hiking,Grid fleece,90,,1,4,2,0.8,A light grid fleece that breathes on the climb. The grid traps warmth and lets sweat through. It layers under the shell without bulk.,A light grid fleece that breathes on the climb.,0,1,Hiking|Running,,,Recycled polyester,s-fleece-green.webp,s-fleece-green.webp,s-fleece-green.webp,s-fleece-green.webp,grid-fleece,S-FLEECE-GREEN,color,Green,,,
,,,,,,,,,,,,,,,,,,,,,,,,,,S-FLEECE-GREY,color,Grey,,,
,,,,,,,,,,,,,,,,,,,,,,,,,,S-FLEECE-BLUE-DARK,color,Blue Dark,,,
,,,,Sports,Running,,,,,,,,,,,,,,,,,,,,,,,,,,
S-POLES,Sports,simple,sports,Sports,Hiking,Carbon poles,120,,1,4,2,0.8,"Folding carbon poles at 180 g each, with cork grips. They fold into three and fit a pack. The cork grips shape to the hand.","Folding carbon poles at 180 g each, with cork grips.",44,1,Hiking|Running,One size,Black,Nylon,s-poles.webp,s-poles.webp,s-poles.webp,s-poles.webp,carbon-poles,,,,,,
S-HIKE-SOCKS-36,Sports,simple,sports,Sports,,"Hiking socks, 2 pack 36",26,,1,1,2,0.8,Merino socks with a cushioned sole. Merino with a cushioned sole and a snug arch. No blisters on a three-day walk.,Merino socks with a cushioned sole.,53,1,Hiking,36,Grey,Wool,s-hike-socks.webp,s-hike-socks.webp,s-hike-socks.webp,s-hike-socks.webp,hiking-socks-2-pack-36,,,,,,
S-HIKE-SOCKS-39,Sports,simple,sports,Sports,,"Hiking socks, 2 pack 39",26,,1,1,2,0.8,Merino socks with a cushioned sole. Merino with a cushioned sole and a snug arch. No blisters on a three-day walk.,Merino socks with a cushioned sole.,28,1,Hiking,39,Grey,Wool,s-hike-socks.webp,s-hike-socks.webp,s-hike-socks.webp,s-hike-socks.webp,hiking-socks-2-pack-39,,,,,,
S-HIKE-SOCKS-42,Sports,simple,sports,Sports,,"Hiking socks, 2 pack 42",26,,1,1,2,0.8,Merino socks with a cushioned sole. Merino with a cushioned sole and a snug arch. No blisters on a three-day walk.,Merino socks with a cushioned sole.,40,1,Hiking,42,Grey,Wool,s-hike-socks.webp,s-hike-socks.webp,s-hike-socks.webp,s-hike-socks.webp,hiking-socks-2-pack-42,,,,,,
S-HIKE-SOCKS-45,Sports,simple,sports,Sports,,"Hiking socks, 2 pack 45",26,,1,1,2,0.8,Merino socks with a cushioned sole. Merino with a cushioned sole and a snug arch. No blisters on a three-day walk.,Merino socks with a cushioned sole.,24,1,Hiking,45,Grey,Wool,s-hike-socks.webp,s-hike-socks.webp,s-hike-socks.webp,s-hike-socks.webp,hiking-socks-2-pack-45,,,,,,
S-HIKE-SOCKS,Sports,configurable,sports,Sports,Hiking,"Hiking socks, 2 pack",26,,1,4,2,0.8,Merino socks with a cushioned sole. Merino with a cushioned sole and a snug arch. No blisters on a three-day walk.,Merino socks with a cushioned sole.,0,1,Hiking,,Grey,Wool,s-hike-socks.webp,s-hike-socks.webp,s-hike-socks.webp,s-hike-socks.webp,hiking-socks-2-pack,S-HIKE-SOCKS-36,size,36,,,
,,,,,,,,,,,,,,,,,,,,,,,,,,S-HIKE-SOCKS-39,size,39,,,
,,,,,,,,,,,,,,,,,,,,,,,,,,S-HIKE-SOCKS-42,size,42,,,
,,,,,,,,,,,,,,,,,,,,,,,,,,S-HIKE-SOCKS-45,size,45,,,
S-GOGGLES-BLACK,Sports,simple,sports,Sports,,Swim goggles Black,32,,1,1,2,0.8,Low-profile goggles with a curved lens and five nose bridges. The curved lens gives a wide view and the five bridges give a real fit. Anti-fog inside.,Low-profile goggles with a curved lens and five nose bridges.,32,1,Swimming,One size,Black,Rubber,s-goggles-black.webp,s-goggles-black.webp,s-goggles-black.webp,s-goggles-black.webp,swim-goggles-black,,,,,,
S-GOGGLES-BLUE,Sports,simple,sports,Sports,,Swim goggles Blue,32,,1,1,2,0.8,Low-profile goggles with a curved lens and five nose bridges. The curved lens gives a wide view and the five bridges give a real fit. Anti-fog inside.,Low-profile goggles with a curved lens and five nose bridges.,25,1,Swimming,One size,Blue,Rubber,s-goggles-blue.webp,s-goggles-blue.webp,s-goggles-blue.webp,s-goggles-blue.webp,swim-goggles-blue,,,,,,
S-GOGGLES-SILVER,Sports,simple,sports,Sports,,Swim goggles Silver,32,,1,1,2,0.8,Low-profile goggles with a curved lens and five nose bridges. The curved lens gives a wide view and the five bridges give a real fit. Anti-fog inside.,Low-profile goggles with a curved lens and five nose bridges.,8,1,Swimming,One size,Silver,Rubber,s-goggles-silver.webp,s-goggles-silver.webp,s-goggles-silver.webp,s-goggles-silver.webp,swim-goggles-silver,,,,,,
S-GOGGLES,Sports,configurable,sports,Sports,Swimming,Swim goggles,32,,1,4,2,0.8,Low-profile goggles with a curved lens and five nose bridges. The curved lens gives a wide view and the five bridges give a real fit. Anti-fog inside.,Low-profile goggles with a curved lens and five nose bridges.,0,1,Swimming,One size,,Rubber,s-goggles-black.webp,s-goggles-black.webp,s-goggles-black.webp,s-goggles-black.webp,swim-goggles,S-GOGGLES-BLACK,color,Black,,,
,,,,,,,,,,,,,,,,,,,,,,,,,,S-GOGGLES-BLUE,color,Blue,,,
,,,,,,,,,,,,,,,,,,,,,,,,,,S-GOGGLES-SILVER,color,Silver,,,
S-SWIMSUIT-BLACK,Sports,simple,sports,Sports,,Training swimsuit Black,55,,1,1,2,0.8,A chlorine-proof one-piece with a medium back. Chlorine-proof fabric that keeps its shape for a year of mornings. The medium back gives free shoulders.,A chlorine-proof one-piece with a medium back.,59,1,Swimming,,Black,Recycled polyester,s-swimsuit-black.webp,s-swimsuit-black.webp,s-swimsuit-black.webp,s-swimsuit-black.webp,training-swimsuit-black,,,,,,
S-SWIMSUIT-BLUE-DARK,Sports,simple,sports,Sports,,Training swimsuit Blue Dark,55,,1,1,2,0.8,A chlorine-proof one-piece with a medium back. Chlorine-proof fabric that keeps its shape for a year of mornings. The medium back gives free shoulders.,A chlorine-proof one-piece with a medium back.,58,1,Swimming,,Blue Dark,Recycled polyester,s-swimsuit-blue-dark.webp,s-swimsuit-blue-dark.webp,s-swimsuit-blue-dark.webp,s-swimsuit-blue-dark.webp,training-swimsuit-blue-dark,,,,,,
S-SWIMSUIT,Sports,configurable,sports,Sports,Swimming,Training swimsuit,55,,1,4,2,0.8,A chlorine-proof one-piece with a medium back. Chlorine-proof fabric that keeps its shape for a year of mornings. The medium back gives free shoulders.,A chlorine-proof one-piece with a medium back.,0,1,Swimming,,,Recycled polyester,s-swimsuit-black.webp,s-swimsuit-black.webp,s-swimsuit-black.webp,s-swimsuit-black.webp,training-swimsuit,S-SWIMSUIT-BLACK,color,Black,,,
,,,,,,,,,,,,,,,,,,,,,,,,,,S-SWIMSUIT-BLUE-DARK,color,Blue Dark,,,
S-JAMMERS-XS,Sports,simple,sports,Sports,,Training jammers XS,45,,1,1,2,0.8,Knee-length jammers that last a season of chlorine. A drawstring waist and a fabric that lasts. Quick to dry.,Knee-length jammers that last a season of chlorine.,57,1,Swimming,XS,Black,Recycled polyester,s-jammers.webp,s-jammers.webp,s-jammers.webp,s-jammers.webp,training-jammers-xs,,,,,,
S-JAMMERS-S,Sports,simple,sports,Sports,,Training jammers S,45,,1,1,2,0.8,Knee-length jammers that last a season of chlorine. A drawstring waist and a fabric that lasts. Quick to dry.,Knee-length jammers that last a season of chlorine.,58,1,Swimming,S,Black,Recycled polyester,s-jammers.webp,s-jammers.webp,s-jammers.webp,s-jammers.webp,training-jammers-s,,,,,,
S-JAMMERS-M,Sports,simple,sports,Sports,,Training jammers M,45,,1,1,2,0.8,Knee-length jammers that last a season of chlorine. A drawstring waist and a fabric that lasts. Quick to dry.,Knee-length jammers that last a season of chlorine.,19,1,Swimming,M,Black,Recycled polyester,s-jammers.webp,s-jammers.webp,s-jammers.webp,s-jammers.webp,training-jammers-m,,,,,,
S-JAMMERS-L,Sports,simple,sports,Sports,,Training jammers L,45,,1,1,2,0.8,Knee-length jammers that last a season of chlorine. A drawstring waist and a fabric that lasts. Quick to dry.,Knee-length jammers that last a season of chlorine.,58,1,Swimming,L,Black,Recycled polyester,s-jammers.webp,s-jammers.webp,s-jammers.webp,s-jammers.webp,training-jammers-l,,,,,,
S-JAMMERS-XL,Sports,simple,sports,Sports,,Training jammers XL,45,,1,1,2,0.8,Knee-length jammers that last a season of chlorine. A drawstring waist and a fabric that lasts. Quick to dry.,Knee-length jammers that last a season of chlorine.,14,1,Swimming,XL,Black,Recycled polyester,s-jammers.webp,s-jammers.webp,s-jammers.webp,s-jammers.webp,training-jammers-xl,,,,,,
S-JAMMERS,Sports,configurable,sports,Sports,Swimming,Training jammers,45,,1,4,2,0.8,Knee-length jammers that last a season of chlorine. A drawstring waist and a fabric that lasts. Quick to dry.,Knee-length jammers that last a season of chlorine.,0,1,Swimming,,Black,Recycled polyester,s-jammers.webp,s-jammers.webp,s-jammers.webp,s-jammers.webp,training-jammers,S-JAMMERS-XS,size,XS,,,
,,,,,,,,,,,,,,,,,,,,,,,,,,S-JAMMERS-S,size,S,,,
,,,,,,,,,,,,,,,,,,,,,,,,,,S-JAMMERS-M,size,M,,,
,,,,,,,,,,,,,,,,,,,,,,,,,,S-JAMMERS-L,size,L,,,
,,,,,,,,,,,,,,,,,,,,,,,,,,S-JAMMERS-XL,size,XL,,,
S-SWIM-CAP-BLACK,Sports,simple,sports,Sports,,Silicone cap Black,10,,1,1,2,0.8,A soft silicone cap that does not pull. Soft silicone that goes on without pulling hair. One size.,A soft silicone cap that does not pull.,15,1,Swimming,One size,Black,Rubber,s-swim-cap-black.webp,s-swim-cap-black.webp,s-swim-cap-black.webp,s-swim-cap-black.webp,silicone-cap-black,,,,,,
S-SWIM-CAP-BLUE,Sports,simple,sports,Sports,,Silicone cap Blue,10,,1,1,2,0.8,A soft silicone cap that does not pull. Soft silicone that goes on without pulling hair. One size.,A soft silicone cap that does not pull.,35,1,Swimming,One size,Blue,Rubber,s-swim-cap-blue.webp,s-swim-cap-blue.webp,s-swim-cap-blue.webp,s-swim-cap-blue.webp,silicone-cap-blue,,,,,,
S-SWIM-CAP-PINK,Sports,simple,sports,Sports,,Silicone cap Pink,10,,1,1,2,0.8,A soft silicone cap that does not pull. Soft silicone that goes on without pulling hair. One size.,A soft silicone cap that does not pull.,32,1,Swimming,One size,Pink,Rubber,s-swim-cap-pink.webp,s-swim-cap-pink.webp,s-swim-cap-pink.webp,s-swim-cap-pink.webp,silicone-cap-pink,,,,,,
S-SWIM-CAP,Sports,configurable,sports,Sports,Swimming,Silicone cap,10,,1,4,2,0.8,A soft silicone cap that does not pull. Soft silicone that goes on without pulling hair. One size.,A soft silicone cap that does not pull.,0,1,Swimming,One size,,Rubber,s-swim-cap-black.webp,s-swim-cap-black.webp,s-swim-cap-black.webp,s-swim-cap-black.webp,silicone-cap,S-SWIM-CAP-BLACK,color,Black,,,
,,,,,,,,,,,,,,,,,,,,,,,,,,S-SWIM-CAP-BLUE,color,Blue,,,
,,,,,,,,,,,,,,,,,,,,,,,,,,S-SWIM-CAP-PINK,color,Pink,,,
S-TOWEL-BLUE,Sports,simple,sports,Sports,,Microfibre towel Blue,22,,1,1,2,0.8,"A large towel that dries in an hour and packs to a fist. Large enough to wrap, small enough for a pocket. It dries in an hour on a rail.",A large towel that dries in an hour and packs to a fist.,17,1,Swimming|Hiking,One size,Blue,Recycled polyester,s-towel-blue.webp,s-towel-blue.webp,s-towel-blue.webp,s-towel-blue.webp,microfibre-towel-blue,,,,,,
S-TOWEL-GREY,Sports,simple,sports,Sports,,Microfibre towel Grey,22,,1,1,2,0.8,"A large towel that dries in an hour and packs to a fist. Large enough to wrap, small enough for a pocket. It dries in an hour on a rail.",A large towel that dries in an hour and packs to a fist.,19,1,Swimming|Hiking,One size,Grey,Recycled polyester,s-towel-grey.webp,s-towel-grey.webp,s-towel-grey.webp,s-towel-grey.webp,microfibre-towel-grey,,,,,,
S-TOWEL,Sports,configurable,sports,Sports,Swimming,Microfibre towel,22,,1,4,2,0.8,"A large towel that dries in an hour and packs to a fist. Large enough to wrap, small enough for a pocket. It dries in an hour on a rail.",A large towel that dries in an hour and packs to a fist.,0,1,Swimming|Hiking,One size,,Recycled polyester,s-towel-blue.webp,s-towel-blue.webp,s-towel-blue.webp,s-towel-blue.webp,microfibre-towel,S-TOWEL-BLUE,color,Blue,,,
,,,,,,,,,,,,,,,,,,,,,,,,,,S-TOWEL-GREY,color,Grey,,,
,,,,Sports,Hiking,,,,,,,,,,,,,,,,,,,,,,,,,,
S-TOW-FLOAT,Sports,simple,sports,Sports,Swimming,Open water tow float,30,,1,4,2,0.8,"A bright float with a dry pocket, for open water. Bright orange so boats see you, with a dry pocket for keys and a phone. It clips to a waist belt.","A bright float with a dry pocket, for open water.",59,1,Swimming,One size,Orange,Nylon,s-tow-float.webp,s-tow-float.webp,s-tow-float.webp,s-tow-float.webp,open-water-tow-float,,,,,,
S-HOME-GYM,Sports,grouped,sports,Sports,Gym & Training,Home gym kit,330,,1,4,2,0.8,"A kettlebell, bands, a rope and a mat. Everything for a full session in a small room. Cheaper than the four bought apart.","A kettlebell, bands, a rope and a mat.",0,1,Gym,One size,Black,,s-home-gym.webp,s-home-gym.webp,s-home-gym.webp,s-home-gym.webp,home-gym-kit,,,,S-KETTLEBELL-16,1,1
,,,,,,,,,,,,,,,,,,,,,,,,,,,,,S-BANDS,1,2
,,,,,,,,,,,,,,,,,,,,,,,,,,,,,S-JUMP-ROPE,1,3
,,,,,,,,,,,,,,,,,,,,,,,,,,,,,S-RUBBER-MAT-CHARCOAL,1,4
S-RECOVERY-KIT,Sports,grouped,sports,Sports,Yoga & Recovery,Recovery kit,60,,1,4,2,0.8,"A roller, a ball set and a strap. The three tools our physio uses, in one bag. Ten minutes after each run.","A roller, a ball set and a strap.",0,1,Yoga|Running,One size,Black,Rubber,s-recovery-kit.webp,s-recovery-kit.webp,s-recovery-kit.webp,s-recovery-kit.webp,recovery-kit,,,,S-ROLLER,1,1
,,,,,,,,,,,,,,,,,,,,,,,,,,,,,S-MASSAGE-BALL,1,2
,,,,,,,,,,,,,,,,,,,,,,,,,,,,,S-STRAP,1,3
,,,,Sports,Running,,,,,,,,,,,,,,,,,,,,,,,,,,
S-GIFT-CARD,Sports,virtual,sports,Sports,Gym & Training,Stride gift card,50,,1,4,2,0.8,"A gift card by email. Delivered by email within the hour, with a message of your own. Valid for a year in the store.",A gift card by email.,45,1,,,,,s-gift-card.webp,s-gift-card.webp,s-gift-card.webp,s-gift-card.webp,stride-gift-card,,,,,,
