title,url_key,is_active,publish_date,content,meta_description,meta_keywords,meta_title,image
"Spring Fashion Trends: What's Hot This Season",spring-fashion-trends-whats-hot-this-season,1,2025-03-15,"<p>Spring is here, and with it comes a fresh wave of fashion trends that are set to dominate the runway and streets alike. This season, we're seeing a beautiful blend of comfort and sophistication that reflects our evolving lifestyle needs.</p><p><strong>Pastel Power</strong><br>Soft pastels are making a major comeback. Think lavender blazers, mint green dresses, and powder blue accessories. These gentle hues offer a refreshing change from the darker winter palette and pair beautifully with neutral tones.</p><p><strong>Oversized Blazers</strong><br>The oversized blazer trend continues to reign supreme. Whether you're dressing for the office or a casual weekend brunch, a well-tailored oversized blazer adds instant sophistication to any outfit.</p><p><strong>Sustainable Materials</strong><br>Eco-conscious fashion is no longer a niche - it's mainstream. Look for pieces made from organic cotton, recycled polyester, and innovative sustainable materials like Tencel and hemp.</p><p><strong>How to Style</strong><br>Mix and match these trends for a look that's uniquely yours. Pair a pastel blazer with classic denim, or dress up sustainable pieces with statement accessories. The key is to choose pieces that make you feel confident and comfortable.</p>","Discover the hottest spring fashion trends including pastel colors, oversized blazers, and sustainable materials. Get styling tips for the new season.","spring fashion, fashion trends, pastel colors, oversized blazers, sustainable fashion, spring style","Spring Fashion Trends 2025 | What's Hot This Season",spring-fashion-trends.webp
"The Ultimate Guide to Sustainable Fashion",the-ultimate-guide-to-sustainable-fashion,1,2025-03-10,"<p>Sustainable fashion has moved from a buzzword to a necessity. As consumers become more environmentally conscious, the fashion industry is responding with innovative solutions that don't compromise on style.</p><p><strong>What is Sustainable Fashion?</strong><br>Sustainable fashion encompasses ethical production, eco-friendly materials, fair labor practices, and creating clothing designed to last. It's about making choices that are good for both you and the planet.</p><p><strong>Key Elements to Look For</strong><br>When shopping sustainably, look for brands that use organic or recycled materials, have transparent supply chains, and practice fair labor standards. Certifications like GOTS (Global Organic Textile Standard) and Fair Trade are good indicators.</p><p><strong>Building a Sustainable Wardrobe</strong><br>Start by investing in quality basics that will last for years. Choose versatile pieces that can be mixed and matched. Consider the cost-per-wear rather than just the upfront price.</p><p><strong>Care and Maintenance</strong><br>Extend the life of your clothes through proper care. Wash less frequently, use cold water, and air dry when possible. Learn basic repair skills to fix minor issues before they become major problems.</p><p><strong>The Future</strong><br>The future of sustainable fashion looks bright with innovations in materials, circular economy models, and increased consumer awareness driving positive change.</p>","Learn everything about sustainable fashion, from eco-friendly materials to building a conscious wardrobe. Make fashion choices that are good for the planet.","sustainable fashion, eco fashion, ethical clothing, organic materials, conscious fashion, green fashion","Sustainable Fashion Guide | Eco-Friendly Style Tips",sustainable-fashion.webp
"Summer Wardrobe Essentials Every Woman Needs",summer-wardrobe-essentials-every-woman-needs,1,2025-05-20,"<p>Summer calls for a wardrobe refresh that balances comfort, style, and versatility. Whether you're planning beach vacations, outdoor festivals, or simply navigating hot city streets, having the right pieces makes all the difference.</p><p><strong>The Perfect Summer Dress</strong><br>Invest in a few key dresses: a flowing maxi for evening events, a casual midi for daytime, and a sleek mini for nights out. Look for breathable fabrics like cotton, linen, or modal.</p><p><strong>Lightweight Layers</strong><br>Even in summer, layering is essential. A lightweight cardigan, denim jacket, or kimono-style cover-up can easily transition an outfit from day to night or provide protection in over-air-conditioned spaces.</p><p><strong>Comfortable Sandals</strong><br>Your feet will thank you for choosing comfort over height. Look for sandals with good arch support, cushioned soles, and quality straps. Platform sandals can give you height while maintaining comfort.</p><p><strong>Versatile Bottoms</strong><br>High-waisted shorts, flowy pants, and a good pair of white jeans are summer staples. Choose breathable fabrics and cuts that flatter your body shape.</p><p><strong>Statement Accessories</strong><br>Summer is the perfect time to experiment with bold accessories. Wide-brimmed hats, colorful scarves, and statement jewelry can transform basic pieces into show-stopping outfits.</p>","Build the perfect summer wardrobe with these essential pieces. From dresses to sandals, discover what every woman needs for the warm season.","summer wardrobe, summer fashion, summer essentials, summer dresses, women's fashion, warm weather clothing","Summer Wardrobe Essentials | Women's Fashion Guide",summer-wardrobe.webp
"Autumn Styling: Layering Like a Pro",autumn-styling-layering-like-a-pro,1,2025-09-15,"<p>As temperatures begin to drop, mastering the art of layering becomes essential. Autumn fashion is all about creating depth, texture, and visual interest while staying warm and comfortable.</p><p><strong>The Foundation Layer</strong><br>Start with a good base - think fitted turtlenecks, basic tees, or silk blouses. These pieces should fit close to the body and serve as the foundation for your layered look.</p><p><strong>The Middle Layer</strong><br>This is where you add warmth and style. Cardigans, sweaters, vests, and lightweight jackets fall into this category. Play with different textures and colors to create visual interest.</p><p><strong>The Outer Layer</strong><br>Your outer layer should be both functional and stylish. Trench coats, wool coats, and statement jackets not only keep you warm but also tie your entire look together.</p><p><strong>Mixing Textures</strong><br>Don't be afraid to mix different textures - combine smooth silk with chunky knits, or pair leather with soft cashmere. This creates a rich, luxurious look that's quintessentially autumn.</p><p><strong>Color Coordination</strong><br>Stick to a cohesive color palette to ensure your layers work harmoniously together. Earth tones, jewel tones, and classic neutrals are perfect for fall.</p><p><strong>Proportions Matter</strong><br>Balance fitted pieces with loose ones. If you're wearing a bulky sweater, pair it with slim-fit pants. If you choose a flowy cardigan, wear it over a fitted top.</p>","Master autumn layering with expert tips on combining textures, colors, and proportions. Learn how to style layers like a fashion pro.","autumn fashion, layering tips, fall style, seasonal dressing, fashion layering, autumn outfits","Autumn Layering Guide | How to Layer Like a Pro",autumn-styling.webp
"Winter Coat Guide: Finding Your Perfect Match",winter-coat-guide-finding-your-perfect-match,1,2025-12-01,"<p>A quality winter coat is an investment piece that can make or break your cold-weather wardrobe. With so many styles, materials, and price points available, finding the right coat can feel overwhelming.</p><p><strong>Understanding Your Needs</strong><br>Consider your lifestyle and climate. Do you walk to work? Need something for formal occasions? Live in a wet climate? Your specific needs will help narrow down your options.</p><p><strong>Classic Wool Coats</strong><br>Wool coats are timeless and versatile. They work well for moderate cold and can be dressed up or down. Look for a wool content of at least 80% for warmth and durability.</p><p><strong>Down-Filled Options</strong><br>For extreme cold, nothing beats down insulation. Modern down coats have come a long way in terms of style and don't have to look bulky. Look for responsibly sourced down when possible.</p><p><strong>Trendy Alternatives</strong><br>Consider puffer coats, shearling jackets, or wool-blend options with contemporary cuts. These offer warmth while keeping you on-trend.</p><p><strong>Fit and Function</strong><br>Make sure you can comfortably layer underneath. Try on coats with your typical winter layers. Check that sleeves are long enough and that you have full range of motion.</p><p><strong>Care and Maintenance</strong><br>A good coat should last for years with proper care. Follow cleaning instructions carefully and store properly during off-seasons to maintain shape and quality.</p>","Find your perfect winter coat with this comprehensive guide covering styles, materials, fit, and care tips for cold-weather fashion.","winter coats, women's outerwear, cold weather fashion, wool coats, down jackets, winter fashion guide","Winter Coat Guide | Finding Your Perfect Winter Outerwear",winter-coats.webp
"Minimalist Fashion: Less is More",minimalist-fashion-less-is-more,1,2025-02-28,"<p>In a world of fast fashion and constant trends, minimalist fashion offers a refreshing approach to style. It's about curating a thoughtful wardrobe of high-quality pieces that work together seamlessly.</p><p><strong>The Minimalist Philosophy</strong><br>Minimalist fashion isn't about having fewer clothes - it's about having the right clothes. Each piece should serve multiple purposes and coordinate effortlessly with others in your wardrobe.</p><p><strong>Building Your Capsule Wardrobe</strong><br>Start with a neutral color palette - think black, white, grey, beige, and navy. These colors work together and never go out of style. Add one or two accent colors that complement your skin tone.</p><p><strong>Quality Over Quantity</strong><br>Invest in well-made pieces from sustainable brands. A high-quality white shirt, perfectly fitted jeans, and a classic blazer form the foundation of a minimalist wardrobe.</p><p><strong>Versatile Pieces</strong><br>Choose items that can transition from day to night, casual to formal. A simple dress can be dressed up with heels and jewelry or kept casual with sneakers and a denim jacket.</p><p><strong>Timeless Silhouettes</strong><br>Stick to classic shapes that won't date quickly. A-line dresses, straight-leg pants, and tailored blazers are timeless for a reason.</p><p><strong>The Art of Accessorizing</strong><br>In minimalist fashion, accessories become key. A statement necklace, colorful scarf, or bold handbag can completely transform a simple outfit.</p>","Embrace minimalist fashion with our guide to creating a capsule wardrobe. Learn how less can truly be more in your style choices.","minimalist fashion, capsule wardrobe, sustainable style, quality basics, timeless fashion, conscious fashion","Minimalist Fashion Guide | Building a Capsule Wardrobe",minimalist-fashion.webp
"Vintage Style: How to Incorporate Retro into Modern Looks",vintage-style-how-to-incorporate-retro-into-modern-looks,1,2025-04-05,"<p>Vintage fashion offers a treasure trove of inspiration for modern style. Learning to incorporate retro elements into contemporary outfits can create unique, personal style that stands out from mainstream trends.</p><p><strong>Understanding Different Eras</strong><br>Each decade has its signature style - the structured silhouettes of the 1940s, the feminine florals of the 1950s, the mod styles of the 1960s, or the bohemian spirit of the 1970s. Understanding these can help you choose elements that resonate with your personal style.</p><p><strong>Start Small</strong><br>You don't need to dress in full vintage to embrace retro style. Start with accessories - vintage scarves, brooches, handbags, or shoes can add a retro touch to modern outfits.</p><p><strong>Mix and Match</strong><br>The key to modern vintage style is mixing retro pieces with contemporary ones. Pair a vintage blouse with modern jeans, or wear a retro skirt with a contemporary top.</p><p><strong>Shopping for Vintage</strong><br>Thrift stores, vintage boutiques, and online platforms offer great finds. Learn to identify quality pieces and understand how vintage sizing differs from modern measurements.</p><p><strong>Care and Maintenance</strong><br>Vintage pieces often require special care. Learn proper storage techniques and gentle cleaning methods to preserve these unique items.</p><p><strong>Making It Your Own</strong><br>Don't feel bound by historical accuracy. Use vintage as inspiration and adapt it to fit your lifestyle and preferences.</p>","Learn how to incorporate vintage elements into modern outfits. Discover tips for shopping, styling, and caring for retro fashion pieces.","vintage fashion, retro style, vintage shopping, thrift fashion, sustainable fashion, vintage accessories","Vintage Fashion Guide | Incorporating Retro Style",vintage-style.webp
"Street Style Secrets: Looking Effortlessly Cool",street-style-secrets-looking-effortlessly-cool,1,2025-03-25,"<p>Street style has become a major influence in fashion, with real people's personal style inspiring runway looks. The key to great street style is looking effortlessly put-together while expressing your personality.</p><p><strong>Understanding Street Style</strong><br>Street style is about authentic personal expression. It's not about following trends blindly but about making fashion work for your lifestyle and personality. The best street style looks feel natural and uncontrived.</p><p><strong>Master the Basics</strong><br>Great street style starts with well-fitting basics. A good pair of jeans, comfortable sneakers, and quality basics form the foundation. These pieces should fit well and feel comfortable for daily wear.</p><p><strong>Add Unexpected Elements</strong><br>What makes street style interesting is the unexpected - a vintage band tee with a tailored blazer, sneakers with a feminine dress, or a bold accessory with minimal clothing.</p><p><strong>Confidence is Key</strong><br>The most photographed street style stars have one thing in common: confidence. Wear what makes you feel good, and it will show in how you carry yourself.</p><p><strong>Pay Attention to Details</strong><br>Street style success is often in the details - how you roll your sleeves, the way you knot a scarf, or the specific way you layer jewelry. These small touches make outfits feel personal and considered.</p><p><strong>Document Your Style</strong><br>Take photos of outfits you love to understand what works for you. This helps you develop your personal style and make better shopping decisions.</p>","Master street style with insider secrets for looking effortlessly cool. Learn how to express your personality through authentic fashion choices.","street style, urban fashion, personal style, casual fashion, style tips, fashion inspiration","Street Style Guide | Looking Effortlessly Cool",street-style.webp
"Casual Outfits That Still Look Put-Together",casual-outfits-that-still-look-put-together,1,2025-04-18,"<p>The line between casual and sloppy can be thin, but with the right approach, you can look relaxed yet polished for any casual occasion. It's all about choosing pieces that are comfortable but still considered.</p><p><strong>Elevated Basics</strong><br>Upgrade your basic pieces. Instead of a regular t-shirt, try a soft cotton tee in a flattering cut. Replace old sweatpants with tailored joggers or comfortable ponte pants.</p><p><strong>The Power of Good Fit</strong><br>Even casual clothes should fit well. Avoid pieces that are too baggy or too tight. Properly fitted casual wear looks intentional and put-together.</p><p><strong>Quality Footwear</strong><br>Shoes can make or break a casual outfit. Clean, quality sneakers, comfortable flats, or casual loafers instantly elevate any casual look. Avoid worn-out shoes that look messy.</p><p><strong>Strategic Layering</strong><br>Layering adds visual interest to casual outfits. A cardigan over a tee, a denim jacket over a dress, or a light scarf can make simple pieces look more sophisticated.</p><p><strong>Thoughtful Accessories</strong><br>Simple accessories can elevate casual looks. A classic watch, simple jewelry, or a structured handbag adds polish without being overdressed.</p><p><strong>Color Coordination</strong><br>Stick to a cohesive color palette. Even casual outfits look more put-together when colors work harmoniously together.</p>","Learn how to create casual outfits that look polished and put-together. Discover the secrets to elevated everyday dressing.","casual fashion, everyday style, polished casual, comfortable fashion, casual outfits, relaxed style","Casual Fashion | How to Look Put-Together Every Day",casual-outfits.webp
"Formal Wear: Dressing for Success",formal-wear-dressing-for-success,1,2025-01-15,"<p>Whether you're attending a wedding, job interview, or important business meeting, knowing how to dress formally can significantly impact how others perceive you and how confident you feel.</p><p><strong>Understanding Dress Codes</strong><br>Different events call for different levels of formality. Business formal, cocktail attire, black tie - each has specific requirements. When in doubt, it's better to be slightly overdressed than underdressed.</p><p><strong>The Classic Business Suit</strong><br>Every woman should own a well-tailored suit in a neutral color like navy, black, or charcoal. This versatile piece can be dressed up or down and mixed with other pieces in your wardrobe.</p><p><strong>The Little Black Dress</strong><br>A classic LBD is a formal wear staple. Choose a timeless silhouette in a quality fabric. It can be accessorized differently for various formal occasions.</p><p><strong>Quality Footwear</strong><br>Invest in quality formal shoes that are comfortable enough for long events. Classic pumps, elegant flats, or sophisticated ankle boots are versatile options.</p><p><strong>Accessories Matter</strong><br>The right accessories can elevate formal wear. Choose quality pieces that complement rather than compete with your outfit. Less is often more in formal settings.</p><p><strong>Grooming and Confidence</strong><br>Formal dressing isn't just about clothes - grooming is equally important. Well-manicured nails, professional hair, and appropriate makeup complete your formal look.</p>","Master formal wear with expert advice on dress codes, suits, accessories, and grooming. Learn to dress for success in any professional setting.","formal wear, business attire, professional dressing, dress codes, formal fashion, career fashion","Formal Wear Guide | Dressing for Professional Success",formal-wear.webp
"Denim Trends: From Classic to Contemporary",denim-trends-from-classic-to-contemporary,1,2025-05-05,"<p>Denim remains one of fashion's most enduring and versatile materials. From classic blue jeans to contemporary silhouettes, denim continues to evolve while maintaining its timeless appeal.</p><p><strong>The Evolution of Denim</strong><br>Originally workwear, denim has transformed into a fashion staple. Understanding denim's journey helps appreciate both classic styles and modern innovations.</p><p><strong>Classic Cuts That Never Go Out of Style</strong><br>Straight-leg jeans, classic boot-cut, and well-fitted skinny jeans remain wardrobe staples. These timeless cuts work for most body types and can be dressed up or down.</p><p><strong>Contemporary Trends</strong><br>Current trends include high-waisted styles, wide-leg silhouettes, and cropped lengths. Distressed details, colored denim, and unique washes add modern twists to classic pieces.</p><p><strong>Finding Your Perfect Fit</strong><br>The key to great-looking denim is fit. Consider your body type, lifestyle, and personal preferences. Don't be afraid to try different brands as sizing can vary significantly.</p><p><strong>Styling Denim</strong><br>Denim's versatility is its greatest asset. Pair jeans with blazers for smart-casual looks, or dress them down with sneakers for weekend wear. Denim-on-denim can work when done thoughtfully.</p><p><strong>Caring for Your Denim</strong><br>Proper care extends denim's life. Wash less frequently, turn inside out when washing, and avoid high heat when drying. Quality denim improves with age when cared for properly.</p>","Explore denim trends from classic to contemporary styles. Learn about fits, styling tips, and care advice for your denim collection.","denim trends, jeans fashion, denim styling, classic jeans, contemporary denim, denim care","Denim Fashion Guide | Classic to Contemporary Trends",denim-trends.webp
"Color Coordination: Creating Harmonious Outfits",color-coordination-creating-harmonious-outfits,1,2025-02-14,"<p>Understanding color theory can transform your wardrobe and help you create outfits that are visually appealing and cohesive. Good color coordination is the secret to looking polished and put-together.</p><p><strong>Basic Color Theory</strong><br>Start with the color wheel. Complementary colors (opposite on the wheel) create dynamic contrast, while analogous colors (next to each other) create harmony. Understanding these relationships helps in outfit planning.</p><p><strong>Working with Neutrals</strong><br>Neutrals like black, white, grey, navy, and beige are wardrobe workhorses. They pair well with almost everything and provide a sophisticated base for colorful accents.</p><p><strong>The 60-30-10 Rule</strong><br>This interior design principle works for fashion too. Use one dominant color for 60% of your outfit, a secondary color for 30%, and a pop of accent color for 10%.</p><p><strong>Seasonal Color Considerations</strong><br>Different seasons call for different color palettes. Light, bright colors work well in spring and summer, while rich, deep tones are perfect for fall and winter.</p><p><strong>Personal Color Analysis</strong><br>Understanding which colors complement your skin tone, hair, and eyes helps you choose flattering shades. Warm undertones suit earth tones, while cool undertones work with jewel tones.</p><p><strong>Pattern Mixing</strong><br>When mixing patterns, ensure they share at least one color. Start with patterns of different scales - pair large florals with small stripes, for example.</p>","Master color coordination with expert tips on creating harmonious outfits. Learn color theory basics and how to choose flattering colors.","color coordination, fashion color theory, outfit coordination, personal color analysis, fashion styling, color matching","Color Coordination Guide | Creating Harmonious Outfits",color-coordination.webp
"The Complete Accessories Guide",the-complete-accessories-guide,1,2025-03-08,"<p>Accessories have the power to transform any outfit from basic to extraordinary. The right accessories can express your personality, update your look, and add functionality to your wardrobe.</p><p><strong>Essential Accessories</strong><br>Every wardrobe needs certain accessories: a classic watch, versatile handbag, quality sunglasses, and a selection of jewelry pieces. These basics form the foundation of your accessory collection.</p><p><strong>Handbags for Every Occasion</strong><br>Different occasions call for different bags. A structured tote for work, a small crossbody for casual outings, and an elegant clutch for evening events cover most situations.</p><p><strong>Jewelry Basics</strong><br>Build your jewelry collection gradually. Start with classic pieces like stud earrings, a simple necklace, and a versatile bracelet. These can be mixed and matched with trendier pieces.</p><p><strong>Scarves and Their Versatility</strong><br>Scarves are incredibly versatile accessories. They can be worn around the neck, as headbands, tied to handbags, or even used as belts. Different fabrics work for different seasons.</p><p><strong>The Power of Belts</strong><br>Belts aren't just functional - they're style tools. They can define your waist, add color or texture to an outfit, and update the look of dresses and blazers.</p><p><strong>Seasonal Considerations</strong><br>Rotate accessories seasonally. Light scarves and straw hats for summer, warm gloves and boots for winter. This keeps your looks fresh and weather-appropriate.</p>","Complete your outfits with the perfect accessories. Learn about handbags, jewelry, scarves, and more in this comprehensive accessories guide.","fashion accessories, handbags, jewelry, scarves, belts, styling accessories, accessory guide","Fashion Accessories Guide | Complete Your Perfect Look",accessories-guide.webp
"Shoe Trends: From Comfort to Couture",shoe-trends-from-comfort-to-couture,1,2025-04-12,"<p>Shoes are the foundation of every outfit, literally and figuratively. The right pair can elevate your style, while the wrong choice can undermine even the most carefully planned ensemble. Today's shoe trends emphasize both style and comfort.</p><p><strong>The Comfort Revolution</strong><br>Gone are the days when stylish meant uncomfortable. Brands are now prioritizing comfort without sacrificing style. Look for shoes with cushioned soles, quality materials, and ergonomic designs.</p><p><strong>Sneaker Sophistication</strong><br>Sneakers have moved beyond the gym. Clean, minimalist sneakers can be paired with dresses, pants, and even some professional looks. Choose leather or suede options for more versatility.</p><p><strong>Classic Pumps Reimagined</strong><br>The classic pump has been updated with lower heels, more comfortable fits, and modern details. Block heels provide stability, while pointed toes add sophistication.</p><p><strong>Boot Versatility</strong><br>From ankle boots to knee-highs, boots are incredibly versatile. Ankle boots work with dresses, skirts, and pants. Knee-high boots can transform a simple outfit into something special.</p><p><strong>Seasonal Considerations</strong><br>Consider both style and practicality. Breathable materials for summer, weather-resistant options for winter. Quality construction ensures shoes look good and last longer.</p><p><strong>Building a Shoe Wardrobe</strong><br>Invest in versatile styles first: comfortable flats, classic pumps, quality sneakers, and versatile boots. These basics can be supplemented with trendier styles as desired.</p>","Discover the latest shoe trends balancing comfort and style. From sneakers to boots, find the perfect footwear for every occasion.","shoe trends, comfortable shoes, women's footwear, sneakers, boots, shoe fashion, footwear guide","Shoe Trends Guide | Comfort Meets Style in Footwear",shoe-trends.webp
"Handbag Collection: Building Your Perfect Arsenal",handbag-collection-building-your-perfect-arsenal,1,2025-01-28,"<p>A well-curated handbag collection can serve you for years, providing the perfect finishing touch for any outfit. The key is choosing versatile pieces that match your lifestyle while expressing your personal style.</p><p><strong>Assessing Your Needs</strong><br>Before building your collection, consider your lifestyle. Do you need a large work bag? Prefer hands-free options? Travel frequently? Your specific needs should guide your choices.</p><p><strong>The Essential Everyday Bag</strong><br>Every woman needs a reliable everyday bag. This should be comfortable to carry, appropriately sized for your daily essentials, and versatile enough to work with most outfits.</p><p><strong>Professional Options</strong><br>If you work in a professional environment, invest in a structured bag that can hold your laptop, documents, and personal items while looking polished and appropriate.</p><p><strong>Evening and Special Occasion Bags</strong><br>A small clutch or elegant handbag for evening events is essential. Choose something classic that will work with multiple outfits and occasions.</p><p><strong>Casual and Weekend Bags</strong><br>Crossbody bags, backpacks, or casual totes are perfect for weekend activities. Prioritize comfort and functionality for these pieces.</p><p><strong>Investment vs. Trend Pieces</strong><br>Invest in classic styles for your core collection, but don't be afraid to add trendy pieces that express your personality. Just ensure the balance favors timeless over trendy.</p><p><strong>Care and Storage</strong><br>Proper care extends bag life. Store bags properly, clean regularly, and rotate usage to prevent overuse of any single piece.</p>","Build the perfect handbag collection with expert advice on choosing versatile, stylish bags for every occasion and lifestyle need.","handbag collection, women's bags, purse guide, handbag styling, luxury bags, everyday bags, bag care","Handbag Collection Guide | Building Your Perfect Arsenal",bag-collection.webp
"Jewelry Styling: From Subtle to Statement",jewelry-styling-from-subtle-to-statement,1,2025-02-20,"<p>Jewelry has the unique ability to reflect personality and elevate any outfit. Whether you prefer subtle elegance or bold statements, understanding how to style jewelry can transform your entire look.</p><p><strong>Building Your Foundation</strong><br>Start with classic pieces that work with everything: simple stud earrings, a delicate chain necklace, and a classic watch. These basics can be worn alone for subtle elegance or layered with statement pieces.</p><p><strong>The Art of Layering</strong><br>Layering jewelry adds depth and interest to outfits. Mix different lengths of necklaces, stack bracelets, or combine different earring styles. The key is maintaining balance and not overwhelming your look.</p><p><strong>Statement Pieces</strong><br>A statement piece should be the focal point of your jewelry look. If you're wearing statement earrings, keep necklaces simple. A bold necklace pairs best with understated earrings.</p><p><strong>Mixing Metals</strong><br>Gone are the days of strict metal matching. Gold, silver, and rose gold can be mixed beautifully when done thoughtfully. Start with pieces that naturally combine metals to ease into this trend.</p><p><strong>Occasion Appropriateness</strong><br>Consider the occasion when choosing jewelry. Subtle pieces work best for professional settings, while you can be more adventurous for casual or evening events.</p><p><strong>Personal Style Expression</strong><br>Your jewelry should reflect your personality. Whether you're drawn to vintage pieces, modern minimalism, or bohemian styles, choose pieces that feel authentically you.</p>","Master jewelry styling from subtle everyday pieces to bold statement jewelry. Learn layering techniques and how to express your personal style.","jewelry styling, statement jewelry, jewelry layering, fashion jewelry, accessory styling, jewelry trends","Jewelry Styling Guide | From Subtle to Statement Pieces",jewelry-styling.webp
"Layering 101: Mastering the Art of Depth",layering-101-mastering-the-art-of-depth,1,2025-11-10,"<p>Layering is both a practical necessity and a creative opportunity. When done well, it adds visual interest, allows for temperature control, and can make basic pieces look more sophisticated and intentional.</p><p><strong>Understanding Layering Principles</strong><br>Good layering follows basic principles: vary textures, consider proportions, and maintain a cohesive color palette. Each layer should add something meaningful to the overall look.</p><p><strong>Starting with the Base</strong><br>Your base layer should fit close to the body and be made from breathable materials. Think fitted tanks, tees, or thin sweaters that won't add bulk but provide a smooth foundation.</p><p><strong>Adding the Middle Layer</strong><br>The middle layer adds warmth and style. Cardigans, light sweaters, vests, and blazers work well. This layer can introduce pattern, texture, or color to your outfit.</p><p><strong>The Outer Layer</strong><br>Your outer layer should complement the other layers while providing necessary coverage. Coats, jackets, and wraps serve both functional and aesthetic purposes.</p><p><strong>Playing with Proportions</strong><br>Balance is key in layering. If one layer is voluminous, keep others fitted. Mix different lengths - a longer cardigan over a shorter top, for example.</p><p><strong>Seasonal Adaptations</strong><br>Layering strategies change with seasons. Light layers for spring and summer transitions, heavier combinations for fall and winter. Always consider the day's weather forecast.</p>","Master the art of layering with expert tips on creating depth, texture, and visual interest in your outfits throughout the seasons.","fashion layering, layering tips, seasonal dressing, styling techniques, outfit layering, fashion basics","Fashion Layering Guide | Mastering the Art of Depth",layering-guide.webp
"Pattern Mixing: A Guide to Bold Combinations",pattern-mixing-a-guide-to-bold-combinations,1,2025-03-18,"<p>Pattern mixing might seem intimidating, but when done right, it creates dynamic, interesting outfits that showcase your fashion confidence. The key is understanding which patterns work together and how to balance them effectively.</p><p><strong>Starting Simple</strong><br>Begin with patterns that share similar colors. A floral top with a striped skirt works when they contain the same color family. This creates cohesion even with different patterns.</p><p><strong>Scale Matters</strong><br>Mix patterns of different scales - pair large florals with small polka dots, or wide stripes with tiny checks. This prevents patterns from competing for attention.</p><p><strong>The Rule of Three</strong><br>Limit yourself to no more than three patterns in one outfit. More than that can look chaotic rather than intentional. One dominant pattern with two supporting ones works well.</p><p><strong>Using Solids as Anchors</strong><br>Solid colored pieces can break up patterns and provide visual rest. A solid blazer over a patterned top and patterned pants creates balance.</p><p><strong>Classic Combinations</strong><br>Some pattern combinations are tried and true: stripes with florals, polka dots with stripes, or plaids with solid colors. These classic pairings are great starting points.</p><p><strong>Confidence is Key</strong><br>Pattern mixing requires confidence. Start with subtle combinations and work your way up to bolder mixes as you become more comfortable with the technique.</p>","Learn the art of pattern mixing with expert tips on combining prints and patterns for bold, stylish outfits that make a statement.","pattern mixing, fashion patterns, print mixing, bold fashion, styling tips, pattern coordination","Pattern Mixing Guide | Bold Fashion Combinations",pattern-mixing.webp
"Fashion Week Highlights: Runway to Reality",fashion-week-highlights-runway-to-reality,1,2025-06-15,"<p>Fashion weeks around the world set the tone for upcoming trends, but translating runway looks into everyday wear requires creativity and adaptation. Let's explore how to make high fashion work for real life.</p><p><strong>Understanding Runway Context</strong><br>Runway shows are artistic statements and commercial previews. Designers often push boundaries and create fantasy to generate buzz. Not every look is meant to be worn as-is.</p><p><strong>Identifying Wearable Trends</strong><br>Look beyond the dramatic presentations to identify wearable elements: a color palette, a silhouette, a styling technique, or a specific detail that can be adapted for everyday wear.</p><p><strong>Making It Work for Your Life</strong><br>Consider your lifestyle when adapting runway trends. A dramatic ruffled dress might inspire a subtle ruffled blouse. Bold color blocking might translate to a colorful accessory with neutral clothes.</p><p><strong>Budget-Friendly Interpretations</strong><br>You don't need designer prices to embrace runway trends. Look for similar elements in accessible brands, or use existing pieces in your wardrobe in new ways inspired by the runway.</p><p><strong>Trend Longevity</strong><br>Some runway trends are fleeting, while others become lasting influences. Focus on trends that align with your personal style and lifestyle for the best investment of time and money.</p><p><strong>Personal Adaptation</strong><br>The best fashion is personal. Use runway inspiration as a starting point, but adapt it to reflect your individual style, body type, and preferences.</p>","Transform fashion week runway looks into wearable everyday style. Learn to adapt high fashion trends for real-life dressing on any budget.","fashion week, runway trends, high fashion, trend adaptation, affordable fashion, fashion inspiration","Fashion Week Guide | Runway to Reality Translation",fashion-week.webp
"Budget Fashion: Looking Expensive on a Dime",budget-fashion-looking-expensive-on-a-dime,1,2025-01-10,"<p>Great style doesn't require a designer budget. With smart shopping strategies and styling tricks, you can create expensive-looking outfits without breaking the bank. It's all about making informed choices and maximizing what you have.</p><p><strong>Quality Basics First</strong><br>Invest your budget in quality basics that will be worn frequently. A well-made white shirt, good-fitting jeans, and a classic blazer provide the foundation for countless outfits.</p><p><strong>Thrift and Vintage Treasures</strong><br>Thrift stores and vintage shops are goldmines for unique pieces at low prices. Look for quality fabrics, classic cuts, and interesting details that can't be found in current retail.</p><p><strong>End-of-Season Sales</strong><br>Shop strategically during sales. Buy winter coats in spring, summer dresses in fall. Planning ahead allows you to get expensive pieces at fraction of original cost.</p><p><strong>Rental and Borrowing</strong><br>For special occasions, consider renting expensive pieces or borrowing from friends. This allows access to luxury items without the long-term investment.</p><p><strong>Styling Tricks</strong><br>How you wear clothes matters more than what you wear. Proper fit, good grooming, and confident styling can make inexpensive pieces look high-end.</p><p><strong>Care and Maintenance</strong><br>Take care of what you have. Proper storage, regular cleaning, and minor repairs keep clothes looking fresh and expensive longer.</p>","Create expensive-looking outfits on a budget with smart shopping tips and styling tricks. Learn to look luxurious without spending a fortune.","budget fashion, affordable style, fashion on a budget, thrift shopping, cheap fashion, style tips","Budget Fashion Guide | Looking Expensive on a Dime",budget-fashion.webp
"Wardrobe Essentials: Building a Timeless Foundation",wardrobe-essentials-building-a-timeless-foundation,1,2025-01-22,"<p>A well-planned wardrobe of essential pieces forms the foundation of great style. These timeless items work together seamlessly and provide endless outfit possibilities while ensuring you always have something appropriate to wear.</p><p><strong>The Perfect White Shirt</strong><br>A crisp white shirt is perhaps the most versatile piece in any wardrobe. It works with jeans for casual looks, under blazers for business, or with statement skirts for evening. Invest in quality fabric and a cut that flatters your body type.</p><p><strong>Well-Fitting Jeans</strong><br>Find jeans that fit perfectly and flatter your shape. Whether you prefer skinny, straight, or wide-leg styles, the right jeans can be dressed up or down for numerous occasions.</p><p><strong>Classic Blazer</strong><br>A structured blazer instantly elevates any outfit. Choose a versatile color like navy, black, or beige that works with multiple pieces in your wardrobe.</p><p><strong>Little Black Dress</strong><br>Every woman needs a go-to dress that can be styled for various occasions. Look for a flattering silhouette in a quality fabric that can transition from day to night with different accessories.</p><p><strong>Comfortable Flats and Heels</strong><br>Invest in quality shoes that are both stylish and comfortable. A pair of classic flats and versatile heels in neutral colors provide options for any outfit.</p><p><strong>Quality Outerwear</strong><br>A good coat or jacket is both functional and stylish. Choose a style and color that complements your overall wardrobe and works with your climate.</p>","Build a timeless wardrobe with these essential pieces that work together to create countless outfit possibilities for any occasion.","wardrobe essentials, timeless fashion, capsule wardrobe, fashion basics, wardrobe building, classic style","Wardrobe Essentials Guide | Building a Timeless Foundation",wardrobe-essentials.webp
"Plus Size Fashion: Embracing Your Beautiful Curves",plus-size-fashion-embracing-your-beautiful-curves,1,2025-05-12,"<p>Fashion is for every body, and plus-size women deserve stylish, well-made clothing that celebrates their curves. The key is understanding fit, proportion, and choosing pieces that make you feel confident and comfortable.</p><p><strong>Fit is Everything</strong><br>Proper fit is the most important factor in looking good, regardless of size. Clothes should skim your body without being too tight or too loose. Don't be afraid to have pieces altered for the perfect fit.</p><p><strong>Embracing Your Shape</strong><br>Understand your body shape and choose styles that flatter your figure. There's no need to hide your curves - celebrate them with well-fitted pieces that showcase your best features.</p><p><strong>Quality Fabrics Matter</strong><br>Choose fabrics that drape well and hold their shape. Natural fibers like cotton, wool, and silk often look more expensive and feel more comfortable than synthetic alternatives.</p><p><strong>Strategic Styling</strong><br>Use styling techniques to create the silhouette you want. Belts can define waists, the right undergarments provide proper support, and strategic color placement can highlight your favorite features.</p><p><strong>Confidence Through Comfort</strong><br>Choose pieces that make you feel comfortable and confident. When you feel good in your clothes, it shows in your posture and attitude, making any outfit more successful.</p><p><strong>Breaking Fashion Rules</strong><br>Don't be limited by outdated fashion ""rules."" Wear what makes you happy, whether that's bright colors, patterns, horizontal stripes, or any other style you love.</p>","Discover plus size fashion tips for embracing your curves with confidence. Learn about fit, styling, and choosing clothes that celebrate your beautiful body.","plus size fashion, curvy fashion, body positivity, fashion for all sizes, styling tips, inclusive fashion","Plus Size Fashion Guide | Embracing Your Beautiful Curves",plus-size-fashion.webp
"Teen Fashion: Finding Your Personal Style",teen-fashion-finding-your-personal-style,1,2025-04-22,"<p>The teenage years are the perfect time to experiment with fashion and discover your personal style. It's about finding the balance between following trends and expressing your individual personality through clothing choices.</p><p><strong>Exploring Different Styles</strong><br>Don't be afraid to try different looks - preppy, bohemian, minimalist, or edgy. This experimentation helps you understand what feels authentic and what doesn't work for your lifestyle.</p><p><strong>Budget-Conscious Choices</strong><br>Teen fashion doesn't have to be expensive. Mix high-street pieces with thrift finds, borrow from friends, and invest in versatile basics that can be styled multiple ways.</p><p><strong>School Dress Codes</strong><br>Work within school dress codes while still expressing your style. Focus on accessories, shoes, and how you combine allowed pieces to create interesting outfits.</p><p><strong>Trend vs. Timeless</strong><br>While it's fun to try trends, invest in some timeless pieces that will serve you well beyond high school. A good denim jacket, classic white sneakers, and well-fitting jeans are always stylish.</p><p><strong>Confidence Building</strong><br>Fashion should make you feel confident, not insecure. Choose pieces that make you feel like the best version of yourself, regardless of what others are wearing.</p><p><strong>Developing Your Eye</strong><br>Look at fashion inspiration from magazines, social media, and real life. Start to identify what appeals to you and why - this helps develop your personal aesthetic.</p>","Navigate teen fashion with confidence while discovering your personal style. Learn to balance trends with timeless pieces on a budget.","teen fashion, youth style, personal style, fashion for teens, student fashion, young fashion, style development","Teen Fashion Guide | Finding Your Personal Style",teen-fashion.webp
"Business Casual: Professional Yet Approachable",business-casual-professional-yet-approachable,1,2025-02-05,"<p>Business casual dress codes can be confusing, but when executed well, they create a professional appearance that's more relaxed than formal business wear. The key is understanding your workplace culture and finding the right balance.</p><p><strong>Understanding Business Casual</strong><br>Business casual typically means professionally appropriate but less formal than a suit. It varies by industry and company, so observe your workplace norms and when in doubt, err on the side of being more formal.</p><p><strong>Essential Pieces</strong><br>Build your business casual wardrobe around versatile pieces: tailored pants, appropriate skirts, blouses, cardigans, and blazers. These can be mixed and matched for variety.</p><p><strong>Appropriate Footwear</strong><br>Shoes should be professional and comfortable for a full day of work. Flats, low heels, and professional sneakers (depending on your workplace) are good options.</p><p><strong>Seasonal Adaptations</strong><br>Adapt your business casual looks for different seasons while maintaining professionalism. Lighter fabrics and colors for summer, appropriate layers for winter.</p><p><strong>Accessorizing Professionally</strong><br>Accessories should enhance your professional appearance without being distracting. Simple jewelry, quality handbags, and appropriate belts complete business casual looks.</p><p><strong>Personal Expression</strong><br>Business casual allows for more personal expression than formal business wear. Show personality through color choices, interesting textures, or unique accessories while staying professional.</p>","Master business casual dressing with professional yet approachable outfit ideas perfect for today's workplace environments.","business casual, professional fashion, workplace style, office fashion, career dressing, professional wardrobe","Business Casual Guide | Professional Yet Approachable Style",business-casual.webp
"Fashion Tips Every Woman Should Know",fashion-tips-every-woman-should-know,1,2025-06-01,"<p>Great style isn't about following every trend or having a huge budget - it's about understanding what works for you and making smart fashion choices. These essential tips will help you look your best regardless of your personal style or lifestyle.</p><p><strong>Know Your Body Type</strong><br>Understanding your body shape helps you choose flattering cuts and silhouettes. Remember, every body type can look amazing in the right clothes - it's about finding what works best for you.</p><p><strong>Invest in Quality Basics</strong><br>Build your wardrobe foundation with quality basics that can be worn repeatedly and styled differently. These pieces provide the best cost-per-wear value.</p><p><strong>Proper Fit is Everything</strong><br>Clothes that fit well always look more expensive and flattering than ill-fitting designer pieces. Don't be afraid to have items altered - it's often worth the investment.</p><p><strong>Develop Your Personal Style</strong><br>Identify what makes you feel confident and comfortable. Your personal style should reflect your personality and lifestyle, not just current trends.</p><p><strong>Care for Your Clothes</strong><br>Proper care extends the life of your clothes and keeps them looking fresh. Learn proper washing, storage, and maintenance techniques for different fabrics.</p><p><strong>Accessories Can Transform Outfits</strong><br>The right accessories can take basic outfits from ordinary to extraordinary. Invest in versatile accessories that work with multiple outfits.</p><p><strong>Confidence is Your Best Accessory</strong><br>The most important fashion tip is to wear your clothes with confidence. When you feel good in what you're wearing, it shows.</p>","Essential fashion tips every woman should know for looking stylish and confident. Learn the secrets to great personal style and wardrobe success.","fashion tips, style advice, wardrobe tips, fashion secrets, styling tips, personal style, fashion guide","Essential Fashion Tips Every Woman Should Know",fashion-tips.webp