url_key,stores,title,is_active,publish_date,content_file,image,meta_title,meta_keywords,meta_description
spring-fashion-trends-whats-hot-this-season,fashion,Spring Fashion Trends: What's Hot This Season,1,2025-03-15,post-spring-fashion-trends-whats-hot-this-sea.html,fashion/spring-fashion-trends.webp,Spring Fashion Trends 2025 | What's Hot This Season,"spring fashion, fashion trends, pastel colors, oversized blazers, sustainable fashion, spring style","Discover the hottest spring fashion trends including pastel colors, oversized blazers, and sustainable materials. Get styling tips for the new season."
the-ultimate-guide-to-sustainable-fashion,fashion,The Ultimate Guide to Sustainable Fashion,1,2025-03-10,post-the-ultimate-guide-to-sustainable-fashio.html,fashion/sustainable-fashion.webp,Sustainable Fashion Guide | Eco-Friendly Style Tips,"sustainable fashion, eco fashion, ethical clothing, organic materials, conscious fashion, green fashion","Learn everything about sustainable fashion, from eco-friendly materials to building a conscious wardrobe. Make fashion choices that are good for the planet."
summer-wardrobe-essentials-every-woman-needs,fashion,Summer Wardrobe Essentials Every Woman Needs,1,2025-05-20,post-summer-wardrobe-essentials-every-woman-n.html,fashion/summer-wardrobe.webp,Summer Wardrobe Essentials | Women's Fashion Guide,"summer wardrobe, summer fashion, summer essentials, summer dresses, women's fashion, warm weather clothing","Build the perfect summer wardrobe with these essential pieces. From dresses to sandals, discover what every woman needs for the warm season."
autumn-styling-layering-like-a-pro,fashion,Autumn Styling: Layering Like a Pro,1,2025-09-15,post-autumn-styling-layering-like-a-pro.html,fashion/autumn-styling.webp,Autumn Layering Guide | How to Layer Like a Pro,"autumn fashion, layering tips, fall style, seasonal dressing, fashion layering, autumn outfits","Master autumn layering with expert tips on combining textures, colors, and proportions. Learn how to style layers like a fashion pro."
winter-coat-guide-finding-your-perfect-match,fashion,Winter Coat Guide: Finding Your Perfect Match,1,2025-12-01,post-winter-coat-guide-finding-your-perfect-m.html,fashion/winter-coats.webp,Winter Coat Guide | Finding Your Perfect Winter Outerwear,"winter coats, women's outerwear, cold weather fashion, wool coats, down jackets, winter fashion guide","Find your perfect winter coat with this comprehensive guide covering styles, materials, fit, and care tips for cold-weather fashion."
minimalist-fashion-less-is-more,fashion,Minimalist Fashion: Less is More,1,2025-02-28,post-minimalist-fashion-less-is-more.html,fashion/minimalist-fashion.webp,Minimalist Fashion Guide | Building a Capsule Wardrobe,"minimalist fashion, capsule wardrobe, sustainable style, quality basics, timeless fashion, conscious fashion",Embrace minimalist fashion with our guide to creating a capsule wardrobe. Learn how less can truly be more in your style choices.
vintage-style-how-to-incorporate-retro-into-modern-looks,fashion,Vintage Style: How to Incorporate Retro into Modern Looks,1,2025-04-05,post-vintage-style-how-to-incorporate-retro-i.html,fashion/vintage-style.webp,Vintage Fashion Guide | Incorporating Retro Style,"vintage fashion, retro style, vintage shopping, thrift fashion, sustainable fashion, vintage accessories","Learn how to incorporate vintage elements into modern outfits. Discover tips for shopping, styling, and caring for retro fashion pieces."
street-style-secrets-looking-effortlessly-cool,fashion,Street Style Secrets: Looking Effortlessly Cool,1,2025-03-25,post-street-style-secrets-looking-effortlessl.html,fashion/street-style.webp,Street Style Guide | Looking Effortlessly Cool,"street style, urban fashion, personal style, casual fashion, style tips, fashion inspiration",Master street style with insider secrets for looking effortlessly cool. Learn how to express your personality through authentic fashion choices.
casual-outfits-that-still-look-put-together,fashion,Casual Outfits That Still Look Put-Together,1,2025-04-18,post-casual-outfits-that-still-look-put-toget.html,fashion/casual-outfits.webp,Casual Fashion | How to Look Put-Together Every Day,"casual fashion, everyday style, polished casual, comfortable fashion, casual outfits, relaxed style",Learn how to create casual outfits that look polished and put-together. Discover the secrets to elevated everyday dressing.
formal-wear-dressing-for-success,fashion,Formal Wear: Dressing for Success,1,2025-01-15,post-formal-wear-dressing-for-success.html,fashion/formal-wear.webp,Formal Wear Guide | Dressing for Professional Success,"formal wear, business attire, professional dressing, dress codes, formal fashion, career fashion","Master formal wear with expert advice on dress codes, suits, accessories, and grooming. Learn to dress for success in any professional setting."
denim-trends-from-classic-to-contemporary,fashion,Denim Trends: From Classic to Contemporary,1,2025-05-05,post-denim-trends-from-classic-to-contemporar.html,fashion/denim-trends.webp,Denim Fashion Guide | Classic to Contemporary Trends,"denim trends, jeans fashion, denim styling, classic jeans, contemporary denim, denim care","Explore denim trends from classic to contemporary styles. Learn about fits, styling tips, and care advice for your denim collection."
color-coordination-creating-harmonious-outfits,fashion,Color Coordination: Creating Harmonious Outfits,1,2025-02-14,post-color-coordination-creating-harmonious-o.html,fashion/color-coordination.webp,Color Coordination Guide | Creating Harmonious Outfits,"color coordination, fashion color theory, outfit coordination, personal color analysis, fashion styling, color matching",Master color coordination with expert tips on creating harmonious outfits. Learn color theory basics and how to choose flattering colors.
