sku,store_code,views,days
W-PLEAT-SKIRT,fashion,136,30
A-BACKPACK,fashion,83,30
M-FLANNEL-SHIRT,fashion,57,30
W-STRIPE-TEE,fashion,49,30
M-KNIT-BLAZER,fashion,42,30
A-AVIATOR,fashion,29,30
M-OXFORD-SHIRT,fashion,37,30
A-CABIN-CASE,fashion,32,30
A-CROSSBODY,fashion,21,30
A-HOOP-EAR,fashion,28,30
W-SHIRT-DRESS,fashion,23,30
M-LINEN-BLAZER,fashion,18,30
A-SIGNET-RING,fashion,19,30
A-BRACELET,fashion,15,30
W-SILK-BLOUSE,fashion,18,30
W-CROP-PANT,fashion,19,30
W-WIDE-TROUSER,fashion,16,30
A-LEATHER-SANDAL,fashion,19,30
W-SLIP-DRESS,fashion,15,30
M-PIQUE-POLO,fashion,18,30
M-HENLEY,fashion,12,30
W-KNIT-TANK,fashion,14,30
A-WEEKENDER,fashion,11,30
W-WRAP-TOP,fashion,15,30
M-CREW-TEE,fashion,14,30
W-LINEN-DRESS,fashion,10,30
A-ROUND-SUN,fashion,12,30
A-SQUARE-SUN,fashion,14,30
W-STRAIGHT-JEAN,fashion,14,30
M-CARDIGAN,fashion,10,30
W-LINEN-SHIRT,fashion,9,30
W-DENIM-SKIRT,fashion,10,30
W-DENIM-SHORT,fashion,12,30
A-LOAFER,fashion,9,30
A-ESPADRILLE,fashion,12,30
A-CHELSEA,fashion,8,30
M-CHINO,fashion,9,30
A-CANVAS-SNEAKER,fashion,11,30
A-CHAIN-NECK,fashion,10,30
M-SELVEDGE-JEAN,fashion,9,30
A-TOTE,fashion,9,30
M-CARGO-SHORT,fashion,8,30
M-CAMP-SHIRT,fashion,8,30
M-LINEN-SHIRT,fashion,7,30
A-READING,fashion,8,30
M-LINEN-TROUSER,fashion,9,30
M-FIELD-JACKET,fashion,7,30
M-MERINO-CREW,fashion,7,30
