sku,_attribute_set,_type,_product_websites,_root_category,_category,name,price,special_price,status,visibility,tax_class_id,weight,description,short_description,qty,is_in_stock,color,size,fit,material,_media_image,image,small_image,thumbnail,url_key,_super_products_sku,_super_attribute_code,_super_attribute_option
W-LINEN-SHIRT-WHITE,Fashion,simple,fashion,Fashion,,Ashford linen shirt White,79,,1,1,2,1,"A relaxed linen shirt with a soft collar and mother-of-pearl buttons. Packs flat, dries fast, gets better with every wash.",A relaxed linen shirt with a soft collar and mother-of-pearl buttons.,28,1,White,,Relaxed,Linen,w-linen-shirt-white.webp,w-linen-shirt-white.webp,w-linen-shirt-white.webp,w-linen-shirt-white.webp,ashford-linen-shirt-white,,,
W-LINEN-SHIRT-IVORY,Fashion,simple,fashion,Fashion,,Ashford linen shirt Ivory,79,,1,1,2,1,"A relaxed linen shirt with a soft collar and mother-of-pearl buttons. Packs flat, dries fast, gets better with every wash.",A relaxed linen shirt with a soft collar and mother-of-pearl buttons.,17,1,Ivory,,Relaxed,Linen,w-linen-shirt-ivory.webp,w-linen-shirt-ivory.webp,w-linen-shirt-ivory.webp,w-linen-shirt-ivory.webp,ashford-linen-shirt-ivory,,,
W-LINEN-SHIRT-BLUE-LIGHT,Fashion,simple,fashion,Fashion,,Ashford linen shirt Blue Light,79,,1,1,2,1,"A relaxed linen shirt with a soft collar and mother-of-pearl buttons. Packs flat, dries fast, gets better with every wash.",A relaxed linen shirt with a soft collar and mother-of-pearl buttons.,33,1,Blue Light,,Relaxed,Linen,w-linen-shirt-blue-light.webp,w-linen-shirt-blue-light.webp,w-linen-shirt-blue-light.webp,w-linen-shirt-blue-light.webp,ashford-linen-shirt-blue-light,,,
W-LINEN-SHIRT,Fashion,configurable,fashion,Fashion,Women/Tops & Blouses,Ashford linen shirt,79,,1,4,2,1,"A relaxed linen shirt with a soft collar and mother-of-pearl buttons. Packs flat, dries fast, gets better with every wash.",A relaxed linen shirt with a soft collar and mother-of-pearl buttons.,0,1,,,Relaxed,Linen,w-linen-shirt-white.webp,w-linen-shirt-white.webp,w-linen-shirt-white.webp,w-linen-shirt-white.webp,ashford-linen-shirt,W-LINEN-SHIRT-WHITE,color,White
,,,,,,,,,,,,,,,,,,,,,,,,,,W-LINEN-SHIRT-IVORY,color,Ivory
,,,,,,,,,,,,,,,,,,,,,,,,,,W-LINEN-SHIRT-BLUE-LIGHT,color,Blue Light
,,,,Fashion,Women/New Arrivals,,,,,,,,,,,,,,,,,,,,,,,
W-SILK-BLOUSE-IVORY,Fashion,simple,fashion,Fashion,,Meridian silk blouse Ivory,129,,1,1,2,1,A fluid silk blouse with a concealed placket and a slightly dropped shoulder. Wear it tucked or loose.,A fluid silk blouse with a concealed placket and a slightly dropped shoulder.,11,1,Ivory,,Regular,Silk,w-silk-blouse-ivory.webp,w-silk-blouse-ivory.webp,w-silk-blouse-ivory.webp,w-silk-blouse-ivory.webp,meridian-silk-blouse-ivory,,,
W-SILK-BLOUSE-BLACK,Fashion,simple,fashion,Fashion,,Meridian silk blouse Black,129,,1,1,2,1,A fluid silk blouse with a concealed placket and a slightly dropped shoulder. Wear it tucked or loose.,A fluid silk blouse with a concealed placket and a slightly dropped shoulder.,12,1,Black,,Regular,Silk,w-silk-blouse-black.webp,w-silk-blouse-black.webp,w-silk-blouse-black.webp,w-silk-blouse-black.webp,meridian-silk-blouse-black,,,
W-SILK-BLOUSE-SALMON,Fashion,simple,fashion,Fashion,,Meridian silk blouse Salmon,129,,1,1,2,1,A fluid silk blouse with a concealed placket and a slightly dropped shoulder. Wear it tucked or loose.,A fluid silk blouse with a concealed placket and a slightly dropped shoulder.,60,1,Salmon,,Regular,Silk,w-silk-blouse-salmon.webp,w-silk-blouse-salmon.webp,w-silk-blouse-salmon.webp,w-silk-blouse-salmon.webp,meridian-silk-blouse-salmon,,,
W-SILK-BLOUSE,Fashion,configurable,fashion,Fashion,Women/Tops & Blouses,Meridian silk blouse,129,,1,4,2,1,A fluid silk blouse with a concealed placket and a slightly dropped shoulder. Wear it tucked or loose.,A fluid silk blouse with a concealed placket and a slightly dropped shoulder.,0,1,,,Regular,Silk,w-silk-blouse-ivory.webp,w-silk-blouse-ivory.webp,w-silk-blouse-ivory.webp,w-silk-blouse-ivory.webp,meridian-silk-blouse,W-SILK-BLOUSE-IVORY,color,Ivory
,,,,,,,,,,,,,,,,,,,,,,,,,,W-SILK-BLOUSE-BLACK,color,Black
,,,,,,,,,,,,,,,,,,,,,,,,,,W-SILK-BLOUSE-SALMON,color,Salmon
W-KNIT-TANK-BLACK,Fashion,simple,fashion,Fashion,,Nordlys ribbed tank Black,39,,1,1,2,1,A ribbed cotton tank with a square neck. The layering piece that works alone on warm days.,A ribbed cotton tank with a square neck.,14,1,Black,,Slim,Cotton,w-knit-tank-black.webp,w-knit-tank-black.webp,w-knit-tank-black.webp,w-knit-tank-black.webp,nordlys-ribbed-tank-black,,,
W-KNIT-TANK-OATMEAL,Fashion,simple,fashion,Fashion,,Nordlys ribbed tank Oatmeal,39,,1,1,2,1,A ribbed cotton tank with a square neck. The layering piece that works alone on warm days.,A ribbed cotton tank with a square neck.,31,1,Oatmeal,,Slim,Cotton,w-knit-tank-oatmeal.webp,w-knit-tank-oatmeal.webp,w-knit-tank-oatmeal.webp,w-knit-tank-oatmeal.webp,nordlys-ribbed-tank-oatmeal,,,
W-KNIT-TANK-GREEN,Fashion,simple,fashion,Fashion,,Nordlys ribbed tank Green,39,,1,1,2,1,A ribbed cotton tank with a square neck. The layering piece that works alone on warm days.,A ribbed cotton tank with a square neck.,45,1,Green,,Slim,Cotton,w-knit-tank-green.webp,w-knit-tank-green.webp,w-knit-tank-green.webp,w-knit-tank-green.webp,nordlys-ribbed-tank-green,,,
W-KNIT-TANK,Fashion,configurable,fashion,Fashion,Women/Tops & Blouses,Nordlys ribbed tank,39,,1,4,2,1,A ribbed cotton tank with a square neck. The layering piece that works alone on warm days.,A ribbed cotton tank with a square neck.,0,1,,,Slim,Cotton,w-knit-tank-black.webp,w-knit-tank-black.webp,w-knit-tank-black.webp,w-knit-tank-black.webp,nordlys-ribbed-tank,W-KNIT-TANK-BLACK,color,Black
,,,,,,,,,,,,,,,,,,,,,,,,,,W-KNIT-TANK-OATMEAL,color,Oatmeal
,,,,,,,,,,,,,,,,,,,,,,,,,,W-KNIT-TANK-GREEN,color,Green
W-WRAP-TOP-S,Fashion,simple,fashion,Fashion,,Bruma Sol wrap top S,69,,1,1,2,1,"A wrap top in crinkled cotton that ties at the side. No ironing, ever.",A wrap top in crinkled cotton that ties at the side.,40,1,,S,Regular,Cotton,w-wrap-top.webp,w-wrap-top.webp,w-wrap-top.webp,w-wrap-top.webp,bruma-sol-wrap-top-s,,,
W-WRAP-TOP-M,Fashion,simple,fashion,Fashion,,Bruma Sol wrap top M,69,,1,1,2,1,"A wrap top in crinkled cotton that ties at the side. No ironing, ever.",A wrap top in crinkled cotton that ties at the side.,21,1,,M,Regular,Cotton,w-wrap-top.webp,w-wrap-top.webp,w-wrap-top.webp,w-wrap-top.webp,bruma-sol-wrap-top-m,,,
W-WRAP-TOP-L,Fashion,simple,fashion,Fashion,,Bruma Sol wrap top L,69,,1,1,2,1,"A wrap top in crinkled cotton that ties at the side. No ironing, ever.",A wrap top in crinkled cotton that ties at the side.,10,1,,L,Regular,Cotton,w-wrap-top.webp,w-wrap-top.webp,w-wrap-top.webp,w-wrap-top.webp,bruma-sol-wrap-top-l,,,
W-WRAP-TOP,Fashion,configurable,fashion,Fashion,Women/Tops & Blouses,Bruma Sol wrap top,69,,1,4,2,1,"A wrap top in crinkled cotton that ties at the side. No ironing, ever.",A wrap top in crinkled cotton that ties at the side.,0,1,,,Regular,Cotton,w-wrap-top.webp,w-wrap-top.webp,w-wrap-top.webp,w-wrap-top.webp,bruma-sol-wrap-top,W-WRAP-TOP-S,size,S
,,,,,,,,,,,,,,,,,,,,,,,,,,W-WRAP-TOP-M,size,M
,,,,,,,,,,,,,,,,,,,,,,,,,,W-WRAP-TOP-L,size,L
W-STRIPE-TEE-BLUE,Fashion,simple,fashion,Fashion,,Harbour stripe tee Blue,35,,1,1,2,1,"A heavyweight striped tee with a boat neck, cut from organic cotton.","A heavyweight striped tee with a boat neck, cut from organic cotton..",35,1,Blue,,Regular,Cotton,w-stripe-tee-blue.webp,w-stripe-tee-blue.webp,w-stripe-tee-blue.webp,w-stripe-tee-blue.webp,harbour-stripe-tee-blue,,,
W-STRIPE-TEE-RED,Fashion,simple,fashion,Fashion,,Harbour stripe tee Red,35,,1,1,2,1,"A heavyweight striped tee with a boat neck, cut from organic cotton.","A heavyweight striped tee with a boat neck, cut from organic cotton..",34,1,Red,,Regular,Cotton,w-stripe-tee-red.webp,w-stripe-tee-red.webp,w-stripe-tee-red.webp,w-stripe-tee-red.webp,harbour-stripe-tee-red,,,
W-STRIPE-TEE,Fashion,configurable,fashion,Fashion,Women/Tops & Blouses,Harbour stripe tee,35,29,1,4,2,1,"A heavyweight striped tee with a boat neck, cut from organic cotton.","A heavyweight striped tee with a boat neck, cut from organic cotton..",0,1,,,Regular,Cotton,w-stripe-tee-blue.webp,w-stripe-tee-blue.webp,w-stripe-tee-blue.webp,w-stripe-tee-blue.webp,harbour-stripe-tee,W-STRIPE-TEE-BLUE,color,Blue
,,,,,,,,,,,,,,,,,,,,,,,,,,W-STRIPE-TEE-RED,color,Red
,,,,Fashion,Sale,,,,,,,,,,,,,,,,,,,,,,,
W-WIDE-TROUSER-OATMEAL,Fashion,simple,fashion,Fashion,,Sand wide-leg trousers Oatmeal,95,,1,1,2,1,High-waisted wide-leg trousers in a linen and viscose blend that falls straight and cool.,High-waisted wide-leg trousers in a linen and viscose blend that falls straight and cool..,23,1,Oatmeal,,Relaxed,Linen,w-wide-trouser-oatmeal.webp,w-wide-trouser-oatmeal.webp,w-wide-trouser-oatmeal.webp,w-wide-trouser-oatmeal.webp,sand-wide-leg-trousers-oatmeal,,,
W-WIDE-TROUSER-BLACK,Fashion,simple,fashion,Fashion,,Sand wide-leg trousers Black,95,,1,1,2,1,High-waisted wide-leg trousers in a linen and viscose blend that falls straight and cool.,High-waisted wide-leg trousers in a linen and viscose blend that falls straight and cool..,13,1,Black,,Relaxed,Linen,w-wide-trouser-black.webp,w-wide-trouser-black.webp,w-wide-trouser-black.webp,w-wide-trouser-black.webp,sand-wide-leg-trousers-black,,,
W-WIDE-TROUSER-KHAKI,Fashion,simple,fashion,Fashion,,Sand wide-leg trousers Khaki,95,,1,1,2,1,High-waisted wide-leg trousers in a linen and viscose blend that falls straight and cool.,High-waisted wide-leg trousers in a linen and viscose blend that falls straight and cool..,43,1,Khaki,,Relaxed,Linen,w-wide-trouser-khaki.webp,w-wide-trouser-khaki.webp,w-wide-trouser-khaki.webp,w-wide-trouser-khaki.webp,sand-wide-leg-trousers-khaki,,,
W-WIDE-TROUSER,Fashion,configurable,fashion,Fashion,Women/Pants & Denim,Sand wide-leg trousers,95,,1,4,2,1,High-waisted wide-leg trousers in a linen and viscose blend that falls straight and cool.,High-waisted wide-leg trousers in a linen and viscose blend that falls straight and cool..,0,1,,,Relaxed,Linen,w-wide-trouser-oatmeal.webp,w-wide-trouser-oatmeal.webp,w-wide-trouser-oatmeal.webp,w-wide-trouser-oatmeal.webp,sand-wide-leg-trousers,W-WIDE-TROUSER-OATMEAL,color,Oatmeal
,,,,,,,,,,,,,,,,,,,,,,,,,,W-WIDE-TROUSER-BLACK,color,Black
,,,,,,,,,,,,,,,,,,,,,,,,,,W-WIDE-TROUSER-KHAKI,color,Khaki
,,,,Fashion,Women/New Arrivals,,,,,,,,,,,,,,,,,,,,,,,
W-STRAIGHT-JEAN-BLUE-JEAN,Fashion,simple,fashion,Fashion,,Fjordline straight jeans Blue Jean,110,,1,1,2,1,A straight-leg jean in rigid organic denim with a high rise. Breaks in to fit you.,A straight-leg jean in rigid organic denim with a high rise.,11,1,Blue Jean,,Regular,Denim,w-straight-jean-blue-jean.webp,w-straight-jean-blue-jean.webp,w-straight-jean-blue-jean.webp,w-straight-jean-blue-jean.webp,fjordline-straight-jeans-blue-jean,,,
W-STRAIGHT-JEAN-BLUE-DARK,Fashion,simple,fashion,Fashion,,Fjordline straight jeans Blue Dark,110,,1,1,2,1,A straight-leg jean in rigid organic denim with a high rise. Breaks in to fit you.,A straight-leg jean in rigid organic denim with a high rise.,60,1,Blue Dark,,Regular,Denim,w-straight-jean-blue-dark.webp,w-straight-jean-blue-dark.webp,w-straight-jean-blue-dark.webp,w-straight-jean-blue-dark.webp,fjordline-straight-jeans-blue-dark,,,
W-STRAIGHT-JEAN-BLACK,Fashion,simple,fashion,Fashion,,Fjordline straight jeans Black,110,,1,1,2,1,A straight-leg jean in rigid organic denim with a high rise. Breaks in to fit you.,A straight-leg jean in rigid organic denim with a high rise.,44,1,Black,,Regular,Denim,w-straight-jean-black.webp,w-straight-jean-black.webp,w-straight-jean-black.webp,w-straight-jean-black.webp,fjordline-straight-jeans-black,,,
W-STRAIGHT-JEAN,Fashion,configurable,fashion,Fashion,Women/Pants & Denim,Fjordline straight jeans,110,,1,4,2,1,A straight-leg jean in rigid organic denim with a high rise. Breaks in to fit you.,A straight-leg jean in rigid organic denim with a high rise.,0,1,,,Regular,Denim,w-straight-jean-blue-jean.webp,w-straight-jean-blue-jean.webp,w-straight-jean-blue-jean.webp,w-straight-jean-blue-jean.webp,fjordline-straight-jeans,W-STRAIGHT-JEAN-BLUE-JEAN,color,Blue Jean
,,,,,,,,,,,,,,,,,,,,,,,,,,W-STRAIGHT-JEAN-BLUE-DARK,color,Blue Dark
,,,,,,,,,,,,,,,,,,,,,,,,,,W-STRAIGHT-JEAN-BLACK,color,Black
W-CROP-PANT-36,Fashion,simple,fashion,Fashion,,Coast cropped chinos 36,75,,1,1,2,1,"Cropped chinos in garment-dyed cotton twill, with a clean front and a slim ankle.","Cropped chinos in garment-dyed cotton twill, with a clean front and a slim ankle..",22,1,,36,Slim,Cotton,w-crop-pant.webp,w-crop-pant.webp,w-crop-pant.webp,w-crop-pant.webp,coast-cropped-chinos-36,,,
W-CROP-PANT-38,Fashion,simple,fashion,Fashion,,Coast cropped chinos 38,75,,1,1,2,1,"Cropped chinos in garment-dyed cotton twill, with a clean front and a slim ankle.","Cropped chinos in garment-dyed cotton twill, with a clean front and a slim ankle..",48,1,,38,Slim,Cotton,w-crop-pant.webp,w-crop-pant.webp,w-crop-pant.webp,w-crop-pant.webp,coast-cropped-chinos-38,,,
W-CROP-PANT-40,Fashion,simple,fashion,Fashion,,Coast cropped chinos 40,75,,1,1,2,1,"Cropped chinos in garment-dyed cotton twill, with a clean front and a slim ankle.","Cropped chinos in garment-dyed cotton twill, with a clean front and a slim ankle..",48,1,,40,Slim,Cotton,w-crop-pant.webp,w-crop-pant.webp,w-crop-pant.webp,w-crop-pant.webp,coast-cropped-chinos-40,,,
W-CROP-PANT-42,Fashion,simple,fashion,Fashion,,Coast cropped chinos 42,75,,1,1,2,1,"Cropped chinos in garment-dyed cotton twill, with a clean front and a slim ankle.","Cropped chinos in garment-dyed cotton twill, with a clean front and a slim ankle..",45,1,,42,Slim,Cotton,w-crop-pant.webp,w-crop-pant.webp,w-crop-pant.webp,w-crop-pant.webp,coast-cropped-chinos-42,,,
W-CROP-PANT,Fashion,configurable,fashion,Fashion,Women/Pants & Denim,Coast cropped chinos,75,,1,4,2,1,"Cropped chinos in garment-dyed cotton twill, with a clean front and a slim ankle.","Cropped chinos in garment-dyed cotton twill, with a clean front and a slim ankle..",0,1,,,Slim,Cotton,w-crop-pant.webp,w-crop-pant.webp,w-crop-pant.webp,w-crop-pant.webp,coast-cropped-chinos,W-CROP-PANT-36,size,36
,,,,,,,,,,,,,,,,,,,,,,,,,,W-CROP-PANT-38,size,38
,,,,,,,,,,,,,,,,,,,,,,,,,,W-CROP-PANT-40,size,40
,,,,,,,,,,,,,,,,,,,,,,,,,,W-CROP-PANT-42,size,42
W-DENIM-SHORT-36,Fashion,simple,fashion,Fashion,,Salt denim shorts 36,55,,1,1,2,1,"Relaxed denim shorts with a raw hem and a high waist, in a light wash.","Relaxed denim shorts with a raw hem and a high waist, in a light wash..",44,1,,36,Relaxed,Denim,w-denim-short.webp,w-denim-short.webp,w-denim-short.webp,w-denim-short.webp,salt-denim-shorts-36,,,
W-DENIM-SHORT-38,Fashion,simple,fashion,Fashion,,Salt denim shorts 38,55,,1,1,2,1,"Relaxed denim shorts with a raw hem and a high waist, in a light wash.","Relaxed denim shorts with a raw hem and a high waist, in a light wash..",45,1,,38,Relaxed,Denim,w-denim-short.webp,w-denim-short.webp,w-denim-short.webp,w-denim-short.webp,salt-denim-shorts-38,,,
W-DENIM-SHORT-40,Fashion,simple,fashion,Fashion,,Salt denim shorts 40,55,,1,1,2,1,"Relaxed denim shorts with a raw hem and a high waist, in a light wash.","Relaxed denim shorts with a raw hem and a high waist, in a light wash..",33,1,,40,Relaxed,Denim,w-denim-short.webp,w-denim-short.webp,w-denim-short.webp,w-denim-short.webp,salt-denim-shorts-40,,,
W-DENIM-SHORT-42,Fashion,simple,fashion,Fashion,,Salt denim shorts 42,55,,1,1,2,1,"Relaxed denim shorts with a raw hem and a high waist, in a light wash.","Relaxed denim shorts with a raw hem and a high waist, in a light wash..",11,1,,42,Relaxed,Denim,w-denim-short.webp,w-denim-short.webp,w-denim-short.webp,w-denim-short.webp,salt-denim-shorts-42,,,
W-DENIM-SHORT,Fashion,configurable,fashion,Fashion,Women/Pants & Denim,Salt denim shorts,55,45,1,4,2,1,"Relaxed denim shorts with a raw hem and a high waist, in a light wash.","Relaxed denim shorts with a raw hem and a high waist, in a light wash..",0,1,,,Relaxed,Denim,w-denim-short.webp,w-denim-short.webp,w-denim-short.webp,w-denim-short.webp,salt-denim-shorts,W-DENIM-SHORT-36,size,36
,,,,,,,,,,,,,,,,,,,,,,,,,,W-DENIM-SHORT-38,size,38
,,,,,,,,,,,,,,,,,,,,,,,,,,W-DENIM-SHORT-40,size,40
,,,,,,,,,,,,,,,,,,,,,,,,,,W-DENIM-SHORT-42,size,42
,,,,Fashion,Sale,,,,,,,,,,,,,,,,,,,,,,,
W-LINEN-DRESS-IVORY,Fashion,simple,fashion,Fashion,,Ashford linen midi dress Ivory,149,,1,1,2,1,A sleeveless linen midi dress with a square neck and pockets. The one you pack first.,A sleeveless linen midi dress with a square neck and pockets.,10,1,Ivory,,Regular,Linen,w-linen-dress-ivory.webp,w-linen-dress-ivory.webp,w-linen-dress-ivory.webp,w-linen-dress-ivory.webp,ashford-linen-midi-dress-ivory,,,
W-LINEN-DRESS-BLACK,Fashion,simple,fashion,Fashion,,Ashford linen midi dress Black,149,,1,1,2,1,A sleeveless linen midi dress with a square neck and pockets. The one you pack first.,A sleeveless linen midi dress with a square neck and pockets.,43,1,Black,,Regular,Linen,w-linen-dress-black.webp,w-linen-dress-black.webp,w-linen-dress-black.webp,w-linen-dress-black.webp,ashford-linen-midi-dress-black,,,
W-LINEN-DRESS-BLUE,Fashion,simple,fashion,Fashion,,Ashford linen midi dress Blue,149,,1,1,2,1,A sleeveless linen midi dress with a square neck and pockets. The one you pack first.,A sleeveless linen midi dress with a square neck and pockets.,16,1,Blue,,Regular,Linen,w-linen-dress-blue.webp,w-linen-dress-blue.webp,w-linen-dress-blue.webp,w-linen-dress-blue.webp,ashford-linen-midi-dress-blue,,,
W-LINEN-DRESS,Fashion,configurable,fashion,Fashion,Women/Dresses & Skirts,Ashford linen midi dress,149,,1,4,2,1,A sleeveless linen midi dress with a square neck and pockets. The one you pack first.,A sleeveless linen midi dress with a square neck and pockets.,0,1,,,Regular,Linen,w-linen-dress-ivory.webp,w-linen-dress-ivory.webp,w-linen-dress-ivory.webp,w-linen-dress-ivory.webp,ashford-linen-midi-dress,W-LINEN-DRESS-IVORY,color,Ivory
,,,,,,,,,,,,,,,,,,,,,,,,,,W-LINEN-DRESS-BLACK,color,Black
,,,,,,,,,,,,,,,,,,,,,,,,,,W-LINEN-DRESS-BLUE,color,Blue
W-SLIP-DRESS-BLACK,Fashion,simple,fashion,Fashion,,Meridian slip dress Black,119,,1,1,2,1,"A bias-cut silk slip dress that skims rather than clings. Dinner, then dancing.",A bias-cut silk slip dress that skims rather than clings.,34,1,Black,,Slim,Silk,w-slip-dress-black.webp,w-slip-dress-black.webp,w-slip-dress-black.webp,w-slip-dress-black.webp,meridian-slip-dress-black,,,
W-SLIP-DRESS-SALMON,Fashion,simple,fashion,Fashion,,Meridian slip dress Salmon,119,,1,1,2,1,"A bias-cut silk slip dress that skims rather than clings. Dinner, then dancing.",A bias-cut silk slip dress that skims rather than clings.,17,1,Salmon,,Slim,Silk,w-slip-dress-salmon.webp,w-slip-dress-salmon.webp,w-slip-dress-salmon.webp,w-slip-dress-salmon.webp,meridian-slip-dress-salmon,,,
W-SLIP-DRESS,Fashion,configurable,fashion,Fashion,Women/Dresses & Skirts,Meridian slip dress,119,,1,4,2,1,"A bias-cut silk slip dress that skims rather than clings. Dinner, then dancing.",A bias-cut silk slip dress that skims rather than clings.,0,1,,,Slim,Silk,w-slip-dress-black.webp,w-slip-dress-black.webp,w-slip-dress-black.webp,w-slip-dress-black.webp,meridian-slip-dress,W-SLIP-DRESS-BLACK,color,Black
,,,,,,,,,,,,,,,,,,,,,,,,,,W-SLIP-DRESS-SALMON,color,Salmon
,,,,Fashion,Women/New Arrivals,,,,,,,,,,,,,,,,,,,,,,,
W-SHIRT-DRESS-S,Fashion,simple,fashion,Fashion,,Harbour shirt dress S,125,,1,1,2,1,A cotton poplin shirt dress with a belted waist and a full skirt.,A cotton poplin shirt dress with a belted waist and a full skirt..,15,1,,S,Relaxed,Cotton,w-shirt-dress.webp,w-shirt-dress.webp,w-shirt-dress.webp,w-shirt-dress.webp,harbour-shirt-dress-s,,,
W-SHIRT-DRESS-M,Fashion,simple,fashion,Fashion,,Harbour shirt dress M,125,,1,1,2,1,A cotton poplin shirt dress with a belted waist and a full skirt.,A cotton poplin shirt dress with a belted waist and a full skirt..,44,1,,M,Relaxed,Cotton,w-shirt-dress.webp,w-shirt-dress.webp,w-shirt-dress.webp,w-shirt-dress.webp,harbour-shirt-dress-m,,,
W-SHIRT-DRESS-L,Fashion,simple,fashion,Fashion,,Harbour shirt dress L,125,,1,1,2,1,A cotton poplin shirt dress with a belted waist and a full skirt.,A cotton poplin shirt dress with a belted waist and a full skirt..,27,1,,L,Relaxed,Cotton,w-shirt-dress.webp,w-shirt-dress.webp,w-shirt-dress.webp,w-shirt-dress.webp,harbour-shirt-dress-l,,,
W-SHIRT-DRESS,Fashion,configurable,fashion,Fashion,Women/Dresses & Skirts,Harbour shirt dress,125,,1,4,2,1,A cotton poplin shirt dress with a belted waist and a full skirt.,A cotton poplin shirt dress with a belted waist and a full skirt..,0,1,,,Relaxed,Cotton,w-shirt-dress.webp,w-shirt-dress.webp,w-shirt-dress.webp,w-shirt-dress.webp,harbour-shirt-dress,W-SHIRT-DRESS-S,size,S
,,,,,,,,,,,,,,,,,,,,,,,,,,W-SHIRT-DRESS-M,size,M
,,,,,,,,,,,,,,,,,,,,,,,,,,W-SHIRT-DRESS-L,size,L
W-PLEAT-SKIRT-BLACK,Fashion,simple,fashion,Fashion,,Sable pleated skirt Black,89,,1,1,2,1,"A knife-pleated midi skirt in recycled satin, with an elastic waistband.","A knife-pleated midi skirt in recycled satin, with an elastic waistband..",60,1,Black,,Regular,Recycled polyester,w-pleat-skirt-black.webp,w-pleat-skirt-black.webp,w-pleat-skirt-black.webp,w-pleat-skirt-black.webp,sable-pleated-skirt-black,,,
W-PLEAT-SKIRT-OATMEAL,Fashion,simple,fashion,Fashion,,Sable pleated skirt Oatmeal,89,,1,1,2,1,"A knife-pleated midi skirt in recycled satin, with an elastic waistband.","A knife-pleated midi skirt in recycled satin, with an elastic waistband..",51,1,Oatmeal,,Regular,Recycled polyester,w-pleat-skirt-oatmeal.webp,w-pleat-skirt-oatmeal.webp,w-pleat-skirt-oatmeal.webp,w-pleat-skirt-oatmeal.webp,sable-pleated-skirt-oatmeal,,,
W-PLEAT-SKIRT,Fashion,configurable,fashion,Fashion,Women/Dresses & Skirts,Sable pleated skirt,89,,1,4,2,1,"A knife-pleated midi skirt in recycled satin, with an elastic waistband.","A knife-pleated midi skirt in recycled satin, with an elastic waistband..",0,1,,,Regular,Recycled polyester,w-pleat-skirt-black.webp,w-pleat-skirt-black.webp,w-pleat-skirt-black.webp,w-pleat-skirt-black.webp,sable-pleated-skirt,W-PLEAT-SKIRT-BLACK,color,Black
,,,,,,,,,,,,,,,,,,,,,,,,,,W-PLEAT-SKIRT-OATMEAL,color,Oatmeal
W-DENIM-SKIRT-36,Fashion,simple,fashion,Fashion,,Salt denim skirt 36,69,,1,1,2,1,"An A-line denim mini skirt with patch pockets, in a mid wash.","An A-line denim mini skirt with patch pockets, in a mid wash..",14,1,,36,Regular,Denim,w-denim-skirt.webp,w-denim-skirt.webp,w-denim-skirt.webp,w-denim-skirt.webp,salt-denim-skirt-36,,,
W-DENIM-SKIRT-38,Fashion,simple,fashion,Fashion,,Salt denim skirt 38,69,,1,1,2,1,"An A-line denim mini skirt with patch pockets, in a mid wash.","An A-line denim mini skirt with patch pockets, in a mid wash..",45,1,,38,Regular,Denim,w-denim-skirt.webp,w-denim-skirt.webp,w-denim-skirt.webp,w-denim-skirt.webp,salt-denim-skirt-38,,,
W-DENIM-SKIRT-40,Fashion,simple,fashion,Fashion,,Salt denim skirt 40,69,,1,1,2,1,"An A-line denim mini skirt with patch pockets, in a mid wash.","An A-line denim mini skirt with patch pockets, in a mid wash..",44,1,,40,Regular,Denim,w-denim-skirt.webp,w-denim-skirt.webp,w-denim-skirt.webp,w-denim-skirt.webp,salt-denim-skirt-40,,,
W-DENIM-SKIRT-42,Fashion,simple,fashion,Fashion,,Salt denim skirt 42,69,,1,1,2,1,"An A-line denim mini skirt with patch pockets, in a mid wash.","An A-line denim mini skirt with patch pockets, in a mid wash..",48,1,,42,Regular,Denim,w-denim-skirt.webp,w-denim-skirt.webp,w-denim-skirt.webp,w-denim-skirt.webp,salt-denim-skirt-42,,,
W-DENIM-SKIRT,Fashion,configurable,fashion,Fashion,Women/Dresses & Skirts,Salt denim skirt,69,,1,4,2,1,"An A-line denim mini skirt with patch pockets, in a mid wash.","An A-line denim mini skirt with patch pockets, in a mid wash..",0,1,,,Regular,Denim,w-denim-skirt.webp,w-denim-skirt.webp,w-denim-skirt.webp,w-denim-skirt.webp,salt-denim-skirt,W-DENIM-SKIRT-36,size,36
,,,,,,,,,,,,,,,,,,,,,,,,,,W-DENIM-SKIRT-38,size,38
,,,,,,,,,,,,,,,,,,,,,,,,,,W-DENIM-SKIRT-40,size,40
,,,,,,,,,,,,,,,,,,,,,,,,,,W-DENIM-SKIRT-42,size,42
M-LINEN-SHIRT-WHITE,Fashion,simple,fashion,Fashion,,Ashford linen camp shirt White,85,,1,1,2,1,"A washed linen shirt with a one-piece collar. Roll the sleeves, forget the iron.",A washed linen shirt with a one-piece collar.,31,1,White,,Regular,Linen,m-linen-shirt-white.webp,m-linen-shirt-white.webp,m-linen-shirt-white.webp,m-linen-shirt-white.webp,ashford-linen-camp-shirt-white,,,
M-LINEN-SHIRT-BLUE-LIGHT,Fashion,simple,fashion,Fashion,,Ashford linen camp shirt Blue Light,85,,1,1,2,1,"A washed linen shirt with a one-piece collar. Roll the sleeves, forget the iron.",A washed linen shirt with a one-piece collar.,14,1,Blue Light,,Regular,Linen,m-linen-shirt-blue-light.webp,m-linen-shirt-blue-light.webp,m-linen-shirt-blue-light.webp,m-linen-shirt-blue-light.webp,ashford-linen-camp-shirt-blue-light,,,
M-LINEN-SHIRT-KHAKI,Fashion,simple,fashion,Fashion,,Ashford linen camp shirt Khaki,85,,1,1,2,1,"A washed linen shirt with a one-piece collar. Roll the sleeves, forget the iron.",A washed linen shirt with a one-piece collar.,43,1,Khaki,,Regular,Linen,m-linen-shirt-khaki.webp,m-linen-shirt-khaki.webp,m-linen-shirt-khaki.webp,m-linen-shirt-khaki.webp,ashford-linen-camp-shirt-khaki,,,
M-LINEN-SHIRT,Fashion,configurable,fashion,Fashion,Men/Shirts,Ashford linen camp shirt,85,,1,4,2,1,"A washed linen shirt with a one-piece collar. Roll the sleeves, forget the iron.",A washed linen shirt with a one-piece collar.,0,1,,,Regular,Linen,m-linen-shirt-white.webp,m-linen-shirt-white.webp,m-linen-shirt-white.webp,m-linen-shirt-white.webp,ashford-linen-camp-shirt,M-LINEN-SHIRT-WHITE,color,White
,,,,,,,,,,,,,,,,,,,,,,,,,,M-LINEN-SHIRT-BLUE-LIGHT,color,Blue Light
,,,,,,,,,,,,,,,,,,,,,,,,,,M-LINEN-SHIRT-KHAKI,color,Khaki
M-OXFORD-SHIRT-WHITE,Fashion,simple,fashion,Fashion,,Halden oxford shirt White,79,,1,1,2,1,"A button-down oxford in brushed organic cotton, cut slim through the body.","A button-down oxford in brushed organic cotton, cut slim through the body..",12,1,White,,Slim,Cotton,m-oxford-shirt-white.webp,m-oxford-shirt-white.webp,m-oxford-shirt-white.webp,m-oxford-shirt-white.webp,halden-oxford-shirt-white,,,
M-OXFORD-SHIRT-BLUE,Fashion,simple,fashion,Fashion,,Halden oxford shirt Blue,79,,1,1,2,1,"A button-down oxford in brushed organic cotton, cut slim through the body.","A button-down oxford in brushed organic cotton, cut slim through the body..",44,1,Blue,,Slim,Cotton,m-oxford-shirt-blue.webp,m-oxford-shirt-blue.webp,m-oxford-shirt-blue.webp,m-oxford-shirt-blue.webp,halden-oxford-shirt-blue,,,
M-OXFORD-SHIRT,Fashion,configurable,fashion,Fashion,Men/Shirts,Halden oxford shirt,79,,1,4,2,1,"A button-down oxford in brushed organic cotton, cut slim through the body.","A button-down oxford in brushed organic cotton, cut slim through the body..",0,1,,,Slim,Cotton,m-oxford-shirt-white.webp,m-oxford-shirt-white.webp,m-oxford-shirt-white.webp,m-oxford-shirt-white.webp,halden-oxford-shirt,M-OXFORD-SHIRT-WHITE,color,White
,,,,,,,,,,,,,,,,,,,,,,,,,,M-OXFORD-SHIRT-BLUE,color,Blue
M-CAMP-SHIRT-S,Fashion,simple,fashion,Fashion,,Bruma Sol camp shirt S,75,,1,1,2,1,"A short-sleeved camp collar shirt in a woven cotton, with a straight hem.","A short-sleeved camp collar shirt in a woven cotton, with a straight hem..",47,1,,S,Relaxed,Cotton,m-camp-shirt.webp,m-camp-shirt.webp,m-camp-shirt.webp,m-camp-shirt.webp,bruma-sol-camp-shirt-s,,,
M-CAMP-SHIRT-M,Fashion,simple,fashion,Fashion,,Bruma Sol camp shirt M,75,,1,1,2,1,"A short-sleeved camp collar shirt in a woven cotton, with a straight hem.","A short-sleeved camp collar shirt in a woven cotton, with a straight hem..",21,1,,M,Relaxed,Cotton,m-camp-shirt.webp,m-camp-shirt.webp,m-camp-shirt.webp,m-camp-shirt.webp,bruma-sol-camp-shirt-m,,,
M-CAMP-SHIRT-L,Fashion,simple,fashion,Fashion,,Bruma Sol camp shirt L,75,,1,1,2,1,"A short-sleeved camp collar shirt in a woven cotton, with a straight hem.","A short-sleeved camp collar shirt in a woven cotton, with a straight hem..",39,1,,L,Relaxed,Cotton,m-camp-shirt.webp,m-camp-shirt.webp,m-camp-shirt.webp,m-camp-shirt.webp,bruma-sol-camp-shirt-l,,,
M-CAMP-SHIRT-XL,Fashion,simple,fashion,Fashion,,Bruma Sol camp shirt XL,75,,1,1,2,1,"A short-sleeved camp collar shirt in a woven cotton, with a straight hem.","A short-sleeved camp collar shirt in a woven cotton, with a straight hem..",51,1,,XL,Relaxed,Cotton,m-camp-shirt.webp,m-camp-shirt.webp,m-camp-shirt.webp,m-camp-shirt.webp,bruma-sol-camp-shirt-xl,,,
M-CAMP-SHIRT,Fashion,configurable,fashion,Fashion,Men/Shirts,Bruma Sol camp shirt,75,,1,4,2,1,"A short-sleeved camp collar shirt in a woven cotton, with a straight hem.","A short-sleeved camp collar shirt in a woven cotton, with a straight hem..",0,1,,,Relaxed,Cotton,m-camp-shirt.webp,m-camp-shirt.webp,m-camp-shirt.webp,m-camp-shirt.webp,bruma-sol-camp-shirt,M-CAMP-SHIRT-S,size,S
,,,,,,,,,,,,,,,,,,,,,,,,,,M-CAMP-SHIRT-M,size,M
,,,,,,,,,,,,,,,,,,,,,,,,,,M-CAMP-SHIRT-L,size,L
,,,,,,,,,,,,,,,,,,,,,,,,,,M-CAMP-SHIRT-XL,size,XL
,,,,Fashion,Men/New Arrivals,,,,,,,,,,,,,,,,,,,,,,,
M-FLANNEL-SHIRT-S,Fashion,simple,fashion,Fashion,,Fjordline flannel shirt S,89,,1,1,2,1,"A brushed flannel overshirt in a muted check, with two chest pockets.","A brushed flannel overshirt in a muted check, with two chest pockets..",35,1,,S,Regular,Cotton,m-flannel-shirt.webp,m-flannel-shirt.webp,m-flannel-shirt.webp,m-flannel-shirt.webp,fjordline-flannel-shirt-s,,,
M-FLANNEL-SHIRT-M,Fashion,simple,fashion,Fashion,,Fjordline flannel shirt M,89,,1,1,2,1,"A brushed flannel overshirt in a muted check, with two chest pockets.","A brushed flannel overshirt in a muted check, with two chest pockets..",57,1,,M,Regular,Cotton,m-flannel-shirt.webp,m-flannel-shirt.webp,m-flannel-shirt.webp,m-flannel-shirt.webp,fjordline-flannel-shirt-m,,,
M-FLANNEL-SHIRT-L,Fashion,simple,fashion,Fashion,,Fjordline flannel shirt L,89,,1,1,2,1,"A brushed flannel overshirt in a muted check, with two chest pockets.","A brushed flannel overshirt in a muted check, with two chest pockets..",28,1,,L,Regular,Cotton,m-flannel-shirt.webp,m-flannel-shirt.webp,m-flannel-shirt.webp,m-flannel-shirt.webp,fjordline-flannel-shirt-l,,,
M-FLANNEL-SHIRT-XL,Fashion,simple,fashion,Fashion,,Fjordline flannel shirt XL,89,,1,1,2,1,"A brushed flannel overshirt in a muted check, with two chest pockets.","A brushed flannel overshirt in a muted check, with two chest pockets..",37,1,,XL,Regular,Cotton,m-flannel-shirt.webp,m-flannel-shirt.webp,m-flannel-shirt.webp,m-flannel-shirt.webp,fjordline-flannel-shirt-xl,,,
M-FLANNEL-SHIRT-XXL,Fashion,simple,fashion,Fashion,,Fjordline flannel shirt XXL,89,,1,1,2,1,"A brushed flannel overshirt in a muted check, with two chest pockets.","A brushed flannel overshirt in a muted check, with two chest pockets..",45,1,,XXL,Regular,Cotton,m-flannel-shirt.webp,m-flannel-shirt.webp,m-flannel-shirt.webp,m-flannel-shirt.webp,fjordline-flannel-shirt-xxl,,,
M-FLANNEL-SHIRT,Fashion,configurable,fashion,Fashion,Men/Shirts,Fjordline flannel shirt,89,69,1,4,2,1,"A brushed flannel overshirt in a muted check, with two chest pockets.","A brushed flannel overshirt in a muted check, with two chest pockets..",0,1,,,Regular,Cotton,m-flannel-shirt.webp,m-flannel-shirt.webp,m-flannel-shirt.webp,m-flannel-shirt.webp,fjordline-flannel-shirt,M-FLANNEL-SHIRT-S,size,S
,,,,,,,,,,,,,,,,,,,,,,,,,,M-FLANNEL-SHIRT-M,size,M
,,,,,,,,,,,,,,,,,,,,,,,,,,M-FLANNEL-SHIRT-L,size,L
,,,,,,,,,,,,,,,,,,,,,,,,,,M-FLANNEL-SHIRT-XL,size,XL
,,,,,,,,,,,,,,,,,,,,,,,,,,M-FLANNEL-SHIRT-XXL,size,XXL
,,,,Fashion,Sale,,,,,,,,,,,,,,,,,,,,,,,
M-CREW-TEE-WHITE,Fashion,simple,fashion,Fashion,,Harbour crew tee White,29,,1,1,2,1,A heavyweight organic cotton tee with a ribbed crew neck. Buy two.,A heavyweight organic cotton tee with a ribbed crew neck.,31,1,White,,Regular,Cotton,m-crew-tee-white.webp,m-crew-tee-white.webp,m-crew-tee-white.webp,m-crew-tee-white.webp,harbour-crew-tee-white,,,
M-CREW-TEE-BLACK,Fashion,simple,fashion,Fashion,,Harbour crew tee Black,29,,1,1,2,1,A heavyweight organic cotton tee with a ribbed crew neck. Buy two.,A heavyweight organic cotton tee with a ribbed crew neck.,27,1,Black,,Regular,Cotton,m-crew-tee-black.webp,m-crew-tee-black.webp,m-crew-tee-black.webp,m-crew-tee-black.webp,harbour-crew-tee-black,,,
M-CREW-TEE-CHARCOAL,Fashion,simple,fashion,Fashion,,Harbour crew tee Charcoal,29,,1,1,2,1,A heavyweight organic cotton tee with a ribbed crew neck. Buy two.,A heavyweight organic cotton tee with a ribbed crew neck.,23,1,Charcoal,,Regular,Cotton,m-crew-tee-charcoal.webp,m-crew-tee-charcoal.webp,m-crew-tee-charcoal.webp,m-crew-tee-charcoal.webp,harbour-crew-tee-charcoal,,,
M-CREW-TEE-GREEN,Fashion,simple,fashion,Fashion,,Harbour crew tee Green,29,,1,1,2,1,A heavyweight organic cotton tee with a ribbed crew neck. Buy two.,A heavyweight organic cotton tee with a ribbed crew neck.,58,1,Green,,Regular,Cotton,m-crew-tee-green.webp,m-crew-tee-green.webp,m-crew-tee-green.webp,m-crew-tee-green.webp,harbour-crew-tee-green,,,
M-CREW-TEE,Fashion,configurable,fashion,Fashion,"Men/Tees, Knits and Polos",Harbour crew tee,29,,1,4,2,1,A heavyweight organic cotton tee with a ribbed crew neck. Buy two.,A heavyweight organic cotton tee with a ribbed crew neck.,0,1,,,Regular,Cotton,m-crew-tee-white.webp,m-crew-tee-white.webp,m-crew-tee-white.webp,m-crew-tee-white.webp,harbour-crew-tee,M-CREW-TEE-WHITE,color,White
,,,,,,,,,,,,,,,,,,,,,,,,,,M-CREW-TEE-BLACK,color,Black
,,,,,,,,,,,,,,,,,,,,,,,,,,M-CREW-TEE-CHARCOAL,color,Charcoal
,,,,,,,,,,,,,,,,,,,,,,,,,,M-CREW-TEE-GREEN,color,Green
M-PIQUE-POLO-BLUE-DARK,Fashion,simple,fashion,Fashion,,Meridian pique polo Blue Dark,59,,1,1,2,1,"A pique polo with a two-button placket, cut from long-staple cotton.","A pique polo with a two-button placket, cut from long-staple cotton..",52,1,Blue Dark,,Slim,Cotton,m-pique-polo-blue-dark.webp,m-pique-polo-blue-dark.webp,m-pique-polo-blue-dark.webp,m-pique-polo-blue-dark.webp,meridian-pique-polo-blue-dark,,,
M-PIQUE-POLO-WHITE,Fashion,simple,fashion,Fashion,,Meridian pique polo White,59,,1,1,2,1,"A pique polo with a two-button placket, cut from long-staple cotton.","A pique polo with a two-button placket, cut from long-staple cotton..",57,1,White,,Slim,Cotton,m-pique-polo-white.webp,m-pique-polo-white.webp,m-pique-polo-white.webp,m-pique-polo-white.webp,meridian-pique-polo-white,,,
M-PIQUE-POLO-RED,Fashion,simple,fashion,Fashion,,Meridian pique polo Red,59,,1,1,2,1,"A pique polo with a two-button placket, cut from long-staple cotton.","A pique polo with a two-button placket, cut from long-staple cotton..",23,1,Red,,Slim,Cotton,m-pique-polo-red.webp,m-pique-polo-red.webp,m-pique-polo-red.webp,m-pique-polo-red.webp,meridian-pique-polo-red,,,
M-PIQUE-POLO,Fashion,configurable,fashion,Fashion,"Men/Tees, Knits and Polos",Meridian pique polo,59,,1,4,2,1,"A pique polo with a two-button placket, cut from long-staple cotton.","A pique polo with a two-button placket, cut from long-staple cotton..",0,1,,,Slim,Cotton,m-pique-polo-blue-dark.webp,m-pique-polo-blue-dark.webp,m-pique-polo-blue-dark.webp,m-pique-polo-blue-dark.webp,meridian-pique-polo,M-PIQUE-POLO-BLUE-DARK,color,Blue Dark
,,,,,,,,,,,,,,,,,,,,,,,,,,M-PIQUE-POLO-WHITE,color,White
,,,,,,,,,,,,,,,,,,,,,,,,,,M-PIQUE-POLO-RED,color,Red
M-MERINO-CREW-GREY,Fashion,simple,fashion,Fashion,,Nordlys merino crew Grey,129,,1,1,2,1,A fine-gauge merino crew neck that layers under a jacket without bulk.,A fine-gauge merino crew neck that layers under a jacket without bulk..,44,1,Grey,,Regular,Wool,m-merino-crew-grey.webp,m-merino-crew-grey.webp,m-merino-crew-grey.webp,m-merino-crew-grey.webp,nordlys-merino-crew-grey,,,
M-MERINO-CREW-BLUE-DARK,Fashion,simple,fashion,Fashion,,Nordlys merino crew Blue Dark,129,,1,1,2,1,A fine-gauge merino crew neck that layers under a jacket without bulk.,A fine-gauge merino crew neck that layers under a jacket without bulk..,27,1,Blue Dark,,Regular,Wool,m-merino-crew-blue-dark.webp,m-merino-crew-blue-dark.webp,m-merino-crew-blue-dark.webp,m-merino-crew-blue-dark.webp,nordlys-merino-crew-blue-dark,,,
M-MERINO-CREW-BROWN,Fashion,simple,fashion,Fashion,,Nordlys merino crew Brown,129,,1,1,2,1,A fine-gauge merino crew neck that layers under a jacket without bulk.,A fine-gauge merino crew neck that layers under a jacket without bulk..,41,1,Brown,,Regular,Wool,m-merino-crew-brown.webp,m-merino-crew-brown.webp,m-merino-crew-brown.webp,m-merino-crew-brown.webp,nordlys-merino-crew-brown,,,
M-MERINO-CREW,Fashion,configurable,fashion,Fashion,"Men/Tees, Knits and Polos",Nordlys merino crew,129,,1,4,2,1,A fine-gauge merino crew neck that layers under a jacket without bulk.,A fine-gauge merino crew neck that layers under a jacket without bulk..,0,1,,,Regular,Wool,m-merino-crew-grey.webp,m-merino-crew-grey.webp,m-merino-crew-grey.webp,m-merino-crew-grey.webp,nordlys-merino-crew,M-MERINO-CREW-GREY,color,Grey
,,,,,,,,,,,,,,,,,,,,,,,,,,M-MERINO-CREW-BLUE-DARK,color,Blue Dark
,,,,,,,,,,,,,,,,,,,,,,,,,,M-MERINO-CREW-BROWN,color,Brown
,,,,Fashion,Men/New Arrivals,,,,,,,,,,,,,,,,,,,,,,,
M-CARDIGAN-S,Fashion,simple,fashion,Fashion,,Nordlys shawl cardigan S,159,,1,1,2,1,"A chunky shawl-collar cardigan in a wool and alpaca blend, with horn buttons.","A chunky shawl-collar cardigan in a wool and alpaca blend, with horn buttons..",29,1,,S,Relaxed,Wool,m-cardigan.webp,m-cardigan.webp,m-cardigan.webp,m-cardigan.webp,nordlys-shawl-cardigan-s,,,
M-CARDIGAN-M,Fashion,simple,fashion,Fashion,,Nordlys shawl cardigan M,159,,1,1,2,1,"A chunky shawl-collar cardigan in a wool and alpaca blend, with horn buttons.","A chunky shawl-collar cardigan in a wool and alpaca blend, with horn buttons..",54,1,,M,Relaxed,Wool,m-cardigan.webp,m-cardigan.webp,m-cardigan.webp,m-cardigan.webp,nordlys-shawl-cardigan-m,,,
M-CARDIGAN-L,Fashion,simple,fashion,Fashion,,Nordlys shawl cardigan L,159,,1,1,2,1,"A chunky shawl-collar cardigan in a wool and alpaca blend, with horn buttons.","A chunky shawl-collar cardigan in a wool and alpaca blend, with horn buttons..",36,1,,L,Relaxed,Wool,m-cardigan.webp,m-cardigan.webp,m-cardigan.webp,m-cardigan.webp,nordlys-shawl-cardigan-l,,,
M-CARDIGAN-XL,Fashion,simple,fashion,Fashion,,Nordlys shawl cardigan XL,159,,1,1,2,1,"A chunky shawl-collar cardigan in a wool and alpaca blend, with horn buttons.","A chunky shawl-collar cardigan in a wool and alpaca blend, with horn buttons..",26,1,,XL,Relaxed,Wool,m-cardigan.webp,m-cardigan.webp,m-cardigan.webp,m-cardigan.webp,nordlys-shawl-cardigan-xl,,,
M-CARDIGAN,Fashion,configurable,fashion,Fashion,"Men/Tees, Knits and Polos",Nordlys shawl cardigan,159,,1,4,2,1,"A chunky shawl-collar cardigan in a wool and alpaca blend, with horn buttons.","A chunky shawl-collar cardigan in a wool and alpaca blend, with horn buttons..",0,1,,,Relaxed,Wool,m-cardigan.webp,m-cardigan.webp,m-cardigan.webp,m-cardigan.webp,nordlys-shawl-cardigan,M-CARDIGAN-S,size,S
,,,,,,,,,,,,,,,,,,,,,,,,,,M-CARDIGAN-M,size,M
,,,,,,,,,,,,,,,,,,,,,,,,,,M-CARDIGAN-L,size,L
,,,,,,,,,,,,,,,,,,,,,,,,,,M-CARDIGAN-XL,size,XL
M-HENLEY-S,Fashion,simple,fashion,Fashion,,Coast waffle henley S,49,,1,1,2,1,A long-sleeved waffle knit henley with a three-button placket.,A long-sleeved waffle knit henley with a three-button placket..,12,1,,S,Regular,Cotton,m-henley.webp,m-henley.webp,m-henley.webp,m-henley.webp,coast-waffle-henley-s,,,
M-HENLEY-M,Fashion,simple,fashion,Fashion,,Coast waffle henley M,49,,1,1,2,1,A long-sleeved waffle knit henley with a three-button placket.,A long-sleeved waffle knit henley with a three-button placket..,15,1,,M,Regular,Cotton,m-henley.webp,m-henley.webp,m-henley.webp,m-henley.webp,coast-waffle-henley-m,,,
M-HENLEY-L,Fashion,simple,fashion,Fashion,,Coast waffle henley L,49,,1,1,2,1,A long-sleeved waffle knit henley with a three-button placket.,A long-sleeved waffle knit henley with a three-button placket..,40,1,,L,Regular,Cotton,m-henley.webp,m-henley.webp,m-henley.webp,m-henley.webp,coast-waffle-henley-l,,,
M-HENLEY-XL,Fashion,simple,fashion,Fashion,,Coast waffle henley XL,49,,1,1,2,1,A long-sleeved waffle knit henley with a three-button placket.,A long-sleeved waffle knit henley with a three-button placket..,34,1,,XL,Regular,Cotton,m-henley.webp,m-henley.webp,m-henley.webp,m-henley.webp,coast-waffle-henley-xl,,,
M-HENLEY,Fashion,configurable,fashion,Fashion,"Men/Tees, Knits and Polos",Coast waffle henley,49,39,1,4,2,1,A long-sleeved waffle knit henley with a three-button placket.,A long-sleeved waffle knit henley with a three-button placket..,0,1,,,Regular,Cotton,m-henley.webp,m-henley.webp,m-henley.webp,m-henley.webp,coast-waffle-henley,M-HENLEY-S,size,S
,,,,,,,,,,,,,,,,,,,,,,,,,,M-HENLEY-M,size,M
,,,,,,,,,,,,,,,,,,,,,,,,,,M-HENLEY-L,size,L
,,,,,,,,,,,,,,,,,,,,,,,,,,M-HENLEY-XL,size,XL
,,,,Fashion,Sale,,,,,,,,,,,,,,,,,,,,,,,
M-CHINO-KHAKI,Fashion,simple,fashion,Fashion,,Coast chinos Khaki,85,,1,1,2,1,Garment-dyed cotton twill chinos with a tapered leg and a touch of stretch.,Garment-dyed cotton twill chinos with a tapered leg and a touch of stretch..,56,1,Khaki,,Slim,Cotton,m-chino-khaki.webp,m-chino-khaki.webp,m-chino-khaki.webp,m-chino-khaki.webp,coast-chinos-khaki,,,
M-CHINO-BLUE-DARK,Fashion,simple,fashion,Fashion,,Coast chinos Blue Dark,85,,1,1,2,1,Garment-dyed cotton twill chinos with a tapered leg and a touch of stretch.,Garment-dyed cotton twill chinos with a tapered leg and a touch of stretch..,29,1,Blue Dark,,Slim,Cotton,m-chino-blue-dark.webp,m-chino-blue-dark.webp,m-chino-blue-dark.webp,m-chino-blue-dark.webp,coast-chinos-blue-dark,,,
M-CHINO-OATMEAL,Fashion,simple,fashion,Fashion,,Coast chinos Oatmeal,85,,1,1,2,1,Garment-dyed cotton twill chinos with a tapered leg and a touch of stretch.,Garment-dyed cotton twill chinos with a tapered leg and a touch of stretch..,17,1,Oatmeal,,Slim,Cotton,m-chino-oatmeal.webp,m-chino-oatmeal.webp,m-chino-oatmeal.webp,m-chino-oatmeal.webp,coast-chinos-oatmeal,,,
M-CHINO,Fashion,configurable,fashion,Fashion,Men/Pants & Denim,Coast chinos,85,,1,4,2,1,Garment-dyed cotton twill chinos with a tapered leg and a touch of stretch.,Garment-dyed cotton twill chinos with a tapered leg and a touch of stretch..,0,1,,,Slim,Cotton,m-chino-khaki.webp,m-chino-khaki.webp,m-chino-khaki.webp,m-chino-khaki.webp,coast-chinos,M-CHINO-KHAKI,color,Khaki
,,,,,,,,,,,,,,,,,,,,,,,,,,M-CHINO-BLUE-DARK,color,Blue Dark
,,,,,,,,,,,,,,,,,,,,,,,,,,M-CHINO-OATMEAL,color,Oatmeal
M-SELVEDGE-JEAN-BLUE-DARK,Fashion,simple,fashion,Fashion,,Fjordline selvedge jeans Blue Dark,139,,1,1,2,1,Raw selvedge denim with a regular fit and a straight leg. Wear them in.,Raw selvedge denim with a regular fit and a straight leg.,34,1,Blue Dark,,Regular,Denim,m-selvedge-jean-blue-dark.webp,m-selvedge-jean-blue-dark.webp,m-selvedge-jean-blue-dark.webp,m-selvedge-jean-blue-dark.webp,fjordline-selvedge-jeans-blue-dark,,,
M-SELVEDGE-JEAN-INDIGO,Fashion,simple,fashion,Fashion,,Fjordline selvedge jeans Indigo,139,,1,1,2,1,Raw selvedge denim with a regular fit and a straight leg. Wear them in.,Raw selvedge denim with a regular fit and a straight leg.,10,1,Indigo,,Regular,Denim,m-selvedge-jean-indigo.webp,m-selvedge-jean-indigo.webp,m-selvedge-jean-indigo.webp,m-selvedge-jean-indigo.webp,fjordline-selvedge-jeans-indigo,,,
M-SELVEDGE-JEAN,Fashion,configurable,fashion,Fashion,Men/Pants & Denim,Fjordline selvedge jeans,139,,1,4,2,1,Raw selvedge denim with a regular fit and a straight leg. Wear them in.,Raw selvedge denim with a regular fit and a straight leg.,0,1,,,Regular,Denim,m-selvedge-jean-blue-dark.webp,m-selvedge-jean-blue-dark.webp,m-selvedge-jean-blue-dark.webp,m-selvedge-jean-blue-dark.webp,fjordline-selvedge-jeans,M-SELVEDGE-JEAN-BLUE-DARK,color,Blue Dark
,,,,,,,,,,,,,,,,,,,,,,,,,,M-SELVEDGE-JEAN-INDIGO,color,Indigo
M-LINEN-TROUSER-38,Fashion,simple,fashion,Fashion,,Sand linen trousers 38,99,,1,1,2,1,Drawstring linen trousers with a relaxed leg. Airport to beach without a change.,Drawstring linen trousers with a relaxed leg.,12,1,,38,Relaxed,Linen,m-linen-trouser.webp,m-linen-trouser.webp,m-linen-trouser.webp,m-linen-trouser.webp,sand-linen-trousers-38,,,
M-LINEN-TROUSER-40,Fashion,simple,fashion,Fashion,,Sand linen trousers 40,99,,1,1,2,1,Drawstring linen trousers with a relaxed leg. Airport to beach without a change.,Drawstring linen trousers with a relaxed leg.,56,1,,40,Relaxed,Linen,m-linen-trouser.webp,m-linen-trouser.webp,m-linen-trouser.webp,m-linen-trouser.webp,sand-linen-trousers-40,,,
M-LINEN-TROUSER-42,Fashion,simple,fashion,Fashion,,Sand linen trousers 42,99,,1,1,2,1,Drawstring linen trousers with a relaxed leg. Airport to beach without a change.,Drawstring linen trousers with a relaxed leg.,43,1,,42,Relaxed,Linen,m-linen-trouser.webp,m-linen-trouser.webp,m-linen-trouser.webp,m-linen-trouser.webp,sand-linen-trousers-42,,,
M-LINEN-TROUSER-44,Fashion,simple,fashion,Fashion,,Sand linen trousers 44,99,,1,1,2,1,Drawstring linen trousers with a relaxed leg. Airport to beach without a change.,Drawstring linen trousers with a relaxed leg.,44,1,,44,Relaxed,Linen,m-linen-trouser.webp,m-linen-trouser.webp,m-linen-trouser.webp,m-linen-trouser.webp,sand-linen-trousers-44,,,
M-LINEN-TROUSER,Fashion,configurable,fashion,Fashion,Men/Pants & Denim,Sand linen trousers,99,,1,4,2,1,Drawstring linen trousers with a relaxed leg. Airport to beach without a change.,Drawstring linen trousers with a relaxed leg.,0,1,,,Relaxed,Linen,m-linen-trouser.webp,m-linen-trouser.webp,m-linen-trouser.webp,m-linen-trouser.webp,sand-linen-trousers,M-LINEN-TROUSER-38,size,38
,,,,,,,,,,,,,,,,,,,,,,,,,,M-LINEN-TROUSER-40,size,40
,,,,,,,,,,,,,,,,,,,,,,,,,,M-LINEN-TROUSER-42,size,42
,,,,,,,,,,,,,,,,,,,,,,,,,,M-LINEN-TROUSER-44,size,44
M-CARGO-SHORT-38,Fashion,simple,fashion,Fashion,,Harbour cargo shorts 38,65,,1,1,2,1,Ripstop cotton cargo shorts with bellows pockets and a nine-inch inseam.,Ripstop cotton cargo shorts with bellows pockets and a nine-inch inseam..,60,1,,38,Regular,Cotton,m-cargo-short.webp,m-cargo-short.webp,m-cargo-short.webp,m-cargo-short.webp,harbour-cargo-shorts-38,,,
M-CARGO-SHORT-40,Fashion,simple,fashion,Fashion,,Harbour cargo shorts 40,65,,1,1,2,1,Ripstop cotton cargo shorts with bellows pockets and a nine-inch inseam.,Ripstop cotton cargo shorts with bellows pockets and a nine-inch inseam..,28,1,,40,Regular,Cotton,m-cargo-short.webp,m-cargo-short.webp,m-cargo-short.webp,m-cargo-short.webp,harbour-cargo-shorts-40,,,
M-CARGO-SHORT-42,Fashion,simple,fashion,Fashion,,Harbour cargo shorts 42,65,,1,1,2,1,Ripstop cotton cargo shorts with bellows pockets and a nine-inch inseam.,Ripstop cotton cargo shorts with bellows pockets and a nine-inch inseam..,29,1,,42,Regular,Cotton,m-cargo-short.webp,m-cargo-short.webp,m-cargo-short.webp,m-cargo-short.webp,harbour-cargo-shorts-42,,,
M-CARGO-SHORT-44,Fashion,simple,fashion,Fashion,,Harbour cargo shorts 44,65,,1,1,2,1,Ripstop cotton cargo shorts with bellows pockets and a nine-inch inseam.,Ripstop cotton cargo shorts with bellows pockets and a nine-inch inseam..,52,1,,44,Regular,Cotton,m-cargo-short.webp,m-cargo-short.webp,m-cargo-short.webp,m-cargo-short.webp,harbour-cargo-shorts-44,,,
M-CARGO-SHORT,Fashion,configurable,fashion,Fashion,Men/Pants & Denim,Harbour cargo shorts,65,,1,4,2,1,Ripstop cotton cargo shorts with bellows pockets and a nine-inch inseam.,Ripstop cotton cargo shorts with bellows pockets and a nine-inch inseam..,0,1,,,Regular,Cotton,m-cargo-short.webp,m-cargo-short.webp,m-cargo-short.webp,m-cargo-short.webp,harbour-cargo-shorts,M-CARGO-SHORT-38,size,38
,,,,,,,,,,,,,,,,,,,,,,,,,,M-CARGO-SHORT-40,size,40
,,,,,,,,,,,,,,,,,,,,,,,,,,M-CARGO-SHORT-42,size,42
,,,,,,,,,,,,,,,,,,,,,,,,,,M-CARGO-SHORT-44,size,44
M-LINEN-BLAZER-OATMEAL,Fashion,simple,fashion,Fashion,,Ashford linen blazer Oatmeal,249,,1,1,2,1,An unstructured linen blazer with patch pockets and a half lining. Creases are part of the look.,An unstructured linen blazer with patch pockets and a half lining.,46,1,Oatmeal,,Regular,Linen,m-linen-blazer-oatmeal.webp,m-linen-blazer-oatmeal.webp,m-linen-blazer-oatmeal.webp,m-linen-blazer-oatmeal.webp,ashford-linen-blazer-oatmeal,,,
M-LINEN-BLAZER-BLUE-DARK,Fashion,simple,fashion,Fashion,,Ashford linen blazer Blue Dark,249,,1,1,2,1,An unstructured linen blazer with patch pockets and a half lining. Creases are part of the look.,An unstructured linen blazer with patch pockets and a half lining.,39,1,Blue Dark,,Regular,Linen,m-linen-blazer-blue-dark.webp,m-linen-blazer-blue-dark.webp,m-linen-blazer-blue-dark.webp,m-linen-blazer-blue-dark.webp,ashford-linen-blazer-blue-dark,,,
M-LINEN-BLAZER,Fashion,configurable,fashion,Fashion,Men/Blazers,Ashford linen blazer,249,,1,4,2,1,An unstructured linen blazer with patch pockets and a half lining. Creases are part of the look.,An unstructured linen blazer with patch pockets and a half lining.,0,1,,,Regular,Linen,m-linen-blazer-oatmeal.webp,m-linen-blazer-oatmeal.webp,m-linen-blazer-oatmeal.webp,m-linen-blazer-oatmeal.webp,ashford-linen-blazer,M-LINEN-BLAZER-OATMEAL,color,Oatmeal
,,,,,,,,,,,,,,,,,,,,,,,,,,M-LINEN-BLAZER-BLUE-DARK,color,Blue Dark
M-KNIT-BLAZER-S,Fashion,simple,fashion,Fashion,,Nordlys knit blazer S,199,,1,1,2,1,A jersey knit blazer in merino wool that moves like a cardigan and looks like a jacket.,A jersey knit blazer in merino wool that moves like a cardigan and looks like a jacket..,59,1,,S,Slim,Wool,m-knit-blazer.webp,m-knit-blazer.webp,m-knit-blazer.webp,m-knit-blazer.webp,nordlys-knit-blazer-s,,,
M-KNIT-BLAZER-M,Fashion,simple,fashion,Fashion,,Nordlys knit blazer M,199,,1,1,2,1,A jersey knit blazer in merino wool that moves like a cardigan and looks like a jacket.,A jersey knit blazer in merino wool that moves like a cardigan and looks like a jacket..,37,1,,M,Slim,Wool,m-knit-blazer.webp,m-knit-blazer.webp,m-knit-blazer.webp,m-knit-blazer.webp,nordlys-knit-blazer-m,,,
M-KNIT-BLAZER-L,Fashion,simple,fashion,Fashion,,Nordlys knit blazer L,199,,1,1,2,1,A jersey knit blazer in merino wool that moves like a cardigan and looks like a jacket.,A jersey knit blazer in merino wool that moves like a cardigan and looks like a jacket..,12,1,,L,Slim,Wool,m-knit-blazer.webp,m-knit-blazer.webp,m-knit-blazer.webp,m-knit-blazer.webp,nordlys-knit-blazer-l,,,
M-KNIT-BLAZER-XL,Fashion,simple,fashion,Fashion,,Nordlys knit blazer XL,199,,1,1,2,1,A jersey knit blazer in merino wool that moves like a cardigan and looks like a jacket.,A jersey knit blazer in merino wool that moves like a cardigan and looks like a jacket..,13,1,,XL,Slim,Wool,m-knit-blazer.webp,m-knit-blazer.webp,m-knit-blazer.webp,m-knit-blazer.webp,nordlys-knit-blazer-xl,,,
M-KNIT-BLAZER,Fashion,configurable,fashion,Fashion,Men/Blazers,Nordlys knit blazer,199,,1,4,2,1,A jersey knit blazer in merino wool that moves like a cardigan and looks like a jacket.,A jersey knit blazer in merino wool that moves like a cardigan and looks like a jacket..,0,1,,,Slim,Wool,m-knit-blazer.webp,m-knit-blazer.webp,m-knit-blazer.webp,m-knit-blazer.webp,nordlys-knit-blazer,M-KNIT-BLAZER-S,size,S
,,,,,,,,,,,,,,,,,,,,,,,,,,M-KNIT-BLAZER-M,size,M
,,,,,,,,,,,,,,,,,,,,,,,,,,M-KNIT-BLAZER-L,size,L
,,,,,,,,,,,,,,,,,,,,,,,,,,M-KNIT-BLAZER-XL,size,XL
,,,,Fashion,Men/New Arrivals,,,,,,,,,,,,,,,,,,,,,,,
M-FIELD-JACKET-GREEN,Fashion,simple,fashion,Fashion,,Halden field jacket Green,229,,1,1,2,1,A four-pocket field jacket in waxed cotton with a corduroy collar.,A four-pocket field jacket in waxed cotton with a corduroy collar..,38,1,Green,,Regular,Cotton,m-field-jacket-green.webp,m-field-jacket-green.webp,m-field-jacket-green.webp,m-field-jacket-green.webp,halden-field-jacket-green,,,
M-FIELD-JACKET-TAN,Fashion,simple,fashion,Fashion,,Halden field jacket Tan,229,,1,1,2,1,A four-pocket field jacket in waxed cotton with a corduroy collar.,A four-pocket field jacket in waxed cotton with a corduroy collar..,52,1,Tan,,Regular,Cotton,m-field-jacket-tan.webp,m-field-jacket-tan.webp,m-field-jacket-tan.webp,m-field-jacket-tan.webp,halden-field-jacket-tan,,,
M-FIELD-JACKET,Fashion,configurable,fashion,Fashion,Men/Blazers,Halden field jacket,229,,1,4,2,1,A four-pocket field jacket in waxed cotton with a corduroy collar.,A four-pocket field jacket in waxed cotton with a corduroy collar..,0,1,,,Regular,Cotton,m-field-jacket-green.webp,m-field-jacket-green.webp,m-field-jacket-green.webp,m-field-jacket-green.webp,halden-field-jacket,M-FIELD-JACKET-GREEN,color,Green
,,,,,,,,,,,,,,,,,,,,,,,,,,M-FIELD-JACKET-TAN,color,Tan
A-ROUND-SUN-BROWN,Fashion,simple,fashion,Fashion,,Ottavia round sunglasses Brown,139,,1,1,2,1,Round acetate sunglasses with polarised lenses and a keyhole bridge.,Round acetate sunglasses with polarised lenses and a keyhole bridge..,12,1,Brown,,,,a-round-sun-brown.webp,a-round-sun-brown.webp,a-round-sun-brown.webp,a-round-sun-brown.webp,ottavia-round-sunglasses-brown,,,
A-ROUND-SUN-BLACK,Fashion,simple,fashion,Fashion,,Ottavia round sunglasses Black,139,,1,1,2,1,Round acetate sunglasses with polarised lenses and a keyhole bridge.,Round acetate sunglasses with polarised lenses and a keyhole bridge..,11,1,Black,,,,a-round-sun-black.webp,a-round-sun-black.webp,a-round-sun-black.webp,a-round-sun-black.webp,ottavia-round-sunglasses-black,,,
A-ROUND-SUN,Fashion,configurable,fashion,Fashion,Accessories/Eyewear,Ottavia round sunglasses,139,,1,4,2,1,Round acetate sunglasses with polarised lenses and a keyhole bridge.,Round acetate sunglasses with polarised lenses and a keyhole bridge..,0,1,,,,,a-round-sun-brown.webp,a-round-sun-brown.webp,a-round-sun-brown.webp,a-round-sun-brown.webp,ottavia-round-sunglasses,A-ROUND-SUN-BROWN,color,Brown
,,,,,,,,,,,,,,,,,,,,,,,,,,A-ROUND-SUN-BLACK,color,Black
A-AVIATOR,Fashion,simple,fashion,Fashion,Accessories/Eyewear,Ottavia aviator sunglasses,149,,1,4,2,1,Slim steel aviators with green glass lenses and a double bridge.,Slim steel aviators with green glass lenses and a double bridge..,52,1,,,,Stainless steel,a-aviator.webp,a-aviator.webp,a-aviator.webp,a-aviator.webp,ottavia-aviator-sunglasses,,,
A-SQUARE-SUN-BLACK,Fashion,simple,fashion,Fashion,,Ottavia square sunglasses Black,129,,1,1,2,1,Bold square sunglasses in polished acetate with grey gradient lenses.,Bold square sunglasses in polished acetate with grey gradient lenses..,27,1,Black,,,,a-square-sun-black.webp,a-square-sun-black.webp,a-square-sun-black.webp,a-square-sun-black.webp,ottavia-square-sunglasses-black,,,
A-SQUARE-SUN-IVORY,Fashion,simple,fashion,Fashion,,Ottavia square sunglasses Ivory,129,,1,1,2,1,Bold square sunglasses in polished acetate with grey gradient lenses.,Bold square sunglasses in polished acetate with grey gradient lenses..,49,1,Ivory,,,,a-square-sun-ivory.webp,a-square-sun-ivory.webp,a-square-sun-ivory.webp,a-square-sun-ivory.webp,ottavia-square-sunglasses-ivory,,,
A-SQUARE-SUN,Fashion,configurable,fashion,Fashion,Accessories/Eyewear,Ottavia square sunglasses,129,,1,4,2,1,Bold square sunglasses in polished acetate with grey gradient lenses.,Bold square sunglasses in polished acetate with grey gradient lenses..,0,1,,,,,a-square-sun-black.webp,a-square-sun-black.webp,a-square-sun-black.webp,a-square-sun-black.webp,ottavia-square-sunglasses,A-SQUARE-SUN-BLACK,color,Black
,,,,,,,,,,,,,,,,,,,,,,,,,,A-SQUARE-SUN-IVORY,color,Ivory
A-READING,Fashion,simple,fashion,Fashion,Accessories/Eyewear,Ottavia reading glasses,59,,1,4,2,1,"Lightweight reading glasses in a panto shape, with a cloth case.","Lightweight reading glasses in a panto shape, with a cloth case..",51,1,,,,,a-reading.webp,a-reading.webp,a-reading.webp,a-reading.webp,ottavia-reading-glasses,,,
A-CHAIN-NECK,Fashion,simple,fashion,Fashion,Accessories/Jewelry,Meridian curb chain,89,,1,4,2,1,"A slim curb chain in gold-plated sterling silver, 45 cm.","A slim curb chain in gold-plated sterling silver, 45 cm..",60,1,,,,Gold plated,a-chain-neck.webp,a-chain-neck.webp,a-chain-neck.webp,a-chain-neck.webp,meridian-curb-chain,,,
A-SIGNET-RING-SILVER,Fashion,simple,fashion,Fashion,,Halden signet ring Silver,119,,1,1,2,1,"A square signet ring in solid sterling silver, plain face for engraving.","A square signet ring in solid sterling silver, plain face for engraving..",36,1,Silver,,,Sterling silver,a-signet-ring-silver.webp,a-signet-ring-silver.webp,a-signet-ring-silver.webp,a-signet-ring-silver.webp,halden-signet-ring-silver,,,
A-SIGNET-RING-YELLOW,Fashion,simple,fashion,Fashion,,Halden signet ring Yellow,119,,1,1,2,1,"A square signet ring in solid sterling silver, plain face for engraving.","A square signet ring in solid sterling silver, plain face for engraving..",26,1,Yellow,,,Sterling silver,a-signet-ring-yellow.webp,a-signet-ring-yellow.webp,a-signet-ring-yellow.webp,a-signet-ring-yellow.webp,halden-signet-ring-yellow,,,
A-SIGNET-RING,Fashion,configurable,fashion,Fashion,Accessories/Jewelry,Halden signet ring,119,,1,4,2,1,"A square signet ring in solid sterling silver, plain face for engraving.","A square signet ring in solid sterling silver, plain face for engraving..",0,1,,,,Sterling silver,a-signet-ring-silver.webp,a-signet-ring-silver.webp,a-signet-ring-silver.webp,a-signet-ring-silver.webp,halden-signet-ring,A-SIGNET-RING-SILVER,color,Silver
,,,,,,,,,,,,,,,,,,,,,,,,,,A-SIGNET-RING-YELLOW,color,Yellow
A-HOOP-EAR,Fashion,simple,fashion,Fashion,Accessories/Jewelry,Bruma Sol hoops,65,,1,4,2,1,Medium hammered hoop earrings in gold-plated brass.,Medium hammered hoop earrings in gold-plated brass..,32,1,,,,Gold plated,a-hoop-ear.webp,a-hoop-ear.webp,a-hoop-ear.webp,a-hoop-ear.webp,bruma-sol-hoops,,,
A-BRACELET-BLUE-DARK,Fashion,simple,fashion,Fashion,,Coast rope bracelet Blue Dark,35,,1,1,2,1,A braided nylon rope bracelet with a stainless steel shackle clasp.,A braided nylon rope bracelet with a stainless steel shackle clasp..,50,1,Blue Dark,,,Nylon,a-bracelet-blue-dark.webp,a-bracelet-blue-dark.webp,a-bracelet-blue-dark.webp,a-bracelet-blue-dark.webp,coast-rope-bracelet-blue-dark,,,
A-BRACELET-RED,Fashion,simple,fashion,Fashion,,Coast rope bracelet Red,35,,1,1,2,1,A braided nylon rope bracelet with a stainless steel shackle clasp.,A braided nylon rope bracelet with a stainless steel shackle clasp..,30,1,Red,,,Nylon,a-bracelet-red.webp,a-bracelet-red.webp,a-bracelet-red.webp,a-bracelet-red.webp,coast-rope-bracelet-red,,,
A-BRACELET-GREEN,Fashion,simple,fashion,Fashion,,Coast rope bracelet Green,35,,1,1,2,1,A braided nylon rope bracelet with a stainless steel shackle clasp.,A braided nylon rope bracelet with a stainless steel shackle clasp..,9,1,Green,,,Nylon,a-bracelet-green.webp,a-bracelet-green.webp,a-bracelet-green.webp,a-bracelet-green.webp,coast-rope-bracelet-green,,,
A-BRACELET,Fashion,configurable,fashion,Fashion,Accessories/Jewelry,Coast rope bracelet,35,,1,4,2,1,A braided nylon rope bracelet with a stainless steel shackle clasp.,A braided nylon rope bracelet with a stainless steel shackle clasp..,0,1,,,,Nylon,a-bracelet-blue-dark.webp,a-bracelet-blue-dark.webp,a-bracelet-blue-dark.webp,a-bracelet-blue-dark.webp,coast-rope-bracelet,A-BRACELET-BLUE-DARK,color,Blue Dark
,,,,,,,,,,,,,,,,,,,,,,,,,,A-BRACELET-RED,color,Red
,,,,,,,,,,,,,,,,,,,,,,,,,,A-BRACELET-GREEN,color,Green
A-LEATHER-SANDAL-TAN,Fashion,simple,fashion,Fashion,,Halden leather sandals Tan,119,,1,1,2,1,Flat leather sandals with two straps and a moulded footbed.,Flat leather sandals with two straps and a moulded footbed..,30,1,Tan,,,Leather,a-leather-sandal-tan.webp,a-leather-sandal-tan.webp,a-leather-sandal-tan.webp,a-leather-sandal-tan.webp,halden-leather-sandals-tan,,,
A-LEATHER-SANDAL-BLACK,Fashion,simple,fashion,Fashion,,Halden leather sandals Black,119,,1,1,2,1,Flat leather sandals with two straps and a moulded footbed.,Flat leather sandals with two straps and a moulded footbed..,18,1,Black,,,Leather,a-leather-sandal-black.webp,a-leather-sandal-black.webp,a-leather-sandal-black.webp,a-leather-sandal-black.webp,halden-leather-sandals-black,,,
A-LEATHER-SANDAL,Fashion,configurable,fashion,Fashion,Accessories/Shoes,Halden leather sandals,119,,1,4,2,1,Flat leather sandals with two straps and a moulded footbed.,Flat leather sandals with two straps and a moulded footbed..,0,1,,,,Leather,a-leather-sandal-tan.webp,a-leather-sandal-tan.webp,a-leather-sandal-tan.webp,a-leather-sandal-tan.webp,halden-leather-sandals,A-LEATHER-SANDAL-TAN,color,Tan
,,,,,,,,,,,,,,,,,,,,,,,,,,A-LEATHER-SANDAL-BLACK,color,Black
A-CANVAS-SNEAKER-WHITE,Fashion,simple,fashion,Fashion,,Harbour canvas sneakers White,79,,1,1,2,1,Low canvas sneakers with a natural rubber sole and cotton laces.,Low canvas sneakers with a natural rubber sole and cotton laces..,15,1,White,,,Cotton,a-canvas-sneaker-white.webp,a-canvas-sneaker-white.webp,a-canvas-sneaker-white.webp,a-canvas-sneaker-white.webp,harbour-canvas-sneakers-white,,,
A-CANVAS-SNEAKER-BLUE-DARK,Fashion,simple,fashion,Fashion,,Harbour canvas sneakers Blue Dark,79,,1,1,2,1,Low canvas sneakers with a natural rubber sole and cotton laces.,Low canvas sneakers with a natural rubber sole and cotton laces..,39,1,Blue Dark,,,Cotton,a-canvas-sneaker-blue-dark.webp,a-canvas-sneaker-blue-dark.webp,a-canvas-sneaker-blue-dark.webp,a-canvas-sneaker-blue-dark.webp,harbour-canvas-sneakers-blue-dark,,,
A-CANVAS-SNEAKER-GREEN,Fashion,simple,fashion,Fashion,,Harbour canvas sneakers Green,79,,1,1,2,1,Low canvas sneakers with a natural rubber sole and cotton laces.,Low canvas sneakers with a natural rubber sole and cotton laces..,11,1,Green,,,Cotton,a-canvas-sneaker-green.webp,a-canvas-sneaker-green.webp,a-canvas-sneaker-green.webp,a-canvas-sneaker-green.webp,harbour-canvas-sneakers-green,,,
A-CANVAS-SNEAKER,Fashion,configurable,fashion,Fashion,Accessories/Shoes,Harbour canvas sneakers,79,,1,4,2,1,Low canvas sneakers with a natural rubber sole and cotton laces.,Low canvas sneakers with a natural rubber sole and cotton laces..,0,1,,,,Cotton,a-canvas-sneaker-white.webp,a-canvas-sneaker-white.webp,a-canvas-sneaker-white.webp,a-canvas-sneaker-white.webp,harbour-canvas-sneakers,A-CANVAS-SNEAKER-WHITE,color,White
,,,,,,,,,,,,,,,,,,,,,,,,,,A-CANVAS-SNEAKER-BLUE-DARK,color,Blue Dark
,,,,,,,,,,,,,,,,,,,,,,,,,,A-CANVAS-SNEAKER-GREEN,color,Green
A-LOAFER-BROWN,Fashion,simple,fashion,Fashion,,Halden penny loafers Brown,189,,1,1,2,1,Penny loafers in full-grain leather with a stacked heel.,Penny loafers in full-grain leather with a stacked heel..,57,1,Brown,,,Leather,a-loafer-brown.webp,a-loafer-brown.webp,a-loafer-brown.webp,a-loafer-brown.webp,halden-penny-loafers-brown,,,
A-LOAFER-BLACK,Fashion,simple,fashion,Fashion,,Halden penny loafers Black,189,,1,1,2,1,Penny loafers in full-grain leather with a stacked heel.,Penny loafers in full-grain leather with a stacked heel..,26,1,Black,,,Leather,a-loafer-black.webp,a-loafer-black.webp,a-loafer-black.webp,a-loafer-black.webp,halden-penny-loafers-black,,,
A-LOAFER,Fashion,configurable,fashion,Fashion,Accessories/Shoes,Halden penny loafers,189,,1,4,2,1,Penny loafers in full-grain leather with a stacked heel.,Penny loafers in full-grain leather with a stacked heel..,0,1,,,,Leather,a-loafer-brown.webp,a-loafer-brown.webp,a-loafer-brown.webp,a-loafer-brown.webp,halden-penny-loafers,A-LOAFER-BROWN,color,Brown
,,,,,,,,,,,,,,,,,,,,,,,,,,A-LOAFER-BLACK,color,Black
A-ESPADRILLE-37,Fashion,simple,fashion,Fashion,,Bruma Sol espadrilles 37,59,,1,1,2,1,"Canvas espadrilles with a jute sole, made in Spain.","Canvas espadrilles with a jute sole, made in Spain..",55,1,,37,,Cotton,a-espadrille.webp,a-espadrille.webp,a-espadrille.webp,a-espadrille.webp,bruma-sol-espadrilles-37,,,
A-ESPADRILLE-38,Fashion,simple,fashion,Fashion,,Bruma Sol espadrilles 38,59,,1,1,2,1,"Canvas espadrilles with a jute sole, made in Spain.","Canvas espadrilles with a jute sole, made in Spain..",23,1,,38,,Cotton,a-espadrille.webp,a-espadrille.webp,a-espadrille.webp,a-espadrille.webp,bruma-sol-espadrilles-38,,,
A-ESPADRILLE-39,Fashion,simple,fashion,Fashion,,Bruma Sol espadrilles 39,59,,1,1,2,1,"Canvas espadrilles with a jute sole, made in Spain.","Canvas espadrilles with a jute sole, made in Spain..",33,1,,39,,Cotton,a-espadrille.webp,a-espadrille.webp,a-espadrille.webp,a-espadrille.webp,bruma-sol-espadrilles-39,,,
A-ESPADRILLE-40,Fashion,simple,fashion,Fashion,,Bruma Sol espadrilles 40,59,,1,1,2,1,"Canvas espadrilles with a jute sole, made in Spain.","Canvas espadrilles with a jute sole, made in Spain..",33,1,,40,,Cotton,a-espadrille.webp,a-espadrille.webp,a-espadrille.webp,a-espadrille.webp,bruma-sol-espadrilles-40,,,
A-ESPADRILLE-41,Fashion,simple,fashion,Fashion,,Bruma Sol espadrilles 41,59,,1,1,2,1,"Canvas espadrilles with a jute sole, made in Spain.","Canvas espadrilles with a jute sole, made in Spain..",39,1,,41,,Cotton,a-espadrille.webp,a-espadrille.webp,a-espadrille.webp,a-espadrille.webp,bruma-sol-espadrilles-41,,,
A-ESPADRILLE,Fashion,configurable,fashion,Fashion,Accessories/Shoes,Bruma Sol espadrilles,59,45,1,4,2,1,"Canvas espadrilles with a jute sole, made in Spain.","Canvas espadrilles with a jute sole, made in Spain..",0,1,,,,Cotton,a-espadrille.webp,a-espadrille.webp,a-espadrille.webp,a-espadrille.webp,bruma-sol-espadrilles,A-ESPADRILLE-37,size,37
,,,,,,,,,,,,,,,,,,,,,,,,,,A-ESPADRILLE-38,size,38
,,,,,,,,,,,,,,,,,,,,,,,,,,A-ESPADRILLE-39,size,39
,,,,,,,,,,,,,,,,,,,,,,,,,,A-ESPADRILLE-40,size,40
,,,,,,,,,,,,,,,,,,,,,,,,,,A-ESPADRILLE-41,size,41
,,,,Fashion,Sale,,,,,,,,,,,,,,,,,,,,,,,
A-CHELSEA-40,Fashion,simple,fashion,Fashion,,Fjordline chelsea boots 40,219,,1,1,2,1,Suede chelsea boots with a crepe sole and elastic side panels.,Suede chelsea boots with a crepe sole and elastic side panels..,18,1,,40,,Leather,a-chelsea.webp,a-chelsea.webp,a-chelsea.webp,a-chelsea.webp,fjordline-chelsea-boots-40,,,
A-CHELSEA-41,Fashion,simple,fashion,Fashion,,Fjordline chelsea boots 41,219,,1,1,2,1,Suede chelsea boots with a crepe sole and elastic side panels.,Suede chelsea boots with a crepe sole and elastic side panels..,36,1,,41,,Leather,a-chelsea.webp,a-chelsea.webp,a-chelsea.webp,a-chelsea.webp,fjordline-chelsea-boots-41,,,
A-CHELSEA-42,Fashion,simple,fashion,Fashion,,Fjordline chelsea boots 42,219,,1,1,2,1,Suede chelsea boots with a crepe sole and elastic side panels.,Suede chelsea boots with a crepe sole and elastic side panels..,33,1,,42,,Leather,a-chelsea.webp,a-chelsea.webp,a-chelsea.webp,a-chelsea.webp,fjordline-chelsea-boots-42,,,
A-CHELSEA-43,Fashion,simple,fashion,Fashion,,Fjordline chelsea boots 43,219,,1,1,2,1,Suede chelsea boots with a crepe sole and elastic side panels.,Suede chelsea boots with a crepe sole and elastic side panels..,43,1,,43,,Leather,a-chelsea.webp,a-chelsea.webp,a-chelsea.webp,a-chelsea.webp,fjordline-chelsea-boots-43,,,
A-CHELSEA-44,Fashion,simple,fashion,Fashion,,Fjordline chelsea boots 44,219,,1,1,2,1,Suede chelsea boots with a crepe sole and elastic side panels.,Suede chelsea boots with a crepe sole and elastic side panels..,25,1,,44,,Leather,a-chelsea.webp,a-chelsea.webp,a-chelsea.webp,a-chelsea.webp,fjordline-chelsea-boots-44,,,
A-CHELSEA-45,Fashion,simple,fashion,Fashion,,Fjordline chelsea boots 45,219,,1,1,2,1,Suede chelsea boots with a crepe sole and elastic side panels.,Suede chelsea boots with a crepe sole and elastic side panels..,16,1,,45,,Leather,a-chelsea.webp,a-chelsea.webp,a-chelsea.webp,a-chelsea.webp,fjordline-chelsea-boots-45,,,
A-CHELSEA,Fashion,configurable,fashion,Fashion,Accessories/Shoes,Fjordline chelsea boots,219,,1,4,2,1,Suede chelsea boots with a crepe sole and elastic side panels.,Suede chelsea boots with a crepe sole and elastic side panels..,0,1,,,,Leather,a-chelsea.webp,a-chelsea.webp,a-chelsea.webp,a-chelsea.webp,fjordline-chelsea-boots,A-CHELSEA-40,size,40
,,,,,,,,,,,,,,,,,,,,,,,,,,A-CHELSEA-41,size,41
,,,,,,,,,,,,,,,,,,,,,,,,,,A-CHELSEA-42,size,42
,,,,,,,,,,,,,,,,,,,,,,,,,,A-CHELSEA-43,size,43
,,,,,,,,,,,,,,,,,,,,,,,,,,A-CHELSEA-44,size,44
,,,,,,,,,,,,,,,,,,,,,,,,,,A-CHELSEA-45,size,45
A-WEEKENDER,Fashion,simple,fashion,Fashion,Accessories/Bags & Luggage,Halden leather weekender,349,,1,4,2,1,A full-grain leather weekender with a brass zip and a detachable strap. Fits under the seat.,A full-grain leather weekender with a brass zip and a detachable strap.,35,1,,,,Leather,a-weekender.webp,a-weekender.webp,a-weekender.webp,a-weekender.webp,halden-leather-weekender,,,
A-CROSSBODY-TAN,Fashion,simple,fashion,Fashion,,Meridian crossbody bag Tan,159,,1,1,2,1,A compact leather crossbody bag with a flap and an adjustable strap.,A compact leather crossbody bag with a flap and an adjustable strap..,43,1,Tan,,,Leather,a-crossbody-tan.webp,a-crossbody-tan.webp,a-crossbody-tan.webp,a-crossbody-tan.webp,meridian-crossbody-bag-tan,,,
A-CROSSBODY-BLACK,Fashion,simple,fashion,Fashion,,Meridian crossbody bag Black,159,,1,1,2,1,A compact leather crossbody bag with a flap and an adjustable strap.,A compact leather crossbody bag with a flap and an adjustable strap..,25,1,Black,,,Leather,a-crossbody-black.webp,a-crossbody-black.webp,a-crossbody-black.webp,a-crossbody-black.webp,meridian-crossbody-bag-black,,,
A-CROSSBODY-GREEN,Fashion,simple,fashion,Fashion,,Meridian crossbody bag Green,159,,1,1,2,1,A compact leather crossbody bag with a flap and an adjustable strap.,A compact leather crossbody bag with a flap and an adjustable strap..,53,1,Green,,,Leather,a-crossbody-green.webp,a-crossbody-green.webp,a-crossbody-green.webp,a-crossbody-green.webp,meridian-crossbody-bag-green,,,
A-CROSSBODY,Fashion,configurable,fashion,Fashion,Accessories/Bags & Luggage,Meridian crossbody bag,159,,1,4,2,1,A compact leather crossbody bag with a flap and an adjustable strap.,A compact leather crossbody bag with a flap and an adjustable strap..,0,1,,,,Leather,a-crossbody-tan.webp,a-crossbody-tan.webp,a-crossbody-tan.webp,a-crossbody-tan.webp,meridian-crossbody-bag,A-CROSSBODY-TAN,color,Tan
,,,,,,,,,,,,,,,,,,,,,,,,,,A-CROSSBODY-BLACK,color,Black
,,,,,,,,,,,,,,,,,,,,,,,,,,A-CROSSBODY-GREEN,color,Green
A-TOTE-OATMEAL,Fashion,simple,fashion,Fashion,,Harbour canvas tote Oatmeal,49,,1,1,2,1,A heavy canvas tote with leather handles and an inside pocket.,A heavy canvas tote with leather handles and an inside pocket..,30,1,Oatmeal,,,Cotton,a-tote-oatmeal.webp,a-tote-oatmeal.webp,a-tote-oatmeal.webp,a-tote-oatmeal.webp,harbour-canvas-tote-oatmeal,,,
A-TOTE-BLUE-DARK,Fashion,simple,fashion,Fashion,,Harbour canvas tote Blue Dark,49,,1,1,2,1,A heavy canvas tote with leather handles and an inside pocket.,A heavy canvas tote with leather handles and an inside pocket..,51,1,Blue Dark,,,Cotton,a-tote-blue-dark.webp,a-tote-blue-dark.webp,a-tote-blue-dark.webp,a-tote-blue-dark.webp,harbour-canvas-tote-blue-dark,,,
A-TOTE,Fashion,configurable,fashion,Fashion,Accessories/Bags & Luggage,Harbour canvas tote,49,39,1,4,2,1,A heavy canvas tote with leather handles and an inside pocket.,A heavy canvas tote with leather handles and an inside pocket..,0,1,,,,Cotton,a-tote-oatmeal.webp,a-tote-oatmeal.webp,a-tote-oatmeal.webp,a-tote-oatmeal.webp,harbour-canvas-tote,A-TOTE-OATMEAL,color,Oatmeal
,,,,,,,,,,,,,,,,,,,,,,,,,,A-TOTE-BLUE-DARK,color,Blue Dark
,,,,Fashion,Sale,,,,,,,,,,,,,,,,,,,,,,,
A-CABIN-CASE-SILVER,Fashion,simple,fashion,Fashion,,Fjordline cabin case Silver,279,,1,1,2,1,A hard-shell cabin case in recycled polycarbonate with silent wheels and a TSA lock.,A hard-shell cabin case in recycled polycarbonate with silent wheels and a TSA lock..,22,1,Silver,,,Recycled polyester,a-cabin-case-silver.webp,a-cabin-case-silver.webp,a-cabin-case-silver.webp,a-cabin-case-silver.webp,fjordline-cabin-case-silver,,,
A-CABIN-CASE-BLACK,Fashion,simple,fashion,Fashion,,Fjordline cabin case Black,279,,1,1,2,1,A hard-shell cabin case in recycled polycarbonate with silent wheels and a TSA lock.,A hard-shell cabin case in recycled polycarbonate with silent wheels and a TSA lock..,17,1,Black,,,Recycled polyester,a-cabin-case-black.webp,a-cabin-case-black.webp,a-cabin-case-black.webp,a-cabin-case-black.webp,fjordline-cabin-case-black,,,
A-CABIN-CASE-GREEN,Fashion,simple,fashion,Fashion,,Fjordline cabin case Green,279,,1,1,2,1,A hard-shell cabin case in recycled polycarbonate with silent wheels and a TSA lock.,A hard-shell cabin case in recycled polycarbonate with silent wheels and a TSA lock..,13,1,Green,,,Recycled polyester,a-cabin-case-green.webp,a-cabin-case-green.webp,a-cabin-case-green.webp,a-cabin-case-green.webp,fjordline-cabin-case-green,,,
A-CABIN-CASE,Fashion,configurable,fashion,Fashion,Accessories/Bags & Luggage,Fjordline cabin case,279,,1,4,2,1,A hard-shell cabin case in recycled polycarbonate with silent wheels and a TSA lock.,A hard-shell cabin case in recycled polycarbonate with silent wheels and a TSA lock..,0,1,,,,Recycled polyester,a-cabin-case-silver.webp,a-cabin-case-silver.webp,a-cabin-case-silver.webp,a-cabin-case-silver.webp,fjordline-cabin-case,A-CABIN-CASE-SILVER,color,Silver
,,,,,,,,,,,,,,,,,,,,,,,,,,A-CABIN-CASE-BLACK,color,Black
,,,,,,,,,,,,,,,,,,,,,,,,,,A-CABIN-CASE-GREEN,color,Green
A-BACKPACK,Fashion,simple,fashion,Fashion,Accessories/Bags & Luggage,Coast daypack,119,,1,4,2,1,A 20-litre daypack in recycled nylon with a padded laptop sleeve.,A 20-litre daypack in recycled nylon with a padded laptop sleeve..,17,1,,,,Nylon,a-backpack.webp,a-backpack.webp,a-backpack.webp,a-backpack.webp,coast-daypack,,,
