sku,_attribute_set,_type,_product_websites,_root_category,_category,name,price,special_price,status,visibility,tax_class_id,weight,description,short_description,qty,is_in_stock,room,material,color,dimensions,size,_media_image,image,small_image,thumbnail,url_key,_super_products_sku,_super_attribute_code,_super_attribute_option,_associated_sku,_associated_default_qty,_associated_position
H-DINING-TABLE-OAK,Home,simple,home,Home,,Solid oak dining table Oak,1290,,1,1,2,3,"A 40 mm oak top on tapered legs, oiled. Seats six, eight at a squeeze. Made to order in six weeks, delivered to the room of your choice. The oil finish wipes clean and repairs with a cloth.","A 40 mm oak top on tapered legs, oiled.",44,1,Kitchen,Oak,Brown,200 x 90 x 75 cm,,h-dining-table-oak.webp,h-dining-table-oak.webp,h-dining-table-oak.webp,h-dining-table-oak.webp,solid-oak-dining-table-oak,,,,,,
H-DINING-TABLE-WALNUT,Home,simple,home,Home,,Solid oak dining table Walnut,1290,,1,1,2,3,"A 40 mm oak top on tapered legs, oiled. Seats six, eight at a squeeze. Made to order in six weeks, delivered to the room of your choice. The oil finish wipes clean and repairs with a cloth.","A 40 mm oak top on tapered legs, oiled.",45,1,Kitchen,Walnut,Brown,200 x 90 x 75 cm,,h-dining-table-walnut.webp,h-dining-table-walnut.webp,h-dining-table-walnut.webp,h-dining-table-walnut.webp,solid-oak-dining-table-walnut,,,,,,
H-DINING-TABLE,Home,configurable,home,Home,Furniture,Solid oak dining table,1290,,1,4,2,3,"A 40 mm oak top on tapered legs, oiled. Seats six, eight at a squeeze. Made to order in six weeks, delivered to the room of your choice. The oil finish wipes clean and repairs with a cloth.","A 40 mm oak top on tapered legs, oiled.",0,1,Kitchen,,Brown,200 x 90 x 75 cm,,h-dining-table-oak.webp,h-dining-table-oak.webp,h-dining-table-oak.webp,h-dining-table-oak.webp,solid-oak-dining-table,H-DINING-TABLE-OAK,material,Oak,,,
,,,,,,,,,,,,,,,,,,,,,,,,,,,H-DINING-TABLE-WALNUT,material,Walnut,,,
,,,,Home,Kitchen & Dining,,,,,,,,,,,,,,,,,,,,,,,,,,,
H-COFFEE-TABLE-OAK,Home,simple,home,Home,,Round coffee table Oak,490,,1,1,2,3,"A 90 cm round top on three turned legs, in oak or ash. The top is 25 mm solid wood on turned legs. It arrives assembled.","A 90 cm round top on three turned legs, in oak or ash.",33,1,Living room,Oak,Brown,90 x 45 cm,,h-coffee-table-oak.webp,h-coffee-table-oak.webp,h-coffee-table-oak.webp,h-coffee-table-oak.webp,round-coffee-table-oak,,,,,,
H-COFFEE-TABLE-ASH,Home,simple,home,Home,,Round coffee table Ash,490,,1,1,2,3,"A 90 cm round top on three turned legs, in oak or ash. The top is 25 mm solid wood on turned legs. It arrives assembled.","A 90 cm round top on three turned legs, in oak or ash.",15,1,Living room,Ash,Brown,90 x 45 cm,,h-coffee-table-ash.webp,h-coffee-table-ash.webp,h-coffee-table-ash.webp,h-coffee-table-ash.webp,round-coffee-table-ash,,,,,,
H-COFFEE-TABLE,Home,configurable,home,Home,Furniture,Round coffee table,490,,1,4,2,3,"A 90 cm round top on three turned legs, in oak or ash. The top is 25 mm solid wood on turned legs. It arrives assembled.","A 90 cm round top on three turned legs, in oak or ash.",0,1,Living room,,Brown,90 x 45 cm,,h-coffee-table-oak.webp,h-coffee-table-oak.webp,h-coffee-table-oak.webp,h-coffee-table-oak.webp,round-coffee-table,H-COFFEE-TABLE-OAK,material,Oak,,,
,,,,,,,,,,,,,,,,,,,,,,,,,,,H-COFFEE-TABLE-ASH,material,Ash,,,
H-SIDE-TABLE,Home,simple,home,Home,Furniture,Side table,220,,1,4,2,3,"A small oak side table with a single drawer. Forty centimetres square and 55 cm high, with a drawer on wooden runners. A bedside table or a lamp table.",A small oak side table with a single drawer.,44,1,Living room|Bedroom,Oak,Brown,45 x 40 x 55 cm,,h-side-table.webp,h-side-table.webp,h-side-table.webp,h-side-table.webp,side-table,,,,,,
H-BOOKCASE,Home,simple,home,Home,Furniture,Ash bookcase,890,,1,4,2,3,"A five-shelf bookcase in ash with an adjustable middle shelf. Solid ash, 90 cm wide and 200 cm tall, with a fixing kit for the wall. Each shelf holds 40 kg of books.",A five-shelf bookcase in ash with an adjustable middle shelf.,28,1,Living room|Office,Ash,Oatmeal,90 x 35 x 200 cm,,h-bookcase.webp,h-bookcase.webp,h-bookcase.webp,h-bookcase.webp,ash-bookcase,,,,,,
,,,,Home,Decor,,,,,,,,,,,,,,,,,,,,,,,,,,,
H-DESK,Home,simple,home,Home,Furniture,Oak desk,690,,1,4,2,3,A 140 cm oak desk with a cable tray and one drawer. The cable tray hides a power strip and the drawer holds a laptop. Delivered assembled.,A 140 cm oak desk with a cable tray and one drawer.,22,1,Office,Oak,Brown,140 x 70 x 75 cm,,h-desk.webp,h-desk.webp,h-desk.webp,h-desk.webp,oak-desk,,,,,,
H-DINING-CHAIR-OATMEAL,Home,simple,home,Home,,Ash dining chair Oatmeal,210,,1,1,2,3,A steam-bent ash chair with a woven paper cord seat. The cord seat is woven by hand and lasts decades. Sold singly.,A steam-bent ash chair with a woven paper cord seat.,28,1,Kitchen,Ash,Oatmeal,50 x 48 x 80 cm,,h-dining-chair-oatmeal.webp,h-dining-chair-oatmeal.webp,h-dining-chair-oatmeal.webp,h-dining-chair-oatmeal.webp,ash-dining-chair-oatmeal,,,,,,
H-DINING-CHAIR-BLACK,Home,simple,home,Home,,Ash dining chair Black,210,,1,1,2,3,A steam-bent ash chair with a woven paper cord seat. The cord seat is woven by hand and lasts decades. Sold singly.,A steam-bent ash chair with a woven paper cord seat.,40,1,Kitchen,Ash,Black,50 x 48 x 80 cm,,h-dining-chair-black.webp,h-dining-chair-black.webp,h-dining-chair-black.webp,h-dining-chair-black.webp,ash-dining-chair-black,,,,,,
H-DINING-CHAIR,Home,configurable,home,Home,Furniture,Ash dining chair,210,,1,4,2,3,A steam-bent ash chair with a woven paper cord seat. The cord seat is woven by hand and lasts decades. Sold singly.,A steam-bent ash chair with a woven paper cord seat.,0,1,Kitchen,Ash,,50 x 48 x 80 cm,,h-dining-chair-oatmeal.webp,h-dining-chair-oatmeal.webp,h-dining-chair-oatmeal.webp,h-dining-chair-oatmeal.webp,ash-dining-chair,H-DINING-CHAIR-OATMEAL,color,Oatmeal,,,
,,,,,,,,,,,,,,,,,,,,,,,,,,,H-DINING-CHAIR-BLACK,color,Black,,,
,,,,Home,Seating,,,,,,,,,,,,,,,,,,,,,,,,,,,
H-BENCH,Home,simple,home,Home,Furniture,Oak bench,390,,1,4,2,3,"A 160 cm bench for the table or the hallway. Solid oak, 40 mm thick, on tapered legs. Seats three at the table.",A 160 cm bench for the table or the hallway.,24,1,Kitchen|Hallway,Oak,Brown,160 x 35 x 45 cm,,h-bench.webp,h-bench.webp,h-bench.webp,h-bench.webp,oak-bench,,,,,,
H-WARDROBE,Home,simple,home,Home,Furniture,Two-door wardrobe,1490,,1,4,2,3,"A solid ash wardrobe with a rail, a shelf and brass handles. Made to order in six weeks and delivered assembled. The doors close on soft hinges.","A solid ash wardrobe with a rail, a shelf and brass handles.",57,1,Bedroom,Ash,Oatmeal,120 x 60 x 200 cm,,h-wardrobe.webp,h-wardrobe.webp,h-wardrobe.webp,h-wardrobe.webp,two-door-wardrobe,,,,,,
H-BED-FRAME-ONE-SIZE,Home,simple,home,Home,,Oak bed frame One size,990,,1,1,2,3,"A low oak platform bed with a slatted base. Solid oak, 30 cm high, with a slatted base included. Assembly takes two people and thirty minutes.",A low oak platform bed with a slatted base.,54,1,Bedroom,Oak,Brown,160 x 200 cm,One size,h-bed-frame.webp,h-bed-frame.webp,h-bed-frame.webp,h-bed-frame.webp,oak-bed-frame-one-size,,,,,,
H-BED-FRAME,Home,configurable,home,Home,Furniture,Oak bed frame,990,,1,4,2,3,"A low oak platform bed with a slatted base. Solid oak, 30 cm high, with a slatted base included. Assembly takes two people and thirty minutes.",A low oak platform bed with a slatted base.,0,1,Bedroom,Oak,Brown,160 x 200 cm,,h-bed-frame.webp,h-bed-frame.webp,h-bed-frame.webp,h-bed-frame.webp,oak-bed-frame,H-BED-FRAME-ONE-SIZE,size,One size,,,
,,,,Home,Bedding,,,,,,,,,,,,,,,,,,,,,,,,,,,
H-SOFA-3-OATMEAL,Home,simple,home,Home,,Linen three-seat sofa Oatmeal,1890,,1,1,2,3,"A three-seat sofa on a beech frame with feather-wrapped cushions and zip-off linen covers. The covers zip off and wash at forty degrees. Choose the linen colour from six, and the legs in oak or black.",A three-seat sofa on a beech frame with feather-wrapped cushions and zip-off linen covers.,32,1,Living room,Linen,Oatmeal,220 x 95 x 85 cm,,h-sofa-3-oatmeal.webp,h-sofa-3-oatmeal.webp,h-sofa-3-oatmeal.webp,h-sofa-3-oatmeal.webp,linen-three-seat-sofa-oatmeal,,,,,,
H-SOFA-3-GREY,Home,simple,home,Home,,Linen three-seat sofa Grey,1890,,1,1,2,3,"A three-seat sofa on a beech frame with feather-wrapped cushions and zip-off linen covers. The covers zip off and wash at forty degrees. Choose the linen colour from six, and the legs in oak or black.",A three-seat sofa on a beech frame with feather-wrapped cushions and zip-off linen covers.,57,1,Living room,Linen,Grey,220 x 95 x 85 cm,,h-sofa-3-grey.webp,h-sofa-3-grey.webp,h-sofa-3-grey.webp,h-sofa-3-grey.webp,linen-three-seat-sofa-grey,,,,,,
H-SOFA-3-GREEN,Home,simple,home,Home,,Linen three-seat sofa Green,1890,,1,1,2,3,"A three-seat sofa on a beech frame with feather-wrapped cushions and zip-off linen covers. The covers zip off and wash at forty degrees. Choose the linen colour from six, and the legs in oak or black.",A three-seat sofa on a beech frame with feather-wrapped cushions and zip-off linen covers.,32,1,Living room,Linen,Green,220 x 95 x 85 cm,,h-sofa-3-green.webp,h-sofa-3-green.webp,h-sofa-3-green.webp,h-sofa-3-green.webp,linen-three-seat-sofa-green,,,,,,
H-SOFA-3,Home,configurable,home,Home,Seating,Linen three-seat sofa,1890,,1,4,2,3,"A three-seat sofa on a beech frame with feather-wrapped cushions and zip-off linen covers. The covers zip off and wash at forty degrees. Choose the linen colour from six, and the legs in oak or black.",A three-seat sofa on a beech frame with feather-wrapped cushions and zip-off linen covers.,0,1,Living room,Linen,,220 x 95 x 85 cm,,h-sofa-3-oatmeal.webp,h-sofa-3-oatmeal.webp,h-sofa-3-oatmeal.webp,h-sofa-3-oatmeal.webp,linen-three-seat-sofa,H-SOFA-3-OATMEAL,color,Oatmeal,,,
,,,,,,,,,,,,,,,,,,,,,,,,,,,H-SOFA-3-GREY,color,Grey,,,
,,,,,,,,,,,,,,,,,,,,,,,,,,,H-SOFA-3-GREEN,color,Green,,,
H-SOFA-2-OATMEAL,Home,simple,home,Home,,Linen two-seat sofa Oatmeal,1490,,1,1,2,3,"The two-seat version, same frame, same covers. A 170 cm sofa for smaller rooms. The cushions are feather-wrapped foam that keeps its shape.","The two-seat version, same frame, same covers.",9,1,Living room,Linen,Oatmeal,170 x 95 x 85 cm,,h-sofa-2-oatmeal.webp,h-sofa-2-oatmeal.webp,h-sofa-2-oatmeal.webp,h-sofa-2-oatmeal.webp,linen-two-seat-sofa-oatmeal,,,,,,
H-SOFA-2-GREY,Home,simple,home,Home,,Linen two-seat sofa Grey,1490,,1,1,2,3,"The two-seat version, same frame, same covers. A 170 cm sofa for smaller rooms. The cushions are feather-wrapped foam that keeps its shape.","The two-seat version, same frame, same covers.",29,1,Living room,Linen,Grey,170 x 95 x 85 cm,,h-sofa-2-grey.webp,h-sofa-2-grey.webp,h-sofa-2-grey.webp,h-sofa-2-grey.webp,linen-two-seat-sofa-grey,,,,,,
H-SOFA-2,Home,configurable,home,Home,Seating,Linen two-seat sofa,1490,,1,4,2,3,"The two-seat version, same frame, same covers. A 170 cm sofa for smaller rooms. The cushions are feather-wrapped foam that keeps its shape.","The two-seat version, same frame, same covers.",0,1,Living room,Linen,,170 x 95 x 85 cm,,h-sofa-2-oatmeal.webp,h-sofa-2-oatmeal.webp,h-sofa-2-oatmeal.webp,h-sofa-2-oatmeal.webp,linen-two-seat-sofa,H-SOFA-2-OATMEAL,color,Oatmeal,,,
,,,,,,,,,,,,,,,,,,,,,,,,,,,H-SOFA-2-GREY,color,Grey,,,
H-ARMCHAIR-IVORY,Home,simple,home,Home,,Wool armchair Ivory,790,,1,1,2,3,"A deep armchair in boucle wool on oak legs. Deep enough to curl up in, with a seat that holds you. The boucle comes in cream, moss and rust.",A deep armchair in boucle wool on oak legs.,50,1,Living room|Bedroom,Wool,Ivory,85 x 90 x 80 cm,,h-armchair-ivory.webp,h-armchair-ivory.webp,h-armchair-ivory.webp,h-armchair-ivory.webp,wool-armchair-ivory,,,,,,
H-ARMCHAIR-CHARCOAL,Home,simple,home,Home,,Wool armchair Charcoal,790,,1,1,2,3,"A deep armchair in boucle wool on oak legs. Deep enough to curl up in, with a seat that holds you. The boucle comes in cream, moss and rust.",A deep armchair in boucle wool on oak legs.,57,1,Living room|Bedroom,Wool,Charcoal,85 x 90 x 80 cm,,h-armchair-charcoal.webp,h-armchair-charcoal.webp,h-armchair-charcoal.webp,h-armchair-charcoal.webp,wool-armchair-charcoal,,,,,,
H-ARMCHAIR,Home,configurable,home,Home,Seating,Wool armchair,790,,1,4,2,3,"A deep armchair in boucle wool on oak legs. Deep enough to curl up in, with a seat that holds you. The boucle comes in cream, moss and rust.",A deep armchair in boucle wool on oak legs.,0,1,Living room|Bedroom,Wool,,85 x 90 x 80 cm,,h-armchair-ivory.webp,h-armchair-ivory.webp,h-armchair-ivory.webp,h-armchair-ivory.webp,wool-armchair,H-ARMCHAIR-IVORY,color,Ivory,,,
,,,,,,,,,,,,,,,,,,,,,,,,,,,H-ARMCHAIR-CHARCOAL,color,Charcoal,,,
H-STOOL,Home,simple,home,Home,Seating,Oak stool,140,,1,4,2,3,"A three-legged oak stool, 45 cm high. Turned legs wedged into a thick seat. A stool, a side table, a step.","A three-legged oak stool, 45 cm high.",16,1,Kitchen|Hallway,Oak,Brown,35 x 45 cm,,h-stool.webp,h-stool.webp,h-stool.webp,h-stool.webp,oak-stool,,,,,,
,,,,Home,Furniture,,,,,,,,,,,,,,,,,,,,,,,,,,,
H-FLOOR-CUSHION-OATMEAL,Home,simple,home,Home,,Floor cushion Oatmeal,90,,1,1,2,3,A 70 cm linen floor cushion with a feather fill. A washable linen cover over a feather pad. Two make a reading corner.,A 70 cm linen floor cushion with a feather fill.,32,1,Living room,Linen,Oatmeal,70 x 70 x 15 cm,,h-floor-cushion-oatmeal.webp,h-floor-cushion-oatmeal.webp,h-floor-cushion-oatmeal.webp,h-floor-cushion-oatmeal.webp,floor-cushion-oatmeal,,,,,,
H-FLOOR-CUSHION-GREEN,Home,simple,home,Home,,Floor cushion Green,90,,1,1,2,3,A 70 cm linen floor cushion with a feather fill. A washable linen cover over a feather pad. Two make a reading corner.,A 70 cm linen floor cushion with a feather fill.,22,1,Living room,Linen,Green,70 x 70 x 15 cm,,h-floor-cushion-green.webp,h-floor-cushion-green.webp,h-floor-cushion-green.webp,h-floor-cushion-green.webp,floor-cushion-green,,,,,,
H-FLOOR-CUSHION-BLUE-DARK,Home,simple,home,Home,,Floor cushion Blue Dark,90,,1,1,2,3,A 70 cm linen floor cushion with a feather fill. A washable linen cover over a feather pad. Two make a reading corner.,A 70 cm linen floor cushion with a feather fill.,38,1,Living room,Linen,Blue Dark,70 x 70 x 15 cm,,h-floor-cushion-blue-dark.webp,h-floor-cushion-blue-dark.webp,h-floor-cushion-blue-dark.webp,h-floor-cushion-blue-dark.webp,floor-cushion-blue-dark,,,,,,
H-FLOOR-CUSHION,Home,configurable,home,Home,Seating,Floor cushion,90,,1,4,2,3,A 70 cm linen floor cushion with a feather fill. A washable linen cover over a feather pad. Two make a reading corner.,A 70 cm linen floor cushion with a feather fill.,0,1,Living room,Linen,,70 x 70 x 15 cm,,h-floor-cushion-oatmeal.webp,h-floor-cushion-oatmeal.webp,h-floor-cushion-oatmeal.webp,h-floor-cushion-oatmeal.webp,floor-cushion,H-FLOOR-CUSHION-OATMEAL,color,Oatmeal,,,
,,,,,,,,,,,,,,,,,,,,,,,,,,,H-FLOOR-CUSHION-GREEN,color,Green,,,
,,,,,,,,,,,,,,,,,,,,,,,,,,,H-FLOOR-CUSHION-BLUE-DARK,color,Blue Dark,,,
,,,,Home,Decor,,,,,,,,,,,,,,,,,,,,,,,,,,,
H-OTTOMAN,Home,simple,home,Home,Seating,Linen ottoman,390,,1,4,2,3,"A footstool that matches the sofa, with storage inside. The lid lifts on a hinge and the box inside holds blankets. The cover matches the sofa linens.","A footstool that matches the sofa, with storage inside.",19,1,Living room,Linen,Oatmeal,70 x 50 x 42 cm,,h-ottoman.webp,h-ottoman.webp,h-ottoman.webp,h-ottoman.webp,linen-ottoman,,,,,,
H-LINEN-SHEETS-WHITE,Home,simple,home,Home,,Linen sheet set White,260,,1,1,2,3,"A fitted sheet, a flat sheet and two pillowcases in stonewashed linen. Stonewashed European flax that softens with every wash. The fitted sheet suits mattresses up to 35 cm deep.","A fitted sheet, a flat sheet and two pillowcases in stonewashed linen.",41,1,Bedroom,Linen,White,160 x 200 cm,,h-linen-sheets-white.webp,h-linen-sheets-white.webp,h-linen-sheets-white.webp,h-linen-sheets-white.webp,linen-sheet-set-white,,,,,,
H-LINEN-SHEETS-OATMEAL,Home,simple,home,Home,,Linen sheet set Oatmeal,260,,1,1,2,3,"A fitted sheet, a flat sheet and two pillowcases in stonewashed linen. Stonewashed European flax that softens with every wash. The fitted sheet suits mattresses up to 35 cm deep.","A fitted sheet, a flat sheet and two pillowcases in stonewashed linen.",32,1,Bedroom,Linen,Oatmeal,160 x 200 cm,,h-linen-sheets-oatmeal.webp,h-linen-sheets-oatmeal.webp,h-linen-sheets-oatmeal.webp,h-linen-sheets-oatmeal.webp,linen-sheet-set-oatmeal,,,,,,
H-LINEN-SHEETS-GREY,Home,simple,home,Home,,Linen sheet set Grey,260,,1,1,2,3,"A fitted sheet, a flat sheet and two pillowcases in stonewashed linen. Stonewashed European flax that softens with every wash. The fitted sheet suits mattresses up to 35 cm deep.","A fitted sheet, a flat sheet and two pillowcases in stonewashed linen.",36,1,Bedroom,Linen,Grey,160 x 200 cm,,h-linen-sheets-grey.webp,h-linen-sheets-grey.webp,h-linen-sheets-grey.webp,h-linen-sheets-grey.webp,linen-sheet-set-grey,,,,,,
H-LINEN-SHEETS-BLUE-DARK,Home,simple,home,Home,,Linen sheet set Blue Dark,260,,1,1,2,3,"A fitted sheet, a flat sheet and two pillowcases in stonewashed linen. Stonewashed European flax that softens with every wash. The fitted sheet suits mattresses up to 35 cm deep.","A fitted sheet, a flat sheet and two pillowcases in stonewashed linen.",25,1,Bedroom,Linen,Blue Dark,160 x 200 cm,,h-linen-sheets-blue-dark.webp,h-linen-sheets-blue-dark.webp,h-linen-sheets-blue-dark.webp,h-linen-sheets-blue-dark.webp,linen-sheet-set-blue-dark,,,,,,
H-LINEN-SHEETS,Home,configurable,home,Home,Bedding,Linen sheet set,260,,1,4,2,3,"A fitted sheet, a flat sheet and two pillowcases in stonewashed linen. Stonewashed European flax that softens with every wash. The fitted sheet suits mattresses up to 35 cm deep.","A fitted sheet, a flat sheet and two pillowcases in stonewashed linen.",0,1,Bedroom,Linen,,160 x 200 cm,,h-linen-sheets-white.webp,h-linen-sheets-white.webp,h-linen-sheets-white.webp,h-linen-sheets-white.webp,linen-sheet-set,H-LINEN-SHEETS-WHITE,color,White,,,
,,,,,,,,,,,,,,,,,,,,,,,,,,,H-LINEN-SHEETS-OATMEAL,color,Oatmeal,,,
,,,,,,,,,,,,,,,,,,,,,,,,,,,H-LINEN-SHEETS-GREY,color,Grey,,,
,,,,,,,,,,,,,,,,,,,,,,,,,,,H-LINEN-SHEETS-BLUE-DARK,color,Blue Dark,,,
H-DUVET-COVER-WHITE,Home,simple,home,Home,,Linen duvet cover White,190,,1,1,2,3,"A stonewashed linen duvet cover with coconut buttons. Made from the same linen as the sheets, with a wide envelope closure. Available in single to super king.",A stonewashed linen duvet cover with coconut buttons.,20,1,Bedroom,Linen,White,200 x 200 cm,,h-duvet-cover-white.webp,h-duvet-cover-white.webp,h-duvet-cover-white.webp,h-duvet-cover-white.webp,linen-duvet-cover-white,,,,,,
H-DUVET-COVER-OATMEAL,Home,simple,home,Home,,Linen duvet cover Oatmeal,190,,1,1,2,3,"A stonewashed linen duvet cover with coconut buttons. Made from the same linen as the sheets, with a wide envelope closure. Available in single to super king.",A stonewashed linen duvet cover with coconut buttons.,14,1,Bedroom,Linen,Oatmeal,200 x 200 cm,,h-duvet-cover-oatmeal.webp,h-duvet-cover-oatmeal.webp,h-duvet-cover-oatmeal.webp,h-duvet-cover-oatmeal.webp,linen-duvet-cover-oatmeal,,,,,,
H-DUVET-COVER-GREEN,Home,simple,home,Home,,Linen duvet cover Green,190,,1,1,2,3,"A stonewashed linen duvet cover with coconut buttons. Made from the same linen as the sheets, with a wide envelope closure. Available in single to super king.",A stonewashed linen duvet cover with coconut buttons.,12,1,Bedroom,Linen,Green,200 x 200 cm,,h-duvet-cover-green.webp,h-duvet-cover-green.webp,h-duvet-cover-green.webp,h-duvet-cover-green.webp,linen-duvet-cover-green,,,,,,
H-DUVET-COVER,Home,configurable,home,Home,Bedding,Linen duvet cover,190,,1,4,2,3,"A stonewashed linen duvet cover with coconut buttons. Made from the same linen as the sheets, with a wide envelope closure. Available in single to super king.",A stonewashed linen duvet cover with coconut buttons.,0,1,Bedroom,Linen,,200 x 200 cm,,h-duvet-cover-white.webp,h-duvet-cover-white.webp,h-duvet-cover-white.webp,h-duvet-cover-white.webp,linen-duvet-cover,H-DUVET-COVER-WHITE,color,White,,,
,,,,,,,,,,,,,,,,,,,,,,,,,,,H-DUVET-COVER-OATMEAL,color,Oatmeal,,,
,,,,,,,,,,,,,,,,,,,,,,,,,,,H-DUVET-COVER-GREEN,color,Green,,,
H-WOOL-BLANKET-GREY,Home,simple,home,Home,,Merino blanket Grey,220,,1,1,2,3,"A 400 g merino blanket woven at a mill by the coast. Woven from merino yarn and finished with a blanket stitch. Light, warm and 140 by 200 cm.",A 400 g merino blanket woven at a mill by the coast.,37,1,Bedroom|Living room,Wool,Grey,140 x 200 cm,,h-wool-blanket-grey.webp,h-wool-blanket-grey.webp,h-wool-blanket-grey.webp,h-wool-blanket-grey.webp,merino-blanket-grey,,,,,,
H-WOOL-BLANKET-OATMEAL,Home,simple,home,Home,,Merino blanket Oatmeal,220,,1,1,2,3,"A 400 g merino blanket woven at a mill by the coast. Woven from merino yarn and finished with a blanket stitch. Light, warm and 140 by 200 cm.",A 400 g merino blanket woven at a mill by the coast.,14,1,Bedroom|Living room,Wool,Oatmeal,140 x 200 cm,,h-wool-blanket-oatmeal.webp,h-wool-blanket-oatmeal.webp,h-wool-blanket-oatmeal.webp,h-wool-blanket-oatmeal.webp,merino-blanket-oatmeal,,,,,,
H-WOOL-BLANKET-GREEN,Home,simple,home,Home,,Merino blanket Green,220,,1,1,2,3,"A 400 g merino blanket woven at a mill by the coast. Woven from merino yarn and finished with a blanket stitch. Light, warm and 140 by 200 cm.",A 400 g merino blanket woven at a mill by the coast.,57,1,Bedroom|Living room,Wool,Green,140 x 200 cm,,h-wool-blanket-green.webp,h-wool-blanket-green.webp,h-wool-blanket-green.webp,h-wool-blanket-green.webp,merino-blanket-green,,,,,,
H-WOOL-BLANKET,Home,configurable,home,Home,Bedding,Merino blanket,220,,1,4,2,3,"A 400 g merino blanket woven at a mill by the coast. Woven from merino yarn and finished with a blanket stitch. Light, warm and 140 by 200 cm.",A 400 g merino blanket woven at a mill by the coast.,0,1,Bedroom|Living room,Wool,,140 x 200 cm,,h-wool-blanket-grey.webp,h-wool-blanket-grey.webp,h-wool-blanket-grey.webp,h-wool-blanket-grey.webp,merino-blanket,H-WOOL-BLANKET-GREY,color,Grey,,,
,,,,,,,,,,,,,,,,,,,,,,,,,,,H-WOOL-BLANKET-OATMEAL,color,Oatmeal,,,
,,,,,,,,,,,,,,,,,,,,,,,,,,,H-WOOL-BLANKET-GREEN,color,Green,,,
,,,,Home,Decor,,,,,,,,,,,,,,,,,,,,,,,,,,,
H-PILLOW,Home,simple,home,Home,Bedding,Feather and down pillow,70,,1,4,2,3,"A medium pillow with a cotton cover and a ten-year promise. Duck feather with a down core, in a cotton cover you can wash. If it flattens within ten years, we replace it.",A medium pillow with a cotton cover and a ten-year promise.,22,1,Bedroom,Linen,White,50 x 75 cm,,h-pillow.webp,h-pillow.webp,h-pillow.webp,h-pillow.webp,feather-and-down-pillow,,,,,,
H-DUVET,Home,simple,home,Home,Bedding,Wool duvet,240,,1,4,2,3,"A washable wool duvet, warm in winter and cool in summer. Wool regulates heat, so one duvet does the whole year. It washes at forty degrees.","A washable wool duvet, warm in winter and cool in summer.",30,1,Bedroom,Wool,White,200 x 200 cm,,h-duvet.webp,h-duvet.webp,h-duvet.webp,h-duvet.webp,wool-duvet,,,,,,
H-MATTRESS-TOPPER,Home,simple,home,Home,Bedding,Wool mattress topper,190,,1,4,2,3,A 5 cm wool topper that softens a firm bed. Wool fibre on a cotton cover with elastic corners. It adds softness without heat.,A 5 cm wool topper that softens a firm bed.,38,1,Bedroom,Wool,White,160 x 200 cm,,h-mattress-topper.webp,h-mattress-topper.webp,h-mattress-topper.webp,h-mattress-topper.webp,wool-mattress-topper,,,,,,
H-PLATES-WHITE,Home,simple,home,Home,,"Stoneware dinner plates, set of 4 White",96,,1,1,2,3,"Four 27 cm plates in reactive-glazed stoneware. Each plate is glazed by hand, so no two match. Dishwasher and oven safe.",Four 27 cm plates in reactive-glazed stoneware.,43,1,Kitchen,Stoneware,White,27 cm,,h-plates-white.webp,h-plates-white.webp,h-plates-white.webp,h-plates-white.webp,stoneware-dinner-plates-set-of-4-white,,,,,,
H-PLATES-GREY,Home,simple,home,Home,,"Stoneware dinner plates, set of 4 Grey",96,,1,1,2,3,"Four 27 cm plates in reactive-glazed stoneware. Each plate is glazed by hand, so no two match. Dishwasher and oven safe.",Four 27 cm plates in reactive-glazed stoneware.,60,1,Kitchen,Stoneware,Grey,27 cm,,h-plates-grey.webp,h-plates-grey.webp,h-plates-grey.webp,h-plates-grey.webp,stoneware-dinner-plates-set-of-4-grey,,,,,,
H-PLATES-GREEN,Home,simple,home,Home,,"Stoneware dinner plates, set of 4 Green",96,,1,1,2,3,"Four 27 cm plates in reactive-glazed stoneware. Each plate is glazed by hand, so no two match. Dishwasher and oven safe.",Four 27 cm plates in reactive-glazed stoneware.,12,1,Kitchen,Stoneware,Green,27 cm,,h-plates-green.webp,h-plates-green.webp,h-plates-green.webp,h-plates-green.webp,stoneware-dinner-plates-set-of-4-green,,,,,,
H-PLATES,Home,configurable,home,Home,Kitchen & Dining,"Stoneware dinner plates, set of 4",96,,1,4,2,3,"Four 27 cm plates in reactive-glazed stoneware. Each plate is glazed by hand, so no two match. Dishwasher and oven safe.",Four 27 cm plates in reactive-glazed stoneware.,0,1,Kitchen,Stoneware,,27 cm,,h-plates-white.webp,h-plates-white.webp,h-plates-white.webp,h-plates-white.webp,stoneware-dinner-plates-set-of-4,H-PLATES-WHITE,color,White,,,
,,,,,,,,,,,,,,,,,,,,,,,,,,,H-PLATES-GREY,color,Grey,,,
,,,,,,,,,,,,,,,,,,,,,,,,,,,H-PLATES-GREEN,color,Green,,,
H-BOWLS-WHITE,Home,simple,home,Home,,"Stoneware bowls, set of 4 White",76,,1,1,2,3,"Four 18 cm bowls for soup, pasta and cereal. The same glaze as the plates, deep enough for noodles. Dishwasher safe.","Four 18 cm bowls for soup, pasta and cereal.",10,1,Kitchen,Stoneware,White,18 cm,,h-bowls-white.webp,h-bowls-white.webp,h-bowls-white.webp,h-bowls-white.webp,stoneware-bowls-set-of-4-white,,,,,,
H-BOWLS-GREY,Home,simple,home,Home,,"Stoneware bowls, set of 4 Grey",76,,1,1,2,3,"Four 18 cm bowls for soup, pasta and cereal. The same glaze as the plates, deep enough for noodles. Dishwasher safe.","Four 18 cm bowls for soup, pasta and cereal.",59,1,Kitchen,Stoneware,Grey,18 cm,,h-bowls-grey.webp,h-bowls-grey.webp,h-bowls-grey.webp,h-bowls-grey.webp,stoneware-bowls-set-of-4-grey,,,,,,
H-BOWLS,Home,configurable,home,Home,Kitchen & Dining,"Stoneware bowls, set of 4",76,,1,4,2,3,"Four 18 cm bowls for soup, pasta and cereal. The same glaze as the plates, deep enough for noodles. Dishwasher safe.","Four 18 cm bowls for soup, pasta and cereal.",0,1,Kitchen,Stoneware,,18 cm,,h-bowls-white.webp,h-bowls-white.webp,h-bowls-white.webp,h-bowls-white.webp,stoneware-bowls-set-of-4,H-BOWLS-WHITE,color,White,,,
,,,,,,,,,,,,,,,,,,,,,,,,,,,H-BOWLS-GREY,color,Grey,,,
H-MUGS,Home,simple,home,Home,Kitchen & Dining,"Stoneware mugs, set of 2",38,,1,4,2,3,Two 350 ml mugs with a comfortable handle. Thick walls keep tea warm and hands cool. Dishwasher safe.,Two 350 ml mugs with a comfortable handle.,34,1,Kitchen,Stoneware,White,350 ml,,h-mugs.webp,h-mugs.webp,h-mugs.webp,h-mugs.webp,stoneware-mugs-set-of-2,,,,,,
H-GLASSES,Home,simple,home,Home,Kitchen & Dining,"Hand-blown tumblers, set of 6",72,,1,4,2,3,"Six tumblers with a slight lean and tiny bubbles. Mouth-blown, so each one is a little different. Dishwasher safe on a gentle cycle.",Six tumblers with a slight lean and tiny bubbles.,12,1,Kitchen,Glass,White,300 ml,,h-glasses.webp,h-glasses.webp,h-glasses.webp,h-glasses.webp,hand-blown-tumblers-set-of-6,,,,,,
H-CARAFE,Home,simple,home,Home,Kitchen & Dining,Glass carafe,34,,1,4,2,3,A one-litre carafe with an oak stopper. Thin glass with a wide base and an oak stopper. It fits a fridge door.,A one-litre carafe with an oak stopper.,34,1,Kitchen,Glass,White,1 l,,h-carafe.webp,h-carafe.webp,h-carafe.webp,h-carafe.webp,glass-carafe,,,,,,
H-BOARD,Home,simple,home,Home,Kitchen & Dining,Oak serving board,58,,1,4,2,3,"A 50 cm oak board with a leather loop. Cut from one plank, oiled, with a leather loop for hanging. Wash it by hand and oil it twice a year.",A 50 cm oak board with a leather loop.,34,1,Kitchen,Oak,Brown,50 x 20 cm,,h-board.webp,h-board.webp,h-board.webp,h-board.webp,oak-serving-board,,,,,,
H-NAPKINS-OATMEAL,Home,simple,home,Home,,"Linen napkins, set of 4 Oatmeal",42,,1,1,2,3,Four 45 cm linen napkins that only get better. Stonewashed linen that absorbs and dries fast. Wash them with the sheets.,Four 45 cm linen napkins that only get better.,12,1,Kitchen,Linen,Oatmeal,45 x 45 cm,,h-napkins-oatmeal.webp,h-napkins-oatmeal.webp,h-napkins-oatmeal.webp,h-napkins-oatmeal.webp,linen-napkins-set-of-4-oatmeal,,,,,,
H-NAPKINS-WHITE,Home,simple,home,Home,,"Linen napkins, set of 4 White",42,,1,1,2,3,Four 45 cm linen napkins that only get better. Stonewashed linen that absorbs and dries fast. Wash them with the sheets.,Four 45 cm linen napkins that only get better.,56,1,Kitchen,Linen,White,45 x 45 cm,,h-napkins-white.webp,h-napkins-white.webp,h-napkins-white.webp,h-napkins-white.webp,linen-napkins-set-of-4-white,,,,,,
H-NAPKINS-GREEN,Home,simple,home,Home,,"Linen napkins, set of 4 Green",42,,1,1,2,3,Four 45 cm linen napkins that only get better. Stonewashed linen that absorbs and dries fast. Wash them with the sheets.,Four 45 cm linen napkins that only get better.,59,1,Kitchen,Linen,Green,45 x 45 cm,,h-napkins-green.webp,h-napkins-green.webp,h-napkins-green.webp,h-napkins-green.webp,linen-napkins-set-of-4-green,,,,,,
H-NAPKINS,Home,configurable,home,Home,Kitchen & Dining,"Linen napkins, set of 4",42,,1,4,2,3,Four 45 cm linen napkins that only get better. Stonewashed linen that absorbs and dries fast. Wash them with the sheets.,Four 45 cm linen napkins that only get better.,0,1,Kitchen,Linen,,45 x 45 cm,,h-napkins-oatmeal.webp,h-napkins-oatmeal.webp,h-napkins-oatmeal.webp,h-napkins-oatmeal.webp,linen-napkins-set-of-4,H-NAPKINS-OATMEAL,color,Oatmeal,,,
,,,,,,,,,,,,,,,,,,,,,,,,,,,H-NAPKINS-WHITE,color,White,,,
,,,,,,,,,,,,,,,,,,,,,,,,,,,H-NAPKINS-GREEN,color,Green,,,
H-CUTLERY,Home,simple,home,Home,Kitchen & Dining,"Brushed cutlery, 16 pieces",110,,1,4,2,3,"Four place settings in brushed stainless steel. Balanced, heavy and brushed so scratches do not show. Dishwasher safe.",Four place settings in brushed stainless steel.,29,1,Kitchen,Brass,Silver,4 settings,,h-cutlery.webp,h-cutlery.webp,h-cutlery.webp,h-cutlery.webp,brushed-cutlery-16-pieces,,,,,,
H-PENDANT-ONE-SIZE,Home,simple,home,Home,,Paper pendant lamp One size,120,,1,1,2,3,"A 45 cm washi paper pendant with a bamboo ring, bulb included. Washi paper on a bamboo frame, with a two metre cord and a warm LED bulb. It hangs from a hook or a rose.","A 45 cm washi paper pendant with a bamboo ring, bulb included.",21,1,Living room|Bedroom,Rattan,White,45 cm,One size,h-pendant.webp,h-pendant.webp,h-pendant.webp,h-pendant.webp,paper-pendant-lamp-one-size,,,,,,
H-PENDANT,Home,configurable,home,Home,Lighting,Paper pendant lamp,120,,1,4,2,3,"A 45 cm washi paper pendant with a bamboo ring, bulb included. Washi paper on a bamboo frame, with a two metre cord and a warm LED bulb. It hangs from a hook or a rose.","A 45 cm washi paper pendant with a bamboo ring, bulb included.",0,1,Living room|Bedroom,Rattan,White,45 cm,,h-pendant.webp,h-pendant.webp,h-pendant.webp,h-pendant.webp,paper-pendant-lamp,H-PENDANT-ONE-SIZE,size,One size,,,
H-TABLE-LAMP-WHITE,Home,simple,home,Home,,Ceramic table lamp White,160,,1,1,2,3,A stoneware base with a linen shade and a dimmable bulb. A stoneware base in a reactive glaze with a linen shade. The dimmer is on the cord.,A stoneware base with a linen shade and a dimmable bulb.,45,1,Living room|Bedroom,Ceramic,White,30 x 48 cm,,h-table-lamp-white.webp,h-table-lamp-white.webp,h-table-lamp-white.webp,h-table-lamp-white.webp,ceramic-table-lamp-white,,,,,,
H-TABLE-LAMP-GREEN,Home,simple,home,Home,,Ceramic table lamp Green,160,,1,1,2,3,A stoneware base with a linen shade and a dimmable bulb. A stoneware base in a reactive glaze with a linen shade. The dimmer is on the cord.,A stoneware base with a linen shade and a dimmable bulb.,23,1,Living room|Bedroom,Ceramic,Green,30 x 48 cm,,h-table-lamp-green.webp,h-table-lamp-green.webp,h-table-lamp-green.webp,h-table-lamp-green.webp,ceramic-table-lamp-green,,,,,,
H-TABLE-LAMP-CHARCOAL,Home,simple,home,Home,,Ceramic table lamp Charcoal,160,,1,1,2,3,A stoneware base with a linen shade and a dimmable bulb. A stoneware base in a reactive glaze with a linen shade. The dimmer is on the cord.,A stoneware base with a linen shade and a dimmable bulb.,40,1,Living room|Bedroom,Ceramic,Charcoal,30 x 48 cm,,h-table-lamp-charcoal.webp,h-table-lamp-charcoal.webp,h-table-lamp-charcoal.webp,h-table-lamp-charcoal.webp,ceramic-table-lamp-charcoal,,,,,,
H-TABLE-LAMP,Home,configurable,home,Home,Lighting,Ceramic table lamp,160,,1,4,2,3,A stoneware base with a linen shade and a dimmable bulb. A stoneware base in a reactive glaze with a linen shade. The dimmer is on the cord.,A stoneware base with a linen shade and a dimmable bulb.,0,1,Living room|Bedroom,Ceramic,,30 x 48 cm,,h-table-lamp-white.webp,h-table-lamp-white.webp,h-table-lamp-white.webp,h-table-lamp-white.webp,ceramic-table-lamp,H-TABLE-LAMP-WHITE,color,White,,,
,,,,,,,,,,,,,,,,,,,,,,,,,,,H-TABLE-LAMP-GREEN,color,Green,,,
,,,,,,,,,,,,,,,,,,,,,,,,,,,H-TABLE-LAMP-CHARCOAL,color,Charcoal,,,
H-FLOOR-LAMP,Home,simple,home,Home,Lighting,Oak floor lamp,290,,1,4,2,3,A tripod oak floor lamp with a linen drum shade. Solid oak legs and a linen shade of 45 cm. The switch is on the cord.,A tripod oak floor lamp with a linen drum shade.,58,1,Living room,Oak,Brown,55 x 150 cm,,h-floor-lamp.webp,h-floor-lamp.webp,h-floor-lamp.webp,h-floor-lamp.webp,oak-floor-lamp,,,,,,
H-WALL-LIGHT,Home,simple,home,Home,Lighting,Brass wall light,140,,1,4,2,3,"An adjustable brass reading light for the bedside. Solid brass that darkens with age, with a switch on the arm. Wired for a wall box.",An adjustable brass reading light for the bedside.,46,1,Bedroom,Brass,Yellow,15 x 30 cm,,h-wall-light.webp,h-wall-light.webp,h-wall-light.webp,h-wall-light.webp,brass-wall-light,,,,,,
H-RATTAN-PENDANT,Home,simple,home,Home,Lighting,Rattan pendant,180,,1,4,2,3,"A hand-woven rattan pendant, 50 cm, bulb included. Hand woven in a workshop we visit, with a two metre cord. The shadows on the ceiling are half the point.","A hand-woven rattan pendant, 50 cm, bulb included.",31,1,Kitchen|Living room,Rattan,Tan,50 cm,,h-rattan-pendant.webp,h-rattan-pendant.webp,h-rattan-pendant.webp,h-rattan-pendant.webp,rattan-pendant,,,,,,
H-CANDLE-HOLDER,Home,simple,home,Home,Lighting,"Brass candle holders, set of 3",48,,1,4,2,3,"Three heights in solid brass, for dinner candles. Solid brass that develops a patina. They hold standard dinner candles.","Three heights in solid brass, for dinner candles.",28,1,Kitchen|Living room,Brass,Yellow,"8, 12, 16 cm",,h-candle-holder.webp,h-candle-holder.webp,h-candle-holder.webp,h-candle-holder.webp,brass-candle-holders-set-of-3,,,,,,
,,,,Home,Decor,,,,,,,,,,,,,,,,,,,,,,,,,,,
H-VASE-WHITE,Home,simple,home,Home,,Stoneware vase White,68,,1,1,2,3,"A 30 cm vase with a matte glaze, for branches. Hand thrown, with a matte glaze and a wide neck. It holds a bundle of eucalyptus or one big branch.","A 30 cm vase with a matte glaze, for branches.",56,1,Living room,Stoneware,White,30 cm,,h-vase-white.webp,h-vase-white.webp,h-vase-white.webp,h-vase-white.webp,stoneware-vase-white,,,,,,
H-VASE-CHARCOAL,Home,simple,home,Home,,Stoneware vase Charcoal,68,,1,1,2,3,"A 30 cm vase with a matte glaze, for branches. Hand thrown, with a matte glaze and a wide neck. It holds a bundle of eucalyptus or one big branch.","A 30 cm vase with a matte glaze, for branches.",34,1,Living room,Stoneware,Charcoal,30 cm,,h-vase-charcoal.webp,h-vase-charcoal.webp,h-vase-charcoal.webp,h-vase-charcoal.webp,stoneware-vase-charcoal,,,,,,
H-VASE-GREEN,Home,simple,home,Home,,Stoneware vase Green,68,,1,1,2,3,"A 30 cm vase with a matte glaze, for branches. Hand thrown, with a matte glaze and a wide neck. It holds a bundle of eucalyptus or one big branch.","A 30 cm vase with a matte glaze, for branches.",11,1,Living room,Stoneware,Green,30 cm,,h-vase-green.webp,h-vase-green.webp,h-vase-green.webp,h-vase-green.webp,stoneware-vase-green,,,,,,
H-VASE,Home,configurable,home,Home,Decor,Stoneware vase,68,,1,4,2,3,"A 30 cm vase with a matte glaze, for branches. Hand thrown, with a matte glaze and a wide neck. It holds a bundle of eucalyptus or one big branch.","A 30 cm vase with a matte glaze, for branches.",0,1,Living room,Stoneware,,30 cm,,h-vase-white.webp,h-vase-white.webp,h-vase-white.webp,h-vase-white.webp,stoneware-vase,H-VASE-WHITE,color,White,,,
,,,,,,,,,,,,,,,,,,,,,,,,,,,H-VASE-CHARCOAL,color,Charcoal,,,
,,,,,,,,,,,,,,,,,,,,,,,,,,,H-VASE-GREEN,color,Green,,,
H-MIRROR,Home,simple,home,Home,Decor,Round oak mirror,190,,1,4,2,3,A 70 cm mirror in a slim oak frame. A 20 mm oak frame with a hanging plate. It arrives with the screws and the plugs.,A 70 cm mirror in a slim oak frame.,19,1,Hallway|Bedroom,Oak,Brown,70 cm,,h-mirror.webp,h-mirror.webp,h-mirror.webp,h-mirror.webp,round-oak-mirror,,,,,,
,,,,Home,Seating,,,,,,,,,,,,,,,,,,,,,,,,,,,
H-BASKET,Home,simple,home,Home,Decor,Rattan basket,54,,1,4,2,3,"A woven basket for logs, blankets or laundry. Hand woven rattan with two handles, 50 cm wide. Good beside the fire or the sofa.","A woven basket for logs, blankets or laundry.",38,1,Living room|Bathroom,Rattan,Tan,45 x 40 cm,,h-basket.webp,h-basket.webp,h-basket.webp,h-basket.webp,rattan-basket,,,,,,
H-RUG-OATMEAL,Home,simple,home,Home,,Wool rug Oatmeal,420,,1,1,2,3,"A flat-woven wool rug in undyed yarn. Undyed wool in two natural shades, woven flat. Available in 140 by 200 and 200 by 300 cm.",A flat-woven wool rug in undyed yarn.,18,1,Living room|Bedroom,Wool,Oatmeal,170 x 240 cm,,h-rug-oatmeal.webp,h-rug-oatmeal.webp,h-rug-oatmeal.webp,h-rug-oatmeal.webp,wool-rug-oatmeal,,,,,,
H-RUG-GREY,Home,simple,home,Home,,Wool rug Grey,420,,1,1,2,3,"A flat-woven wool rug in undyed yarn. Undyed wool in two natural shades, woven flat. Available in 140 by 200 and 200 by 300 cm.",A flat-woven wool rug in undyed yarn.,14,1,Living room|Bedroom,Wool,Grey,170 x 240 cm,,h-rug-grey.webp,h-rug-grey.webp,h-rug-grey.webp,h-rug-grey.webp,wool-rug-grey,,,,,,
H-RUG,Home,configurable,home,Home,Decor,Wool rug,420,,1,4,2,3,"A flat-woven wool rug in undyed yarn. Undyed wool in two natural shades, woven flat. Available in 140 by 200 and 200 by 300 cm.",A flat-woven wool rug in undyed yarn.,0,1,Living room|Bedroom,Wool,,170 x 240 cm,,h-rug-oatmeal.webp,h-rug-oatmeal.webp,h-rug-oatmeal.webp,h-rug-oatmeal.webp,wool-rug,H-RUG-OATMEAL,color,Oatmeal,,,
,,,,,,,,,,,,,,,,,,,,,,,,,,,H-RUG-GREY,color,Grey,,,
H-CUSHION-OATMEAL,Home,simple,home,Home,,Linen cushion Oatmeal,48,,1,1,2,3,A 50 cm linen cushion with a feather pad. A linen cover with a hidden zip over a feather pad. Six colours to match the sofa.,A 50 cm linen cushion with a feather pad.,20,1,Living room|Bedroom,Linen,Oatmeal,50 x 50 cm,,h-cushion-oatmeal.webp,h-cushion-oatmeal.webp,h-cushion-oatmeal.webp,h-cushion-oatmeal.webp,linen-cushion-oatmeal,,,,,,
H-CUSHION-GREEN,Home,simple,home,Home,,Linen cushion Green,48,,1,1,2,3,A 50 cm linen cushion with a feather pad. A linen cover with a hidden zip over a feather pad. Six colours to match the sofa.,A 50 cm linen cushion with a feather pad.,59,1,Living room|Bedroom,Linen,Green,50 x 50 cm,,h-cushion-green.webp,h-cushion-green.webp,h-cushion-green.webp,h-cushion-green.webp,linen-cushion-green,,,,,,
H-CUSHION-BLUE-DARK,Home,simple,home,Home,,Linen cushion Blue Dark,48,,1,1,2,3,A 50 cm linen cushion with a feather pad. A linen cover with a hidden zip over a feather pad. Six colours to match the sofa.,A 50 cm linen cushion with a feather pad.,39,1,Living room|Bedroom,Linen,Blue Dark,50 x 50 cm,,h-cushion-blue-dark.webp,h-cushion-blue-dark.webp,h-cushion-blue-dark.webp,h-cushion-blue-dark.webp,linen-cushion-blue-dark,,,,,,
H-CUSHION-SALMON,Home,simple,home,Home,,Linen cushion Salmon,48,,1,1,2,3,A 50 cm linen cushion with a feather pad. A linen cover with a hidden zip over a feather pad. Six colours to match the sofa.,A 50 cm linen cushion with a feather pad.,17,1,Living room|Bedroom,Linen,Salmon,50 x 50 cm,,h-cushion-salmon.webp,h-cushion-salmon.webp,h-cushion-salmon.webp,h-cushion-salmon.webp,linen-cushion-salmon,,,,,,
H-CUSHION,Home,configurable,home,Home,Decor,Linen cushion,48,,1,4,2,3,A 50 cm linen cushion with a feather pad. A linen cover with a hidden zip over a feather pad. Six colours to match the sofa.,A 50 cm linen cushion with a feather pad.,0,1,Living room|Bedroom,Linen,,50 x 50 cm,,h-cushion-oatmeal.webp,h-cushion-oatmeal.webp,h-cushion-oatmeal.webp,h-cushion-oatmeal.webp,linen-cushion,H-CUSHION-OATMEAL,color,Oatmeal,,,
,,,,,,,,,,,,,,,,,,,,,,,,,,,H-CUSHION-GREEN,color,Green,,,
,,,,,,,,,,,,,,,,,,,,,,,,,,,H-CUSHION-BLUE-DARK,color,Blue Dark,,,
,,,,,,,,,,,,,,,,,,,,,,,,,,,H-CUSHION-SALMON,color,Salmon,,,
,,,,Home,Seating,,,,,,,,,,,,,,,,,,,,,,,,,,,
H-THROW-WHITE,Home,simple,home,Home,,Cotton throw White,90,,1,1,2,3,A waffle-weave cotton throw for the sofa. Waffle-weave cotton that gets softer with every wash. 130 by 180 cm.,A waffle-weave cotton throw for the sofa.,55,1,Living room,Linen,White,130 x 180 cm,,h-throw-white.webp,h-throw-white.webp,h-throw-white.webp,h-throw-white.webp,cotton-throw-white,,,,,,
H-THROW-GREY,Home,simple,home,Home,,Cotton throw Grey,90,,1,1,2,3,A waffle-weave cotton throw for the sofa. Waffle-weave cotton that gets softer with every wash. 130 by 180 cm.,A waffle-weave cotton throw for the sofa.,19,1,Living room,Linen,Grey,130 x 180 cm,,h-throw-grey.webp,h-throw-grey.webp,h-throw-grey.webp,h-throw-grey.webp,cotton-throw-grey,,,,,,
H-THROW-GREEN,Home,simple,home,Home,,Cotton throw Green,90,,1,1,2,3,A waffle-weave cotton throw for the sofa. Waffle-weave cotton that gets softer with every wash. 130 by 180 cm.,A waffle-weave cotton throw for the sofa.,47,1,Living room,Linen,Green,130 x 180 cm,,h-throw-green.webp,h-throw-green.webp,h-throw-green.webp,h-throw-green.webp,cotton-throw-green,,,,,,
H-THROW,Home,configurable,home,Home,Decor,Cotton throw,90,,1,4,2,3,A waffle-weave cotton throw for the sofa. Waffle-weave cotton that gets softer with every wash. 130 by 180 cm.,A waffle-weave cotton throw for the sofa.,0,1,Living room,Linen,,130 x 180 cm,,h-throw-white.webp,h-throw-white.webp,h-throw-white.webp,h-throw-white.webp,cotton-throw,H-THROW-WHITE,color,White,,,
,,,,,,,,,,,,,,,,,,,,,,,,,,,H-THROW-GREY,color,Grey,,,
,,,,,,,,,,,,,,,,,,,,,,,,,,,H-THROW-GREEN,color,Green,,,
,,,,Home,Bedding,,,,,,,,,,,,,,,,,,,,,,,,,,,
H-HOOKS,Home,simple,home,Home,Decor,"Oak wall hooks, set of 3",36,,1,4,2,3,"Three turned oak hooks with brass screws. Turned from a single piece of oak, with brass screws and plugs. They hold a heavy coat.",Three turned oak hooks with brass screws.,37,1,Hallway|Bathroom,Oak,Brown,5 cm,,h-hooks.webp,h-hooks.webp,h-hooks.webp,h-hooks.webp,oak-wall-hooks-set-of-3,,,,,,
H-BATH-MAT,Home,simple,home,Home,Decor,Cotton bath mat,40,,1,4,2,3,"A thick cotton mat that dries by lunchtime. Thick combed cotton, 50 by 80 cm. Washes at sixty degrees.",A thick cotton mat that dries by lunchtime.,55,1,Bathroom,Linen,White,50 x 80 cm,,h-bath-mat.webp,h-bath-mat.webp,h-bath-mat.webp,h-bath-mat.webp,cotton-bath-mat,,,,,,
H-TABLE-SET,Home,grouped,home,Home,Furniture,The dining set,2100,,1,4,2,3,"The oak table and four ash chairs, together. The table and four chairs together, at a saving. Delivered to the room of your choice.","The oak table and four ash chairs, together.",0,1,Kitchen,Oak,Brown,,,h-table-set.webp,h-table-set.webp,h-table-set.webp,h-table-set.webp,the-dining-set,,,,H-DINING-TABLE-OAK,1,1
,,,,,,,,,,,,,,,,,,,,,,,,,,,,,,H-DINING-CHAIR-OATMEAL,1,2
,,,,Home,Kitchen & Dining,,,,,,,,,,,,,,,,,,,,,,,,,,,
H-BED-SET,Home,grouped,home,Home,Bedding,The bed set,640,,1,4,2,3,"Sheets, duvet cover and two pillows in one order. A sheet set, a duvet cover and two pillows in one order. Choose the size and the linen colour.","Sheets, duvet cover and two pillows in one order.",0,1,Bedroom,Linen,White,,,h-bed-set.webp,h-bed-set.webp,h-bed-set.webp,h-bed-set.webp,the-bed-set,,,,H-LINEN-SHEETS-WHITE,1,1
,,,,,,,,,,,,,,,,,,,,,,,,,,,,,,H-DUVET-COVER-WHITE,1,2
,,,,,,,,,,,,,,,,,,,,,,,,,,,,,,H-PILLOW,1,3
H-GIFT-CARD,Home,virtual,home,Home,Decor,Hearthstone gift card,100,,1,4,2,3,"A gift card by email, for a piece they choose. Delivered by email within the hour, with a message of your own. Valid for a year in the store.","A gift card by email, for a piece they choose.",40,1,,,,,,h-gift-card.webp,h-gift-card.webp,h-gift-card.webp,h-gift-card.webp,hearthstone-gift-card,,,,,,
