store_code,query_text,popularity,num_results,hours_ago
jewelry,bracelets,103,6,10
jewelry,band,70,3,19
jewelry,fine,52,2,13
jewelry,engagement,39,7,486
jewelry,pearl,31,5,299
jewelry,solitaire,29,2,81
jewelry,ring,24,21,522
jewelry,bracelet,24,6,656
jewelry,chain,18,4,173
jewelry,hammered,16,2,457
jewelry,hoops,16,2,658
jewelry,studs,14,3,317
jewelry,earrings,15,7,365
jewelry,stacking,16,2,277
jewelry,sapphire,11,2,330
jewelry,pendant,15,3,705
jewelry,gifts,14,11,231
jewelry,gift,12,11,680
jewelry,necklaces,13,8,386
jewelry,engagemnet,4,0,64
jewelry,cahin,5,0,662
