sku,_product_websites,_root_category,_category
W-LINEN-SHIRT-WHITE,base,,
W-LINEN-SHIRT-IVORY,base,,
W-LINEN-SHIRT-BLUE-LIGHT,base,,
W-LINEN-SHIRT,base,Default Category,Fashion/Women/Tops & Blouses
,,Default Category,Fashion/Women/New Arrivals
W-SILK-BLOUSE-IVORY,base,,
W-SILK-BLOUSE-BLACK,base,,
W-SILK-BLOUSE-SALMON,base,,
W-SILK-BLOUSE,base,Default Category,Fashion/Women/Tops & Blouses
W-KNIT-TANK-BLACK,base,,
W-KNIT-TANK-OATMEAL,base,,
W-KNIT-TANK-GREEN,base,,
W-KNIT-TANK,base,Default Category,Fashion/Women/Tops & Blouses
W-WRAP-TOP-S,base,,
W-WRAP-TOP-M,base,,
W-WRAP-TOP-L,base,,
W-WRAP-TOP,base,Default Category,Fashion/Women/Tops & Blouses
W-STRIPE-TEE-BLUE,base,,
W-STRIPE-TEE-RED,base,,
W-STRIPE-TEE,base,Default Category,Fashion/Women/Tops & Blouses
,,Default Category,Fashion/Sale
W-WIDE-TROUSER-OATMEAL,base,,
W-WIDE-TROUSER-BLACK,base,,
W-WIDE-TROUSER-KHAKI,base,,
W-WIDE-TROUSER,base,Default Category,Fashion/Women/Pants & Denim
,,Default Category,Fashion/Women/New Arrivals
W-STRAIGHT-JEAN-BLUE-JEAN,base,,
W-STRAIGHT-JEAN-BLUE-DARK,base,,
W-STRAIGHT-JEAN-BLACK,base,,
W-STRAIGHT-JEAN,base,Default Category,Fashion/Women/Pants & Denim
W-CROP-PANT-36,base,,
W-CROP-PANT-38,base,,
W-CROP-PANT-40,base,,
W-CROP-PANT-42,base,,
W-CROP-PANT,base,Default Category,Fashion/Women/Pants & Denim
W-DENIM-SHORT-36,base,,
W-DENIM-SHORT-38,base,,
W-DENIM-SHORT-40,base,,
W-DENIM-SHORT-42,base,,
W-DENIM-SHORT,base,Default Category,Fashion/Women/Pants & Denim
,,Default Category,Fashion/Sale
W-LINEN-DRESS-IVORY,base,,
W-LINEN-DRESS-BLACK,base,,
W-LINEN-DRESS-BLUE,base,,
W-LINEN-DRESS,base,Default Category,Fashion/Women/Dresses & Skirts
W-SLIP-DRESS-BLACK,base,,
W-SLIP-DRESS-SALMON,base,,
W-SLIP-DRESS,base,Default Category,Fashion/Women/Dresses & Skirts
,,Default Category,Fashion/Women/New Arrivals
W-SHIRT-DRESS-S,base,,
W-SHIRT-DRESS-M,base,,
W-SHIRT-DRESS-L,base,,
W-SHIRT-DRESS,base,Default Category,Fashion/Women/Dresses & Skirts
W-PLEAT-SKIRT-BLACK,base,,
W-PLEAT-SKIRT-OATMEAL,base,,
W-PLEAT-SKIRT,base,Default Category,Fashion/Women/Dresses & Skirts
W-DENIM-SKIRT-36,base,,
W-DENIM-SKIRT-38,base,,
W-DENIM-SKIRT-40,base,,
W-DENIM-SKIRT-42,base,,
W-DENIM-SKIRT,base,Default Category,Fashion/Women/Dresses & Skirts
M-LINEN-SHIRT-WHITE,base,,
M-LINEN-SHIRT-BLUE-LIGHT,base,,
M-LINEN-SHIRT-KHAKI,base,,
M-LINEN-SHIRT,base,Default Category,Fashion/Men/Shirts
M-OXFORD-SHIRT-WHITE,base,,
M-OXFORD-SHIRT-BLUE,base,,
M-OXFORD-SHIRT,base,Default Category,Fashion/Men/Shirts
M-CAMP-SHIRT-S,base,,
M-CAMP-SHIRT-M,base,,
M-CAMP-SHIRT-L,base,,
M-CAMP-SHIRT-XL,base,,
M-CAMP-SHIRT,base,Default Category,Fashion/Men/Shirts
,,Default Category,Fashion/Men/New Arrivals
M-FLANNEL-SHIRT-S,base,,
M-FLANNEL-SHIRT-M,base,,
M-FLANNEL-SHIRT-L,base,,
M-FLANNEL-SHIRT-XL,base,,
M-FLANNEL-SHIRT-XXL,base,,
M-FLANNEL-SHIRT,base,Default Category,Fashion/Men/Shirts
,,Default Category,Fashion/Sale
M-CREW-TEE-WHITE,base,,
M-CREW-TEE-BLACK,base,,
M-CREW-TEE-CHARCOAL,base,,
M-CREW-TEE-GREEN,base,,
M-CREW-TEE,base,Default Category,"Fashion/Men/Tees, Knits and Polos"
M-PIQUE-POLO-BLUE-DARK,base,,
M-PIQUE-POLO-WHITE,base,,
M-PIQUE-POLO-RED,base,,
M-PIQUE-POLO,base,Default Category,"Fashion/Men/Tees, Knits and Polos"
M-MERINO-CREW-GREY,base,,
M-MERINO-CREW-BLUE-DARK,base,,
M-MERINO-CREW-BROWN,base,,
M-MERINO-CREW,base,Default Category,"Fashion/Men/Tees, Knits and Polos"
,,Default Category,Fashion/Men/New Arrivals
M-CARDIGAN-S,base,,
M-CARDIGAN-M,base,,
M-CARDIGAN-L,base,,
M-CARDIGAN-XL,base,,
M-CARDIGAN,base,Default Category,"Fashion/Men/Tees, Knits and Polos"
M-HENLEY-S,base,,
M-HENLEY-M,base,,
M-HENLEY-L,base,,
M-HENLEY-XL,base,,
M-HENLEY,base,Default Category,"Fashion/Men/Tees, Knits and Polos"
,,Default Category,Fashion/Sale
M-CHINO-KHAKI,base,,
M-CHINO-BLUE-DARK,base,,
M-CHINO-OATMEAL,base,,
M-CHINO,base,Default Category,Fashion/Men/Pants & Denim
M-SELVEDGE-JEAN-BLUE-DARK,base,,
M-SELVEDGE-JEAN-INDIGO,base,,
M-SELVEDGE-JEAN,base,Default Category,Fashion/Men/Pants & Denim
M-LINEN-TROUSER-38,base,,
M-LINEN-TROUSER-40,base,,
M-LINEN-TROUSER-42,base,,
M-LINEN-TROUSER-44,base,,
M-LINEN-TROUSER,base,Default Category,Fashion/Men/Pants & Denim
M-CARGO-SHORT-38,base,,
M-CARGO-SHORT-40,base,,
M-CARGO-SHORT-42,base,,
M-CARGO-SHORT-44,base,,
M-CARGO-SHORT,base,Default Category,Fashion/Men/Pants & Denim
M-LINEN-BLAZER-OATMEAL,base,,
M-LINEN-BLAZER-BLUE-DARK,base,,
M-LINEN-BLAZER,base,Default Category,Fashion/Men/Blazers
M-KNIT-BLAZER-S,base,,
M-KNIT-BLAZER-M,base,,
M-KNIT-BLAZER-L,base,,
M-KNIT-BLAZER-XL,base,,
M-KNIT-BLAZER,base,Default Category,Fashion/Men/Blazers
,,Default Category,Fashion/Men/New Arrivals
M-FIELD-JACKET-GREEN,base,,
M-FIELD-JACKET-TAN,base,,
M-FIELD-JACKET,base,Default Category,Fashion/Men/Blazers
A-ROUND-SUN-BROWN,base,,
A-ROUND-SUN-BLACK,base,,
A-ROUND-SUN,base,Default Category,Fashion/Accessories/Eyewear
A-AVIATOR,base,Default Category,Fashion/Accessories/Eyewear
A-SQUARE-SUN-BLACK,base,,
A-SQUARE-SUN-IVORY,base,,
A-SQUARE-SUN,base,Default Category,Fashion/Accessories/Eyewear
A-READING,base,Default Category,Fashion/Accessories/Eyewear
A-CHAIN-NECK,base,Default Category,Fashion/Accessories/Jewelry
A-SIGNET-RING-SILVER,base,,
A-SIGNET-RING-YELLOW,base,,
A-SIGNET-RING,base,Default Category,Fashion/Accessories/Jewelry
A-HOOP-EAR,base,Default Category,Fashion/Accessories/Jewelry
A-BRACELET-BLUE-DARK,base,,
A-BRACELET-RED,base,,
A-BRACELET-GREEN,base,,
A-BRACELET,base,Default Category,Fashion/Accessories/Jewelry
A-LEATHER-SANDAL-TAN,base,,
A-LEATHER-SANDAL-BLACK,base,,
A-LEATHER-SANDAL,base,Default Category,Fashion/Accessories/Shoes
A-CANVAS-SNEAKER-WHITE,base,,
A-CANVAS-SNEAKER-BLUE-DARK,base,,
A-CANVAS-SNEAKER-GREEN,base,,
A-CANVAS-SNEAKER,base,Default Category,Fashion/Accessories/Shoes
A-LOAFER-BROWN,base,,
A-LOAFER-BLACK,base,,
A-LOAFER,base,Default Category,Fashion/Accessories/Shoes
A-ESPADRILLE-37,base,,
A-ESPADRILLE-38,base,,
A-ESPADRILLE-39,base,,
A-ESPADRILLE-40,base,,
A-ESPADRILLE-41,base,,
A-ESPADRILLE,base,Default Category,Fashion/Accessories/Shoes
,,Default Category,Fashion/Sale
A-CHELSEA-40,base,,
A-CHELSEA-41,base,,
A-CHELSEA-42,base,,
A-CHELSEA-43,base,,
A-CHELSEA-44,base,,
A-CHELSEA-45,base,,
A-CHELSEA,base,Default Category,Fashion/Accessories/Shoes
A-WEEKENDER,base,Default Category,Fashion/Accessories/Bags & Luggage
A-CROSSBODY-TAN,base,,
A-CROSSBODY-BLACK,base,,
A-CROSSBODY-GREEN,base,,
A-CROSSBODY,base,Default Category,Fashion/Accessories/Bags & Luggage
A-TOTE-OATMEAL,base,,
A-TOTE-BLUE-DARK,base,,
A-TOTE,base,Default Category,Fashion/Accessories/Bags & Luggage
,,Default Category,Fashion/Sale
A-CABIN-CASE-SILVER,base,,
A-CABIN-CASE-BLACK,base,,
A-CABIN-CASE-GREEN,base,,
A-CABIN-CASE,base,Default Category,Fashion/Accessories/Bags & Luggage
A-BACKPACK,base,Default Category,Fashion/Accessories/Bags & Luggage
E-HEADPHONE-ANC-BLACK,base,,
E-HEADPHONE-ANC-SILVER,base,,
E-HEADPHONE-ANC-GREEN,base,,
E-HEADPHONE-ANC,base,Default Category,Electronics/Audio
E-EARBUDS-BLACK,base,,
E-EARBUDS-WHITE,base,,
E-EARBUDS,base,Default Category,Electronics/Audio
E-WIRED-IEM,base,Default Category,Electronics/Audio
E-SPEAKER-BT-CHARCOAL,base,,
E-SPEAKER-BT-BLUE,base,,
E-SPEAKER-BT-ORANGE,base,,
E-SPEAKER-BT,base,Default Category,Electronics/Audio
E-BOOKSHELF,base,Default Category,Electronics/Audio
E-TURNTABLE,base,Default Category,Electronics/Audio
E-DAC,base,Default Category,Electronics/Audio
,,Default Category,Electronics/Accessories
E-SOUNDBAR,base,Default Category,Electronics/Audio
,,Default Category,Electronics/Smart Home
E-LAPTOP-14-256-GB,base,,
E-LAPTOP-14-512-GB,base,,
E-LAPTOP-14-1-TB,base,,
E-LAPTOP-14,base,Default Category,Electronics/Computing
E-LAPTOP-16-512-GB,base,,
E-LAPTOP-16-1-TB,base,,
E-LAPTOP-16-2-TB,base,,
E-LAPTOP-16,base,Default Category,Electronics/Computing
E-MONITOR-27,base,Default Category,Electronics/Computing
E-MONITOR-34,base,Default Category,Electronics/Computing
E-KEYBOARD-BLACK,base,,
E-KEYBOARD-WHITE,base,,
E-KEYBOARD-BLUE,base,,
E-KEYBOARD,base,Default Category,Electronics/Computing
E-MOUSE-BLACK,base,,
E-MOUSE-WHITE,base,,
E-MOUSE,base,Default Category,Electronics/Computing
E-DOCK,base,Default Category,Electronics/Computing
,,Default Category,Electronics/Accessories
E-SSD-1-TB,base,,
E-SSD-2-TB,base,,
E-SSD,base,Default Category,Electronics/Computing
,,Default Category,Electronics/Accessories
E-WEBCAM,base,Default Category,Electronics/Computing
E-CAMERA-BODY,base,Default Category,Electronics/Cameras
E-LENS-35,base,Default Category,Electronics/Cameras
E-LENS-85,base,Default Category,Electronics/Cameras
E-LENS-2470,base,Default Category,Electronics/Cameras
E-COMPACT-CAM,base,Default Category,Electronics/Cameras
E-ACTION-CAM,base,Default Category,Electronics/Cameras
E-TRIPOD,base,Default Category,Electronics/Cameras
,,Default Category,Electronics/Accessories
E-CAM-BAG-CHARCOAL,base,,
E-CAM-BAG-KHAKI,base,,
E-CAM-BAG,base,Default Category,Electronics/Cameras
,,Default Category,Electronics/Accessories
E-SD-CARD-128-GB,base,,
E-SD-CARD-256-GB,base,,
E-SD-CARD-512-GB,base,,
E-SD-CARD,base,Default Category,Electronics/Cameras
,,Default Category,Electronics/Accessories
E-SMART-BULB,base,Default Category,Electronics/Smart Home
E-SMART-PLUG,base,Default Category,Electronics/Smart Home
E-SMART-SPEAKER-GREY,base,,
E-SMART-SPEAKER-CHARCOAL,base,,
E-SMART-SPEAKER,base,Default Category,Electronics/Smart Home
,,Default Category,Electronics/Audio
E-DOORBELL,base,Default Category,Electronics/Smart Home
E-THERMOSTAT,base,Default Category,Electronics/Smart Home
E-SENSOR-KIT,base,Default Category,Electronics/Smart Home
E-HUB,base,Default Category,Electronics/Smart Home
E-WATCH-BLACK,base,,
E-WATCH-SILVER,base,,
E-WATCH,base,Default Category,Electronics/Wearables
E-BAND-BLACK,base,,
E-BAND-BLUE,base,,
E-BAND-PINK,base,,
E-BAND,base,Default Category,Electronics/Wearables
E-RING-SILVER,base,,
E-RING-BLACK,base,,
E-RING,base,Default Category,Electronics/Wearables
E-WATCH-STRAP-BROWN,base,,
E-WATCH-STRAP-BLACK,base,,
E-WATCH-STRAP,base,Default Category,Electronics/Wearables
,,Default Category,Electronics/Accessories
E-CHARGER-65,base,Default Category,Electronics/Accessories
E-CABLE-C-BLACK,base,,
E-CABLE-C-GREY,base,,
E-CABLE-C,base,Default Category,Electronics/Accessories
E-POWERBANK,base,Default Category,Electronics/Accessories
E-LAPTOP-STAND,base,Default Category,Electronics/Accessories
,,Default Category,Electronics/Computing
E-DESK-MAT-GREY,base,,
E-DESK-MAT-GREEN,base,,
E-DESK-MAT,base,Default Category,Electronics/Accessories
E-PHONE-CASE-BLACK,base,,
E-PHONE-CASE-BLUE,base,,
E-PHONE-CASE-GREEN,base,,
E-PHONE-CASE,base,Default Category,Electronics/Accessories
E-SCREEN-CLEAN,base,Default Category,Electronics/Accessories
E-DESK-KIT,base,Default Category,Electronics/Accessories
,,Default Category,Electronics/Computing
E-TRAVEL-KIT,base,Default Category,Electronics/Accessories
F-OLIVE-OIL-500-G,base,,
F-OLIVE-OIL-1-KG,base,,
F-OLIVE-OIL,base,Default Category,Food/Pantry
F-BRONZE-PASTA-500-G,base,,
F-BRONZE-PASTA-1-KG,base,,
F-BRONZE-PASTA,base,Default Category,Food/Pantry
F-SPAGHETTI,base,Default Category,Food/Pantry
F-APRICOT-JAM,base,Default Category,Food/Pantry
F-FIG-JAM,base,Default Category,Food/Pantry
F-HONEY-250-G,base,,
F-HONEY-500-G,base,,
F-HONEY,base,Default Category,Food/Pantry
F-TOMATO-PASSATA,base,Default Category,Food/Pantry
F-SEA-SALT,base,Default Category,Food/Pantry
F-SOURDOUGH,base,Default Category,Food/Bakery
F-BAGUETTE,base,Default Category,Food/Bakery
F-FOCACCIA,base,Default Category,Food/Bakery
F-CROISSANT,base,Default Category,Food/Bakery
F-RYE-LOAF,base,Default Category,Food/Bakery
F-GF-LOAF,base,Default Category,Food/Bakery
F-CINNAMON-BUN,base,Default Category,Food/Bakery
F-AGED-CHEDDAR-250-G,base,,
F-AGED-CHEDDAR-500-G,base,,
F-AGED-CHEDDAR,base,Default Category,Food/Cheese & Charcuterie
F-MANCHEGO,base,Default Category,Food/Cheese & Charcuterie
F-BRIE,base,Default Category,Food/Cheese & Charcuterie
F-PECORINO,base,Default Category,Food/Cheese & Charcuterie
F-JAMON,base,Default Category,Food/Cheese & Charcuterie
F-SALAMI,base,Default Category,Food/Cheese & Charcuterie
F-CHORIZO,base,Default Category,Food/Cheese & Charcuterie
F-OLIVES,base,Default Category,Food/Cheese & Charcuterie
,,Default Category,Food/Pantry
F-ESPRESSO-250-G,base,,
F-ESPRESSO-500-G,base,,
F-ESPRESSO-1-KG,base,,
F-ESPRESSO,base,Default Category,Food/Coffee & Tea
F-ETHIOPIA-250-G,base,,
F-ETHIOPIA-500-G,base,,
F-ETHIOPIA,base,Default Category,Food/Coffee & Tea
F-DECAF,base,Default Category,Food/Coffee & Tea
F-EARL-GREY,base,Default Category,Food/Coffee & Tea
F-GREEN-TEA,base,Default Category,Food/Coffee & Tea
F-CHAMOMILE,base,Default Category,Food/Coffee & Tea
F-HOT-CHOC,base,Default Category,Food/Coffee & Tea
F-APPLE-JUICE,base,Default Category,Food/Drinks
F-LEMONADE-500-G,base,,
F-LEMONADE-6-PACK,base,,
F-LEMONADE,base,Default Category,Food/Drinks
F-GINGER-BEER-500-G,base,,
F-GINGER-BEER-6-PACK,base,,
F-GINGER-BEER,base,Default Category,Food/Drinks
F-KOMBUCHA,base,Default Category,Food/Drinks
F-RED-WINE,base,Default Category,Food/Drinks
F-WHITE-WINE,base,Default Category,Food/Drinks
F-VERMOUTH,base,Default Category,Food/Drinks
F-OIL-VINEGAR-SET,base,Default Category,Food/Gift Boxes
F-BALSAMIC,base,Default Category,Food/Pantry
,,Default Category,Food/Gift Boxes
F-BREAKFAST-BOX,base,Default Category,Food/Gift Boxes
F-CHEESE-BOX,base,Default Category,Food/Gift Boxes
F-APERITIVO-BOX,base,Default Category,Food/Gift Boxes
F-TARALLI,base,Default Category,Food/Pantry
F-ALMONDS,base,Default Category,Food/Pantry
F-DARK-CHOC,base,Default Category,Food/Pantry
F-GRANOLA,base,Default Category,Food/Pantry
,,Default Category,Food/Bakery
B-SALT-HOUSES-HARDCOVER,base,,
B-SALT-HOUSES-PAPERBACK,base,,
B-SALT-HOUSES-E-BOOK,base,,
B-SALT-HOUSES,base,Default Category,Books/Fiction
B-LAST-ORCHARD-HARDCOVER,base,,
B-LAST-ORCHARD-PAPERBACK,base,,
B-LAST-ORCHARD,base,Default Category,Books/Fiction
B-QUIET-ROOMS,base,Default Category,Books/Fiction
B-NORTH-LIGHT-HARDCOVER,base,,
B-NORTH-LIGHT-PAPERBACK,base,,
B-NORTH-LIGHT,base,Default Category,Books/Fiction
B-PAPER-BIRDS,base,Default Category,Books/Fiction
B-SUMMER-HOUSE,base,Default Category,Books/Fiction
,,Default Category,Books/Crime & Thrillers
B-COLD-HARBOUR-PAPERBACK,base,,
B-COLD-HARBOUR-AUDIOBOOK,base,,
B-COLD-HARBOUR-E-BOOK,base,,
B-COLD-HARBOUR,base,Default Category,Books/Crime & Thrillers
B-LONG-TIDE-PAPERBACK,base,,
B-LONG-TIDE-AUDIOBOOK,base,,
B-LONG-TIDE,base,Default Category,Books/Crime & Thrillers
B-CLEAN-BREAK,base,Default Category,Books/Crime & Thrillers
B-MIDNIGHT-TRAIN,base,Default Category,Books/Crime & Thrillers
B-WITNESS,base,Default Category,Books/Crime & Thrillers
B-SMALL-THINGS-HARDCOVER,base,,
B-SMALL-THINGS-PAPERBACK,base,,
B-SMALL-THINGS-E-BOOK,base,,
B-SMALL-THINGS,base,Default Category,Books/Science & Nature
B-DEEP-TIME-HARDCOVER,base,,
B-DEEP-TIME-PAPERBACK,base,,
B-DEEP-TIME,base,Default Category,Books/Science & Nature
,,Default Category,Books/History
B-BIRD-GUIDE,base,Default Category,Books/Science & Nature
B-NIGHT-SKY-HARDCOVER,base,,
B-NIGHT-SKY-PAPERBACK,base,,
B-NIGHT-SKY,base,Default Category,Books/Science & Nature
B-TREE-BOOK,base,Default Category,Books/Science & Nature
B-WEATHER,base,Default Category,Books/Science & Nature
B-SILK-ROAD-HARDCOVER,base,,
B-SILK-ROAD-PAPERBACK,base,,
B-SILK-ROAD-AUDIOBOOK,base,,
B-SILK-ROAD,base,Default Category,Books/History
B-CITY-WATER-HARDCOVER,base,,
B-CITY-WATER-PAPERBACK,base,,
B-CITY-WATER,base,Default Category,Books/History
B-LETTERS,base,Default Category,Books/History
B-EMPIRE-TEA,base,Default Category,Books/History
,,Default Category,Books/Cooking
B-PLAGUE-YEAR,base,Default Category,Books/History
B-WEEKNIGHT-HARDCOVER,base,,
B-WEEKNIGHT-E-BOOK,base,,
B-WEEKNIGHT,base,Default Category,Books/Cooking
B-BREAD-BOOK,base,Default Category,Books/Cooking
B-VEG-FIRST-HARDCOVER,base,,
B-VEG-FIRST-PAPERBACK,base,,
B-VEG-FIRST,base,Default Category,Books/Cooking
B-PRESERVES,base,Default Category,Books/Cooking
B-COFFEE-BOOK,base,Default Category,Books/Cooking
B-GOODNIGHT-FOX,base,Default Category,Books/Children
B-BIG-DIG,base,Default Category,Books/Children
B-SEA-ADVENTURE-PAPERBACK,base,,
B-SEA-ADVENTURE-AUDIOBOOK,base,,
B-SEA-ADVENTURE,base,Default Category,Books/Children
B-DRAGON-SCHOOL-PAPERBACK,base,,
B-DRAGON-SCHOOL-AUDIOBOOK,base,,
B-DRAGON-SCHOOL,base,Default Category,Books/Children
B-ABC-ANIMALS,base,Default Category,Books/Children
B-SPACE-KIDS,base,Default Category,Books/Children
,,Default Category,Books/Science & Nature
B-POEMS-SEA,base,Default Category,Books/Fiction
B-ATLAS-WALKS,base,Default Category,Books/Science & Nature
,,Default Category,Books/History
B-ART-COLOUR,base,Default Category,Books/History
B-CRIME-SET,base,Default Category,Books/Crime & Thrillers
B-COOK-SET,base,Default Category,Books/Cooking
B-BEDTIME-SET,base,Default Category,Books/Children
B-TOTE,base,Default Category,Books/Fiction
B-BOOKMARKS,base,Default Category,Books/Fiction
B-READING-LIGHT,base,Default Category,Books/Fiction
B-GIFT-CARD,base,Default Category,Books/Fiction
J-BAND-THIN-48,base,,
J-BAND-THIN-50,base,,
J-BAND-THIN-52,base,,
J-BAND-THIN-54,base,,
J-BAND-THIN-56,base,,
J-BAND-THIN-58,base,,
J-BAND-THIN,base,Default Category,Jewelry/Rings
J-BAND-HAMMER-48,base,,
J-BAND-HAMMER-50,base,,
J-BAND-HAMMER-52,base,,
J-BAND-HAMMER-54,base,,
J-BAND-HAMMER-56,base,,
J-BAND-HAMMER-58,base,,
J-BAND-HAMMER,base,Default Category,Jewelry/Rings
J-SIGNET-48,base,,
J-SIGNET-50,base,,
J-SIGNET-52,base,,
J-SIGNET-54,base,,
J-SIGNET-56,base,,
J-SIGNET-58,base,,
J-SIGNET,base,Default Category,Jewelry/Rings
J-MOONSTONE-RING-48,base,,
J-MOONSTONE-RING-50,base,,
J-MOONSTONE-RING-52,base,,
J-MOONSTONE-RING-54,base,,
J-MOONSTONE-RING-56,base,,
J-MOONSTONE-RING-58,base,,
J-MOONSTONE-RING,base,Default Category,Jewelry/Rings
J-SAPPHIRE-RING-48,base,,
J-SAPPHIRE-RING-50,base,,
J-SAPPHIRE-RING-52,base,,
J-SAPPHIRE-RING-54,base,,
J-SAPPHIRE-RING-56,base,,
J-SAPPHIRE-RING-58,base,,
J-SAPPHIRE-RING,base,Default Category,Jewelry/Rings
J-ONYX-RING-48,base,,
J-ONYX-RING-50,base,,
J-ONYX-RING-52,base,,
J-ONYX-RING-54,base,,
J-ONYX-RING-56,base,,
J-ONYX-RING-58,base,,
J-ONYX-RING,base,Default Category,Jewelry/Rings
J-TWIST-RING-48,base,,
J-TWIST-RING-50,base,,
J-TWIST-RING-52,base,,
J-TWIST-RING-54,base,,
J-TWIST-RING-56,base,,
J-TWIST-RING-58,base,,
J-TWIST-RING,base,Default Category,Jewelry/Rings
J-CHAIN-FINE,base,Default Category,Jewelry/Necklaces
J-PEARL-PENDANT,base,Default Category,Jewelry/Necklaces
,,Default Category,Jewelry/Gifts
J-PEARL-STRAND,base,Default Category,Jewelry/Necklaces
J-DISC-PENDANT,base,Default Category,Jewelry/Necklaces
J-BAR-NECK,base,Default Category,Jewelry/Necklaces
J-EMERALD-PENDANT,base,Default Category,Jewelry/Necklaces
J-CURB-CHAIN,base,Default Category,Jewelry/Necklaces
J-LAYER-SET,base,Default Category,Jewelry/Necklaces
,,Default Category,Jewelry/Gifts
J-HOOP-SMALL-YELLOW,base,,
J-HOOP-SMALL-SILVER,base,,
J-HOOP-SMALL-PINK,base,,
J-HOOP-SMALL,base,Default Category,Jewelry/Earrings
J-HOOP-LARGE,base,Default Category,Jewelry/Earrings
J-PEARL-STUD,base,Default Category,Jewelry/Earrings
,,Default Category,Jewelry/Gifts
J-DOT-STUD,base,Default Category,Jewelry/Earrings
J-DIAMOND-STUD,base,Default Category,Jewelry/Earrings
,,Default Category,Jewelry/Engagement
J-DROP-TOPAZ,base,Default Category,Jewelry/Earrings
J-THREADER,base,Default Category,Jewelry/Earrings
J-CUFF-HAMMER,base,Default Category,Jewelry/Bracelets
J-CHAIN-BRACELET,base,Default Category,Jewelry/Bracelets
,,Default Category,Jewelry/Gifts
J-PEARL-BRACELET,base,Default Category,Jewelry/Bracelets
J-CORD-BRACELET-RED,base,,
J-CORD-BRACELET-BLUE-DARK,base,,
J-CORD-BRACELET-GREEN,base,,
J-CORD-BRACELET,base,Default Category,Jewelry/Bracelets
,,Default Category,Jewelry/Gifts
J-BANGLE,base,Default Category,Jewelry/Bracelets
J-ID-BRACELET,base,Default Category,Jewelry/Bracelets
J-SOLITAIRE-48,base,,
J-SOLITAIRE-50,base,,
J-SOLITAIRE-52,base,,
J-SOLITAIRE-54,base,,
J-SOLITAIRE-56,base,,
J-SOLITAIRE-58,base,,
J-SOLITAIRE,base,Default Category,Jewelry/Engagement
J-HALO-48,base,,
J-HALO-50,base,,
J-HALO-52,base,,
J-HALO-54,base,,
J-HALO-56,base,,
J-HALO-58,base,,
J-HALO,base,Default Category,Jewelry/Engagement
J-SAPPHIRE-SOL-48,base,,
J-SAPPHIRE-SOL-50,base,,
J-SAPPHIRE-SOL-52,base,,
J-SAPPHIRE-SOL-54,base,,
J-SAPPHIRE-SOL-56,base,,
J-SAPPHIRE-SOL-58,base,,
J-SAPPHIRE-SOL,base,Default Category,Jewelry/Engagement
J-VINTAGE-48,base,,
J-VINTAGE-50,base,,
J-VINTAGE-52,base,,
J-VINTAGE-54,base,,
J-VINTAGE-56,base,,
J-VINTAGE-58,base,,
J-VINTAGE,base,Default Category,Jewelry/Engagement
J-WEDDING-BAND-48,base,,
J-WEDDING-BAND-50,base,,
J-WEDDING-BAND-52,base,,
J-WEDDING-BAND-54,base,,
J-WEDDING-BAND-56,base,,
J-WEDDING-BAND-58,base,,
J-WEDDING-BAND,base,Default Category,Jewelry/Engagement
,,Default Category,Jewelry/Rings
J-ETERNITY-48,base,,
J-ETERNITY-50,base,,
J-ETERNITY-52,base,,
J-ETERNITY-54,base,,
J-ETERNITY-56,base,,
J-ETERNITY-58,base,,
J-ETERNITY,base,Default Category,Jewelry/Engagement
J-PEARL-SET,base,Default Category,Jewelry/Gifts
J-STACK-SET,base,Default Category,Jewelry/Gifts
,,Default Category,Jewelry/Rings
J-RING-BOX,base,Default Category,Jewelry/Gifts
J-POLISH-CLOTH,base,Default Category,Jewelry/Gifts
J-JEWELRY-DISH,base,Default Category,Jewelry/Gifts
J-GIFT-CARD,base,Default Category,Jewelry/Gifts
G-CLEANSE-BALM-50-ML,base,,
G-CLEANSE-BALM-100-ML,base,,
G-CLEANSE-BALM,base,Default Category,Beauty/Cleansers
G-GEL-CLEANSER-100-ML,base,,
G-GEL-CLEANSER-200-ML,base,,
G-GEL-CLEANSER,base,Default Category,Beauty/Cleansers
G-CLEANSE-OIL,base,Default Category,Beauty/Cleansers
G-MICELLAR,base,Default Category,Beauty/Cleansers
G-EXFOLIANT,base,Default Category,Beauty/Cleansers
G-FACE-CLOTH,base,Default Category,Beauty/Cleansers
,,Default Category,Beauty/Sets
G-VIT-C-30-ML,base,,
G-VIT-C-50-ML,base,,
G-VIT-C,base,Default Category,Beauty/Serums
G-HA-SERUM-30-ML,base,,
G-HA-SERUM-50-ML,base,,
G-HA-SERUM,base,Default Category,Beauty/Serums
G-RETINAL,base,Default Category,Beauty/Serums
G-NIACINAMIDE,base,Default Category,Beauty/Serums
G-PEPTIDE,base,Default Category,Beauty/Serums
G-EYE-SERUM,base,Default Category,Beauty/Serums
G-DAY-CREAM-50-ML,base,,
G-DAY-CREAM-100-ML,base,,
G-DAY-CREAM,base,Default Category,Beauty/Moisturisers
G-NIGHT-CREAM-50-ML,base,,
G-NIGHT-CREAM-100-ML,base,,
G-NIGHT-CREAM,base,Default Category,Beauty/Moisturisers
G-LIGHT-LOTION,base,Default Category,Beauty/Moisturisers
G-BALM,base,Default Category,Beauty/Moisturisers
,,Default Category,Beauty/Body
G-FACE-OIL-UNSCENTED,base,,
G-FACE-OIL-NEROLI,base,,
G-FACE-OIL,base,Default Category,Beauty/Moisturisers
G-FACE-MIST,base,Default Category,Beauty/Moisturisers
G-BODY-WASH-UNSCENTED,base,,
G-BODY-WASH-FIG,base,,
G-BODY-WASH-CEDAR,base,,
G-BODY-WASH,base,Default Category,Beauty/Body
G-BODY-OIL-NEROLI,base,,
G-BODY-OIL-FIG,base,,
G-BODY-OIL,base,Default Category,Beauty/Body
G-HAND-CREAM-UNSCENTED,base,,
G-HAND-CREAM-ROSE,base,,
G-HAND-CREAM-CITRUS,base,,
G-HAND-CREAM,base,Default Category,Beauty/Body
,,Default Category,Beauty/Sets
G-BODY-CREAM,base,Default Category,Beauty/Body
G-SOAP-BAR-UNSCENTED,base,,
G-SOAP-BAR-CEDAR,base,,
G-SOAP-BAR-CITRUS,base,,
G-SOAP-BAR,base,Default Category,Beauty/Body
G-DEODORANT-UNSCENTED,base,,
G-DEODORANT-CEDAR,base,,
G-DEODORANT,base,Default Category,Beauty/Body
G-LIP-BALM,base,Default Category,Beauty/Body
,,Default Category,Beauty/Sets
G-EDP-FIG-30-ML,base,,
G-EDP-FIG-50-ML,base,,
G-EDP-FIG,base,Default Category,Beauty/Fragrance
G-EDP-NEROLI-30-ML,base,,
G-EDP-NEROLI-50-ML,base,,
G-EDP-NEROLI,base,Default Category,Beauty/Fragrance
G-EDP-CEDAR-30-ML,base,,
G-EDP-CEDAR-50-ML,base,,
G-EDP-CEDAR,base,Default Category,Beauty/Fragrance
G-SOLID-SCENT-FIG,base,,
G-SOLID-SCENT-NEROLI,base,,
G-SOLID-SCENT-CEDAR,base,,
G-SOLID-SCENT-ROSE,base,,
G-SOLID-SCENT,base,Default Category,Beauty/Fragrance
G-ROOM-MIST-FIG,base,,
G-ROOM-MIST-CITRUS,base,,
G-ROOM-MIST,base,Default Category,Beauty/Fragrance
G-CANDLE-FIG,base,,
G-CANDLE-CEDAR,base,,
G-CANDLE-ROSE,base,,
G-CANDLE,base,Default Category,Beauty/Fragrance
G-DISCOVERY,base,Default Category,Beauty/Fragrance
,,Default Category,Beauty/Sets
G-AM-ROUTINE,base,Default Category,Beauty/Sets
G-PM-ROUTINE,base,Default Category,Beauty/Sets
G-TRAVEL-KIT,base,Default Category,Beauty/Sets
G-HAND-SET,base,Default Category,Beauty/Sets
,,Default Category,Beauty/Body
G-HEADBAND,base,Default Category,Beauty/Sets
G-GUA-SHA,base,Default Category,Beauty/Sets
G-GIFT-CARD,base,Default Category,Beauty/Sets
H-DINING-TABLE-OAK,base,,
H-DINING-TABLE-WALNUT,base,,
H-DINING-TABLE,base,Default Category,Home/Furniture
,,Default Category,Home/Kitchen & Dining
H-COFFEE-TABLE-OAK,base,,
H-COFFEE-TABLE-ASH,base,,
H-COFFEE-TABLE,base,Default Category,Home/Furniture
H-SIDE-TABLE,base,Default Category,Home/Furniture
H-BOOKCASE,base,Default Category,Home/Furniture
,,Default Category,Home/Decor
H-DESK,base,Default Category,Home/Furniture
H-DINING-CHAIR-OATMEAL,base,,
H-DINING-CHAIR-BLACK,base,,
H-DINING-CHAIR,base,Default Category,Home/Furniture
,,Default Category,Home/Seating
H-BENCH,base,Default Category,Home/Furniture
H-WARDROBE,base,Default Category,Home/Furniture
H-BED-FRAME-ONE-SIZE,base,,
H-BED-FRAME,base,Default Category,Home/Furniture
,,Default Category,Home/Bedding
H-SOFA-3-OATMEAL,base,,
H-SOFA-3-GREY,base,,
H-SOFA-3-GREEN,base,,
H-SOFA-3,base,Default Category,Home/Seating
H-SOFA-2-OATMEAL,base,,
H-SOFA-2-GREY,base,,
H-SOFA-2,base,Default Category,Home/Seating
H-ARMCHAIR-IVORY,base,,
H-ARMCHAIR-CHARCOAL,base,,
H-ARMCHAIR,base,Default Category,Home/Seating
H-STOOL,base,Default Category,Home/Seating
,,Default Category,Home/Furniture
H-FLOOR-CUSHION-OATMEAL,base,,
H-FLOOR-CUSHION-GREEN,base,,
H-FLOOR-CUSHION-BLUE-DARK,base,,
H-FLOOR-CUSHION,base,Default Category,Home/Seating
,,Default Category,Home/Decor
H-OTTOMAN,base,Default Category,Home/Seating
H-LINEN-SHEETS-WHITE,base,,
H-LINEN-SHEETS-OATMEAL,base,,
H-LINEN-SHEETS-GREY,base,,
H-LINEN-SHEETS-BLUE-DARK,base,,
H-LINEN-SHEETS,base,Default Category,Home/Bedding
H-DUVET-COVER-WHITE,base,,
H-DUVET-COVER-OATMEAL,base,,
H-DUVET-COVER-GREEN,base,,
H-DUVET-COVER,base,Default Category,Home/Bedding
H-WOOL-BLANKET-GREY,base,,
H-WOOL-BLANKET-OATMEAL,base,,
H-WOOL-BLANKET-GREEN,base,,
H-WOOL-BLANKET,base,Default Category,Home/Bedding
,,Default Category,Home/Decor
H-PILLOW,base,Default Category,Home/Bedding
H-DUVET,base,Default Category,Home/Bedding
H-MATTRESS-TOPPER,base,Default Category,Home/Bedding
H-PLATES-WHITE,base,,
H-PLATES-GREY,base,,
H-PLATES-GREEN,base,,
H-PLATES,base,Default Category,Home/Kitchen & Dining
H-BOWLS-WHITE,base,,
H-BOWLS-GREY,base,,
H-BOWLS,base,Default Category,Home/Kitchen & Dining
H-MUGS,base,Default Category,Home/Kitchen & Dining
H-GLASSES,base,Default Category,Home/Kitchen & Dining
H-CARAFE,base,Default Category,Home/Kitchen & Dining
H-BOARD,base,Default Category,Home/Kitchen & Dining
H-NAPKINS-OATMEAL,base,,
H-NAPKINS-WHITE,base,,
H-NAPKINS-GREEN,base,,
H-NAPKINS,base,Default Category,Home/Kitchen & Dining
H-CUTLERY,base,Default Category,Home/Kitchen & Dining
H-PENDANT-ONE-SIZE,base,,
H-PENDANT,base,Default Category,Home/Lighting
H-TABLE-LAMP-WHITE,base,,
H-TABLE-LAMP-GREEN,base,,
H-TABLE-LAMP-CHARCOAL,base,,
H-TABLE-LAMP,base,Default Category,Home/Lighting
H-FLOOR-LAMP,base,Default Category,Home/Lighting
H-WALL-LIGHT,base,Default Category,Home/Lighting
H-RATTAN-PENDANT,base,Default Category,Home/Lighting
H-CANDLE-HOLDER,base,Default Category,Home/Lighting
,,Default Category,Home/Decor
H-VASE-WHITE,base,,
H-VASE-CHARCOAL,base,,
H-VASE-GREEN,base,,
H-VASE,base,Default Category,Home/Decor
H-MIRROR,base,Default Category,Home/Decor
,,Default Category,Home/Seating
H-BASKET,base,Default Category,Home/Decor
H-RUG-OATMEAL,base,,
H-RUG-GREY,base,,
H-RUG,base,Default Category,Home/Decor
H-CUSHION-OATMEAL,base,,
H-CUSHION-GREEN,base,,
H-CUSHION-BLUE-DARK,base,,
H-CUSHION-SALMON,base,,
H-CUSHION,base,Default Category,Home/Decor
,,Default Category,Home/Seating
H-THROW-WHITE,base,,
H-THROW-GREY,base,,
H-THROW-GREEN,base,,
H-THROW,base,Default Category,Home/Decor
,,Default Category,Home/Bedding
H-HOOKS,base,Default Category,Home/Decor
H-BATH-MAT,base,Default Category,Home/Decor
H-TABLE-SET,base,Default Category,Home/Furniture
,,Default Category,Home/Kitchen & Dining
H-BED-SET,base,Default Category,Home/Bedding
H-GIFT-CARD,base,Default Category,Home/Decor
S-ROAD-SHOE-BLUE,base,,
S-ROAD-SHOE-BLACK,base,,
S-ROAD-SHOE-ORANGE,base,,
S-ROAD-SHOE,base,Default Category,Sports/Running
S-TRAIL-SHOE-GREEN,base,,
S-TRAIL-SHOE-BLACK,base,,
S-TRAIL-SHOE,base,Default Category,Sports/Running
,,Default Category,Sports/Hiking
S-RACE-SHOE-38,base,,
S-RACE-SHOE-39,base,,
S-RACE-SHOE-40,base,,
S-RACE-SHOE-41,base,,
S-RACE-SHOE-42,base,,
S-RACE-SHOE-43,base,,
S-RACE-SHOE-44,base,,
S-RACE-SHOE-45,base,,
S-RACE-SHOE,base,Default Category,Sports/Running
S-RUN-JACKET-YELLOW,base,,
S-RUN-JACKET-BLACK,base,,
S-RUN-JACKET-BLUE,base,,
S-RUN-JACKET,base,Default Category,Sports/Running
S-RUN-SHORT-BLACK,base,,
S-RUN-SHORT-BLUE-DARK,base,,
S-RUN-SHORT-GREEN,base,,
S-RUN-SHORT,base,Default Category,Sports/Running
S-RUN-TEE-WHITE,base,,
S-RUN-TEE-BLACK,base,,
S-RUN-TEE-ORANGE,base,,
S-RUN-TEE,base,Default Category,Sports/Running
,,Default Category,Sports/Gym & Training
S-RUN-SOCKS-36,base,,
S-RUN-SOCKS-39,base,,
S-RUN-SOCKS-42,base,,
S-RUN-SOCKS-45,base,,
S-RUN-SOCKS,base,Default Category,Sports/Running
S-HEADLAMP,base,Default Category,Sports/Running
,,Default Category,Sports/Hiking
S-WATCH-STRAP,base,Default Category,Sports/Running
S-JERSEY-BLUE-DARK,base,,
S-JERSEY-RED,base,,
S-JERSEY-WHITE,base,,
S-JERSEY,base,Default Category,Sports/Cycling
S-BIB-SHORT-XS,base,,
S-BIB-SHORT-S,base,,
S-BIB-SHORT-M,base,,
S-BIB-SHORT-L,base,,
S-BIB-SHORT-XL,base,,
S-BIB-SHORT,base,Default Category,Sports/Cycling
S-HELMET-WHITE,base,,
S-HELMET-BLACK,base,,
S-HELMET-RED,base,,
S-HELMET,base,Default Category,Sports/Cycling
S-GILET-YELLOW,base,,
S-GILET-BLACK,base,,
S-GILET,base,Default Category,Sports/Cycling
S-GLOVES-S,base,,
S-GLOVES-M,base,,
S-GLOVES-L,base,,
S-GLOVES,base,Default Category,Sports/Cycling
S-BOTTLE-BLACK,base,,
S-BOTTLE-WHITE,base,,
S-BOTTLE-BLUE,base,,
S-BOTTLE,base,Default Category,Sports/Cycling
,,Default Category,Sports/Gym & Training
S-BIKE-LIGHT,base,Default Category,Sports/Cycling
S-PUMP,base,Default Category,Sports/Cycling
S-KETTLEBELL-8,base,,
S-KETTLEBELL-12,base,,
S-KETTLEBELL-16,base,,
S-KETTLEBELL-20,base,,
S-KETTLEBELL-24,base,,
S-KETTLEBELL,base,Default Category,Sports/Gym & Training
S-DUMBBELLS,base,Default Category,Sports/Gym & Training
S-BANDS,base,Default Category,Sports/Gym & Training
,,Default Category,Sports/Yoga & Recovery
S-BENCH,base,Default Category,Sports/Gym & Training
S-JUMP-ROPE,base,Default Category,Sports/Gym & Training
S-GYM-BAG-BLACK,base,,
S-GYM-BAG-GREEN,base,,
S-GYM-BAG,base,Default Category,Sports/Gym & Training
,,Default Category,Sports/Swimming
S-TRAINING-TEE-BLACK,base,,
S-TRAINING-TEE-GREY,base,,
S-TRAINING-TEE-WHITE,base,,
S-TRAINING-TEE,base,Default Category,Sports/Gym & Training
S-YOGA-MAT,base,Default Category,Sports/Yoga & Recovery
S-RUBBER-MAT-GREEN,base,,
S-RUBBER-MAT-CHARCOAL,base,,
S-RUBBER-MAT-PURPLE,base,,
S-RUBBER-MAT,base,Default Category,Sports/Yoga & Recovery
,,Default Category,Sports/Gym & Training
S-BLOCKS,base,Default Category,Sports/Yoga & Recovery
S-STRAP,base,Default Category,Sports/Yoga & Recovery
S-ROLLER,base,Default Category,Sports/Yoga & Recovery
,,Default Category,Sports/Running
S-MASSAGE-BALL,base,Default Category,Sports/Yoga & Recovery
S-HIKING-BOOT-BROWN,base,,
S-HIKING-BOOT-CHARCOAL,base,,
S-HIKING-BOOT,base,Default Category,Sports/Hiking
S-HIKING-SHOE-38,base,,
S-HIKING-SHOE-39,base,,
S-HIKING-SHOE-40,base,,
S-HIKING-SHOE-41,base,,
S-HIKING-SHOE-42,base,,
S-HIKING-SHOE-43,base,,
S-HIKING-SHOE-44,base,,
S-HIKING-SHOE-45,base,,
S-HIKING-SHOE,base,Default Category,Sports/Hiking
S-DAYPACK-GREEN,base,,
S-DAYPACK-BLUE-DARK,base,,
S-DAYPACK-ORANGE,base,,
S-DAYPACK,base,Default Category,Sports/Hiking
S-SHELL-BLUE,base,,
S-SHELL-RED,base,,
S-SHELL-BLACK,base,,
S-SHELL,base,Default Category,Sports/Hiking
,,Default Category,Sports/Cycling
S-FLEECE-GREEN,base,,
S-FLEECE-GREY,base,,
S-FLEECE-BLUE-DARK,base,,
S-FLEECE,base,Default Category,Sports/Hiking
,,Default Category,Sports/Running
S-POLES,base,Default Category,Sports/Hiking
S-HIKE-SOCKS-36,base,,
S-HIKE-SOCKS-39,base,,
S-HIKE-SOCKS-42,base,,
S-HIKE-SOCKS-45,base,,
S-HIKE-SOCKS,base,Default Category,Sports/Hiking
S-GOGGLES-BLACK,base,,
S-GOGGLES-BLUE,base,,
S-GOGGLES-SILVER,base,,
S-GOGGLES,base,Default Category,Sports/Swimming
S-SWIMSUIT-BLACK,base,,
S-SWIMSUIT-BLUE-DARK,base,,
S-SWIMSUIT,base,Default Category,Sports/Swimming
S-JAMMERS-XS,base,,
S-JAMMERS-S,base,,
S-JAMMERS-M,base,,
S-JAMMERS-L,base,,
S-JAMMERS-XL,base,,
S-JAMMERS,base,Default Category,Sports/Swimming
S-SWIM-CAP-BLACK,base,,
S-SWIM-CAP-BLUE,base,,
S-SWIM-CAP-PINK,base,,
S-SWIM-CAP,base,Default Category,Sports/Swimming
S-TOWEL-BLUE,base,,
S-TOWEL-GREY,base,,
S-TOWEL,base,Default Category,Sports/Swimming
,,Default Category,Sports/Hiking
S-TOW-FLOAT,base,Default Category,Sports/Swimming
S-HOME-GYM,base,Default Category,Sports/Gym & Training
S-RECOVERY-KIT,base,Default Category,Sports/Yoga & Recovery
,,Default Category,Sports/Running
S-GIFT-CARD,base,Default Category,Sports/Gym & Training
K-STACKER,base,Default Category,Kids/Toys
,,Default Category,Kids/Gifts
K-TRAIN,base,Default Category,Kids/Toys
K-BLOCKS,base,Default Category,Kids/Toys
K-RABBIT-GREY,base,,
K-RABBIT-PINK,base,,
K-RABBIT-OATMEAL,base,,
K-RABBIT,base,Default Category,Kids/Toys
,,Default Category,Kids/Gifts
K-PLAY-KITCHEN,base,Default Category,Kids/Toys
,,Default Category,Kids/Nursery
K-PUZZLE,base,Default Category,Kids/Toys
K-RATTLE,base,Default Category,Kids/Toys
,,Default Category,Kids/Gifts
K-DOLL,base,Default Category,Kids/Toys
K-CAR-SET,base,Default Category,Kids/Toys
K-MARBLE-RUN,base,Default Category,Kids/Toys
K-CRAFT-KIT,base,Default Category,Kids/Toys
K-BOARD-GAME,base,Default Category,Kids/Toys
K-BODYSUIT-WHITE,base,,
K-BODYSUIT-OATMEAL,base,,
K-BODYSUIT-PINK,base,,
K-BODYSUIT,base,Default Category,Kids/Clothing
K-SLEEPSUIT-62,base,,
K-SLEEPSUIT-68,base,,
K-SLEEPSUIT-74,base,,
K-SLEEPSUIT-80,base,,
K-SLEEPSUIT,base,Default Category,Kids/Clothing
K-LEGGINGS-GREY,base,,
K-LEGGINGS-GREEN,base,,
K-LEGGINGS-SALMON,base,,
K-LEGGINGS,base,Default Category,Kids/Clothing
K-TEE-BLUE,base,,
K-TEE-RED,base,,
K-TEE-GREEN,base,,
K-TEE,base,Default Category,Kids/Clothing
K-DUNGAREES-BROWN,base,,
K-DUNGAREES-GREEN,base,,
K-DUNGAREES-BLUE-DARK,base,,
K-DUNGAREES,base,Default Category,Kids/Clothing
K-CARDIGAN-OATMEAL,base,,
K-CARDIGAN-GREEN,base,,
K-CARDIGAN-PINK,base,,
K-CARDIGAN,base,Default Category,Kids/Clothing
K-DRESS-86,base,,
K-DRESS-92,base,,
K-DRESS-98,base,,
K-DRESS-104,base,,
K-DRESS,base,Default Category,Kids/Clothing
K-HOODIE-GREY,base,,
K-HOODIE-BLUE-DARK,base,,
K-HOODIE-ORANGE,base,,
K-HOODIE,base,Default Category,Kids/Clothing
K-JEANS-110,base,,
K-JEANS-116,base,,
K-JEANS-122,base,,
K-JEANS-128,base,,
K-JEANS,base,Default Category,Kids/Clothing
K-SOCKS-19,base,,
K-SOCKS-23,base,,
K-SOCKS-27,base,,
K-SOCKS-31,base,,
K-SOCKS,base,Default Category,Kids/Clothing
K-HAT-OATMEAL,base,,
K-HAT-BLUE,base,,
K-HAT-YELLOW,base,,
K-HAT,base,Default Category,Kids/Clothing
,,Default Category,Kids/Outdoor
K-BOARD-BOOK,base,Default Category,Kids/Books
,,Default Category,Kids/Gifts
K-PICTURE-BOOK,base,Default Category,Kids/Books
K-BEDTIME-BOOK,base,Default Category,Kids/Books
K-FIRST-READER,base,Default Category,Kids/Books
K-ATLAS,base,Default Category,Kids/Books
K-COT,base,Default Category,Kids/Nursery
K-CHANGING-TABLE,base,Default Category,Kids/Nursery
K-ROCKER,base,Default Category,Kids/Nursery
K-MOBILE,base,Default Category,Kids/Nursery
,,Default Category,Kids/Gifts
K-SHELF,base,Default Category,Kids/Nursery
,,Default Category,Kids/Books
K-STORAGE,base,Default Category,Kids/Nursery
K-NIGHT-LIGHT,base,Default Category,Kids/Nursery
K-MUSLINS-WHITE,base,,
K-MUSLINS-OATMEAL,base,,
K-MUSLINS-GREEN,base,,
K-MUSLINS,base,Default Category,Kids/Nursery
,,Default Category,Kids/Gifts
K-BALANCE-BIKE-RED,base,,
K-BALANCE-BIKE-GREEN,base,,
K-BALANCE-BIKE-BLUE,base,,
K-BALANCE-BIKE,base,Default Category,Kids/Outdoor
K-SCOOTER-BLUE,base,,
K-SCOOTER-PINK,base,,
K-SCOOTER-GREEN,base,,
K-SCOOTER,base,Default Category,Kids/Outdoor
K-RAIN-SUIT-YELLOW,base,,
K-RAIN-SUIT-BLUE-DARK,base,,
K-RAIN-SUIT,base,Default Category,Kids/Outdoor
,,Default Category,Kids/Clothing
K-WELLIES-YELLOW,base,,
K-WELLIES-GREEN,base,,
K-WELLIES-RED,base,,
K-WELLIES,base,Default Category,Kids/Outdoor
K-HELMET-BLUE,base,,
K-HELMET-PINK,base,,
K-HELMET-GREEN,base,,
K-HELMET,base,Default Category,Kids/Outdoor
K-SAND-SET,base,Default Category,Kids/Outdoor
K-KITE,base,Default Category,Kids/Outdoor
K-NEWBORN-BOX,base,Default Category,Kids/Gifts
K-BIRTHDAY-BOX,base,Default Category,Kids/Gifts
K-GIFT-CARD,base,Default Category,Kids/Gifts
N-MONSTERA-17-CM,base,,
N-MONSTERA-21-CM,base,,
N-MONSTERA-30-CM,base,,
N-MONSTERA,base,Default Category,Garden/Houseplants
N-FERN-12-CM,base,,
N-FERN-17-CM,base,,
N-FERN,base,Default Category,Garden/Houseplants
N-PILEA,base,Default Category,Garden/Houseplants
N-SNAKE-PLANT-12-CM,base,,
N-SNAKE-PLANT-17-CM,base,,
N-SNAKE-PLANT-21-CM,base,,
N-SNAKE-PLANT,base,Default Category,Garden/Houseplants
N-FICUS-21-CM,base,,
N-FICUS-30-CM,base,,
N-FICUS,base,Default Category,Garden/Houseplants
N-POTHOS,base,Default Category,Garden/Houseplants
N-CALATHEA,base,Default Category,Garden/Houseplants
N-OLIVE-INDOOR-17-CM,base,,
N-OLIVE-INDOOR-21-CM,base,,
N-OLIVE-INDOOR,base,Default Category,Garden/Houseplants
,,Default Category,Garden/Outdoor Plants
N-CACTUS-SET,base,Default Category,Garden/Houseplants
N-LAVENDER-9-CM,base,,
N-LAVENDER-17-CM,base,,
N-LAVENDER,base,Default Category,Garden/Outdoor Plants
N-ROSEMARY,base,Default Category,Garden/Outdoor Plants
,,Default Category,Garden/Seeds & Bulbs
N-HYDRANGEA-17-CM,base,,
N-HYDRANGEA-30-CM,base,,
N-HYDRANGEA,base,Default Category,Garden/Outdoor Plants
N-JAPANESE-MAPLE,base,Default Category,Garden/Outdoor Plants
N-GRASS,base,Default Category,Garden/Outdoor Plants
N-FERN-OUTDOOR,base,Default Category,Garden/Outdoor Plants
N-HOSTA,base,Default Category,Garden/Outdoor Plants
N-CLEMATIS,base,Default Category,Garden/Outdoor Plants
N-TOMATO-SEED,base,Default Category,Garden/Seeds & Bulbs
N-BEAN-SEED,base,Default Category,Garden/Seeds & Bulbs
N-LETTUCE-SEED,base,Default Category,Garden/Seeds & Bulbs
N-SWEET-PEA,base,Default Category,Garden/Seeds & Bulbs
N-WILDFLOWER,base,Default Category,Garden/Seeds & Bulbs
N-TULIP-BULBS-9-CM,base,,
N-TULIP-BULBS,base,Default Category,Garden/Seeds & Bulbs
N-DAFFODIL-BULBS,base,Default Category,Garden/Seeds & Bulbs
N-GARLIC,base,Default Category,Garden/Seeds & Bulbs
N-TERRACOTTA-12-CM,base,,
N-TERRACOTTA-17-CM,base,,
N-TERRACOTTA-21-CM,base,,
N-TERRACOTTA-30-CM,base,,
N-TERRACOTTA,base,Default Category,Garden/Pots & Planters
N-GLAZED-POT-GREEN,base,,
N-GLAZED-POT-WHITE,base,,
N-GLAZED-POT-BLUE,base,,
N-GLAZED-POT,base,Default Category,Garden/Pots & Planters
N-ZINC-PLANTER,base,Default Category,Garden/Pots & Planters
N-HANGING-POT,base,Default Category,Garden/Pots & Planters
N-SEED-TRAY,base,Default Category,Garden/Pots & Planters
,,Default Category,Garden/Seeds & Bulbs
N-RAISED-BED,base,Default Category,Garden/Pots & Planters
,,Default Category,Garden/Outdoor Furniture
N-COMPOST,base,Default Category,Garden/Pots & Planters
N-SPADE,base,Default Category,Garden/Tools
N-FORK,base,Default Category,Garden/Tools
N-TROWEL,base,Default Category,Garden/Tools
N-SECATEURS,base,Default Category,Garden/Tools
N-WATERING-CAN-SILVER,base,,
N-WATERING-CAN-GREEN,base,,
N-WATERING-CAN,base,Default Category,Garden/Tools
N-GLOVES-S,base,,
N-GLOVES-M,base,,
N-GLOVES-L,base,,
N-GLOVES,base,Default Category,Garden/Tools
N-HOE,base,Default Category,Garden/Tools
N-KNEELER,base,Default Category,Garden/Tools
N-TOOL-SET,base,Default Category,Garden/Tools
N-BENCH,base,Default Category,Garden/Outdoor Furniture
N-BISTRO-SET-GREEN,base,,
N-BISTRO-SET-BLACK,base,,
N-BISTRO-SET-WHITE,base,,
N-BISTRO-SET,base,Default Category,Garden/Outdoor Furniture
N-DECK-CHAIR,base,Default Category,Garden/Outdoor Furniture
N-PARASOL-OATMEAL,base,,
N-PARASOL-GREEN,base,,
N-PARASOL,base,Default Category,Garden/Outdoor Furniture
N-FIRE-BOWL,base,Default Category,Garden/Outdoor Furniture
N-POTTING-BENCH,base,Default Category,Garden/Outdoor Furniture
,,Default Category,Garden/Tools
N-STARTER-KIT,base,Default Category,Garden/Seeds & Bulbs
,,Default Category,Garden/Tools
N-SHADE-SET,base,Default Category,Garden/Outdoor Plants
N-GIFT-CARD,base,Default Category,Garden/Pots & Planters
