sku,_attribute_set,_type,_product_websites,_root_category,_category,name,price,special_price,status,visibility,tax_class_id,weight,description,short_description,qty,is_in_stock,age_range,size,color,material,_media_image,image,small_image,thumbnail,url_key,_super_products_sku,_super_attribute_code,_super_attribute_option,_associated_sku,_associated_default_qty,_associated_position
K-STACKER,Kids,simple,kids,Kids,Toys,Rainbow stacker,28,,1,4,2,0.5,"Seven beech rings on a peg, painted with water-based colour. The rings are large enough for small hands and the peg is rounded. From twelve months.","Seven beech rings on a peg, painted with water-based colour.",43,1,1 to 3,,Red,Oak,k-stacker.webp,k-stacker.webp,k-stacker.webp,k-stacker.webp,rainbow-stacker,,,,,,
,,,,Kids,Gifts,,,,,,,,,,,,,,,,,,,,,,,,,,
K-TRAIN,Kids,simple,kids,Kids,Toys,Wooden train set,65,,1,4,2,0.5,A 30-piece beech track with a three-car train and a bridge. The track fits the pieces of other wooden sets. From three years.,A 30-piece beech track with a three-car train and a bridge.,44,1,3 to 5,,Brown,Oak,k-train.webp,k-train.webp,k-train.webp,k-train.webp,wooden-train-set,,,,,,
K-BLOCKS,Kids,simple,kids,Kids,Toys,"Building blocks, 50 pieces",45,,1,4,2,0.5,"Fifty maple blocks in a cotton bag. Cubes, arches, triangles and planks, sanded smooth and left unpainted. From eighteen months.",Fifty maple blocks in a cotton bag.,51,1,1 to 3,,Oatmeal,Oak,k-blocks.webp,k-blocks.webp,k-blocks.webp,k-blocks.webp,building-blocks-50-pieces,,,,,,
K-RABBIT-GREY,Kids,simple,kids,Kids,,Felt rabbit Grey,24,,1,1,2,0.5,"A hand-sewn wool felt rabbit, 25 cm, with a linen dress. Filled with wool, so it is soft and light. Hand wash and it keeps its shape.","A hand-sewn wool felt rabbit, 25 cm, with a linen dress.",9,1,0 to 1,,Grey,Wool,k-rabbit-grey.webp,k-rabbit-grey.webp,k-rabbit-grey.webp,k-rabbit-grey.webp,felt-rabbit-grey,,,,,,
K-RABBIT-PINK,Kids,simple,kids,Kids,,Felt rabbit Pink,24,,1,1,2,0.5,"A hand-sewn wool felt rabbit, 25 cm, with a linen dress. Filled with wool, so it is soft and light. Hand wash and it keeps its shape.","A hand-sewn wool felt rabbit, 25 cm, with a linen dress.",20,1,0 to 1,,Pink,Wool,k-rabbit-pink.webp,k-rabbit-pink.webp,k-rabbit-pink.webp,k-rabbit-pink.webp,felt-rabbit-pink,,,,,,
K-RABBIT-OATMEAL,Kids,simple,kids,Kids,,Felt rabbit Oatmeal,24,,1,1,2,0.5,"A hand-sewn wool felt rabbit, 25 cm, with a linen dress. Filled with wool, so it is soft and light. Hand wash and it keeps its shape.","A hand-sewn wool felt rabbit, 25 cm, with a linen dress.",46,1,0 to 1,,Oatmeal,Wool,k-rabbit-oatmeal.webp,k-rabbit-oatmeal.webp,k-rabbit-oatmeal.webp,k-rabbit-oatmeal.webp,felt-rabbit-oatmeal,,,,,,
K-RABBIT,Kids,configurable,kids,Kids,Toys,Felt rabbit,24,,1,4,2,0.5,"A hand-sewn wool felt rabbit, 25 cm, with a linen dress. Filled with wool, so it is soft and light. Hand wash and it keeps its shape.","A hand-sewn wool felt rabbit, 25 cm, with a linen dress.",0,1,0 to 1,,,Wool,k-rabbit-grey.webp,k-rabbit-grey.webp,k-rabbit-grey.webp,k-rabbit-grey.webp,felt-rabbit,K-RABBIT-GREY,color,Grey,,,
,,,,,,,,,,,,,,,,,,,,,,,,,,K-RABBIT-PINK,color,Pink,,,
,,,,,,,,,,,,,,,,,,,,,,,,,,K-RABBIT-OATMEAL,color,Oatmeal,,,
,,,,Kids,Gifts,,,,,,,,,,,,,,,,,,,,,,,,,,
K-PLAY-KITCHEN,Kids,simple,kids,Kids,Toys,Play kitchen,180,,1,4,2,0.5,"A birch play kitchen with a working tap sound and a chalkboard. Solid birch with two hobs, an oven door and a shelf for pans. Assembly takes twenty minutes.",A birch play kitchen with a working tap sound and a chalkboard.,48,1,3 to 5,,White,Oak,k-play-kitchen.webp,k-play-kitchen.webp,k-play-kitchen.webp,k-play-kitchen.webp,play-kitchen,,,,,,
,,,,Kids,Nursery,,,,,,,,,,,,,,,,,,,,,,,,,,
K-PUZZLE,Kids,simple,kids,Kids,Toys,Animal puzzle,18,,1,4,2,0.5,A nine-piece chunky wooden puzzle of farm animals. Thick pieces with a knob for small fingers. From eighteen months.,A nine-piece chunky wooden puzzle of farm animals.,28,1,1 to 3,,Green,Oak,k-puzzle.webp,k-puzzle.webp,k-puzzle.webp,k-puzzle.webp,animal-puzzle,,,,,,
K-RATTLE,Kids,simple,kids,Kids,Toys,Beech rattle,12,,1,4,2,0.5,A ring rattle in oiled beech with a bell inside. Oiled beech with no paint and a bell that cannot come out. From birth.,A ring rattle in oiled beech with a bell inside.,40,1,0 to 1,,Oatmeal,Oak,k-rattle.webp,k-rattle.webp,k-rattle.webp,k-rattle.webp,beech-rattle,,,,,,
,,,,Kids,Gifts,,,,,,,,,,,,,,,,,,,,,,,,,,
K-DOLL,Kids,simple,kids,Kids,Toys,Cotton doll,34,,1,4,2,0.5,"A 35 cm soft doll in organic cotton with a removable dress. Washable at thirty degrees, hair and all. The dress comes off and goes back on.",A 35 cm soft doll in organic cotton with a removable dress.,37,1,1 to 3,,Pink,Cotton,k-doll.webp,k-doll.webp,k-doll.webp,k-doll.webp,cotton-doll,,,,,,
K-CAR-SET,Kids,simple,kids,Kids,Toys,"Wooden cars, set of 3",22,,1,4,2,0.5,"Three small cars in maple with rubber wheels. Small enough for a pocket, quiet enough for a wooden floor. From eighteen months.",Three small cars in maple with rubber wheels.,58,1,1 to 3,,Blue,Oak,k-car-set.webp,k-car-set.webp,k-car-set.webp,k-car-set.webp,wooden-cars-set-of-3,,,,,,
K-MARBLE-RUN,Kids,simple,kids,Kids,Toys,Marble run,55,,1,4,2,0.5,"A 40-piece wooden marble run with glass marbles. The pieces stack in any order, so every run is different. From four years.",A 40-piece wooden marble run with glass marbles.,11,1,5 to 8,,Oatmeal,Oak,k-marble-run.webp,k-marble-run.webp,k-marble-run.webp,k-marble-run.webp,marble-run,,,,,,
K-CRAFT-KIT,Kids,simple,kids,Kids,Toys,Craft box,26,,1,4,2,0.5,"Paper, wool, glue and thirty ideas. Enough material for thirty afternoons, with the ideas on cards. From four years.","Paper, wool, glue and thirty ideas.",37,1,5 to 8,,Yellow,Cotton,k-craft-kit.webp,k-craft-kit.webp,k-craft-kit.webp,k-craft-kit.webp,craft-box,,,,,,
K-BOARD-GAME,Kids,simple,kids,Kids,Toys,Forest board game,30,,1,4,2,0.5,"A cooperative game for ages five and up, twenty minutes a round. Players work together to get the animals home before nightfall. Two to four players.","A cooperative game for ages five and up, twenty minutes a round.",34,1,5 to 8,,Green,Oak,k-board-game.webp,k-board-game.webp,k-board-game.webp,k-board-game.webp,forest-board-game,,,,,,
K-BODYSUIT-WHITE,Kids,simple,kids,Kids,,"Bodysuits, 3 pack White",28,,1,1,2,0.5,"Three long-sleeve bodysuits in organic cotton with envelope necks. Poppers at the crotch, an envelope neck for easy changes. From newborn to twenty-four months.",Three long-sleeve bodysuits in organic cotton with envelope necks.,50,1,0 to 1,,White,Cotton,k-bodysuit-white.webp,k-bodysuit-white.webp,k-bodysuit-white.webp,k-bodysuit-white.webp,bodysuits-3-pack-white,,,,,,
K-BODYSUIT-OATMEAL,Kids,simple,kids,Kids,,"Bodysuits, 3 pack Oatmeal",28,,1,1,2,0.5,"Three long-sleeve bodysuits in organic cotton with envelope necks. Poppers at the crotch, an envelope neck for easy changes. From newborn to twenty-four months.",Three long-sleeve bodysuits in organic cotton with envelope necks.,35,1,0 to 1,,Oatmeal,Cotton,k-bodysuit-oatmeal.webp,k-bodysuit-oatmeal.webp,k-bodysuit-oatmeal.webp,k-bodysuit-oatmeal.webp,bodysuits-3-pack-oatmeal,,,,,,
K-BODYSUIT-PINK,Kids,simple,kids,Kids,,"Bodysuits, 3 pack Pink",28,,1,1,2,0.5,"Three long-sleeve bodysuits in organic cotton with envelope necks. Poppers at the crotch, an envelope neck for easy changes. From newborn to twenty-four months.",Three long-sleeve bodysuits in organic cotton with envelope necks.,21,1,0 to 1,,Pink,Cotton,k-bodysuit-pink.webp,k-bodysuit-pink.webp,k-bodysuit-pink.webp,k-bodysuit-pink.webp,bodysuits-3-pack-pink,,,,,,
K-BODYSUIT,Kids,configurable,kids,Kids,Clothing,"Bodysuits, 3 pack",28,,1,4,2,0.5,"Three long-sleeve bodysuits in organic cotton with envelope necks. Poppers at the crotch, an envelope neck for easy changes. From newborn to twenty-four months.",Three long-sleeve bodysuits in organic cotton with envelope necks.,0,1,0 to 1,,,Cotton,k-bodysuit-white.webp,k-bodysuit-white.webp,k-bodysuit-white.webp,k-bodysuit-white.webp,bodysuits-3-pack,K-BODYSUIT-WHITE,color,White,,,
,,,,,,,,,,,,,,,,,,,,,,,,,,K-BODYSUIT-OATMEAL,color,Oatmeal,,,
,,,,,,,,,,,,,,,,,,,,,,,,,,K-BODYSUIT-PINK,color,Pink,,,
K-SLEEPSUIT-62,Kids,simple,kids,Kids,,Sleepsuit 62,22,,1,1,2,0.5,"A footed sleepsuit with a two-way zip. The zip runs from the foot, so a night change does not wake the top half. From newborn to two years.",A footed sleepsuit with a two-way zip.,20,1,0 to 1,62,Blue Light,Cotton,k-sleepsuit.webp,k-sleepsuit.webp,k-sleepsuit.webp,k-sleepsuit.webp,sleepsuit-62,,,,,,
K-SLEEPSUIT-68,Kids,simple,kids,Kids,,Sleepsuit 68,22,,1,1,2,0.5,"A footed sleepsuit with a two-way zip. The zip runs from the foot, so a night change does not wake the top half. From newborn to two years.",A footed sleepsuit with a two-way zip.,29,1,0 to 1,68,Blue Light,Cotton,k-sleepsuit.webp,k-sleepsuit.webp,k-sleepsuit.webp,k-sleepsuit.webp,sleepsuit-68,,,,,,
K-SLEEPSUIT-74,Kids,simple,kids,Kids,,Sleepsuit 74,22,,1,1,2,0.5,"A footed sleepsuit with a two-way zip. The zip runs from the foot, so a night change does not wake the top half. From newborn to two years.",A footed sleepsuit with a two-way zip.,42,1,0 to 1,74,Blue Light,Cotton,k-sleepsuit.webp,k-sleepsuit.webp,k-sleepsuit.webp,k-sleepsuit.webp,sleepsuit-74,,,,,,
K-SLEEPSUIT-80,Kids,simple,kids,Kids,,Sleepsuit 80,22,,1,1,2,0.5,"A footed sleepsuit with a two-way zip. The zip runs from the foot, so a night change does not wake the top half. From newborn to two years.",A footed sleepsuit with a two-way zip.,41,1,0 to 1,80,Blue Light,Cotton,k-sleepsuit.webp,k-sleepsuit.webp,k-sleepsuit.webp,k-sleepsuit.webp,sleepsuit-80,,,,,,
K-SLEEPSUIT,Kids,configurable,kids,Kids,Clothing,Sleepsuit,22,,1,4,2,0.5,"A footed sleepsuit with a two-way zip. The zip runs from the foot, so a night change does not wake the top half. From newborn to two years.",A footed sleepsuit with a two-way zip.,0,1,0 to 1,,Blue Light,Cotton,k-sleepsuit.webp,k-sleepsuit.webp,k-sleepsuit.webp,k-sleepsuit.webp,sleepsuit,K-SLEEPSUIT-62,size,62,,,
,,,,,,,,,,,,,,,,,,,,,,,,,,K-SLEEPSUIT-68,size,68,,,
,,,,,,,,,,,,,,,,,,,,,,,,,,K-SLEEPSUIT-74,size,74,,,
,,,,,,,,,,,,,,,,,,,,,,,,,,K-SLEEPSUIT-80,size,80,,,
K-LEGGINGS-GREY,Kids,simple,kids,Kids,,"Leggings, 2 pack Grey",20,,1,1,2,0.5,Two pairs of soft leggings with a wide waistband. Soft organic cotton with a little stretch and no labels inside. From six months to six years.,Two pairs of soft leggings with a wide waistband.,38,1,1 to 3,,Grey,Cotton,k-leggings-grey.webp,k-leggings-grey.webp,k-leggings-grey.webp,k-leggings-grey.webp,leggings-2-pack-grey,,,,,,
K-LEGGINGS-GREEN,Kids,simple,kids,Kids,,"Leggings, 2 pack Green",20,,1,1,2,0.5,Two pairs of soft leggings with a wide waistband. Soft organic cotton with a little stretch and no labels inside. From six months to six years.,Two pairs of soft leggings with a wide waistband.,19,1,1 to 3,,Green,Cotton,k-leggings-green.webp,k-leggings-green.webp,k-leggings-green.webp,k-leggings-green.webp,leggings-2-pack-green,,,,,,
K-LEGGINGS-SALMON,Kids,simple,kids,Kids,,"Leggings, 2 pack Salmon",20,,1,1,2,0.5,Two pairs of soft leggings with a wide waistband. Soft organic cotton with a little stretch and no labels inside. From six months to six years.,Two pairs of soft leggings with a wide waistband.,56,1,1 to 3,,Salmon,Cotton,k-leggings-salmon.webp,k-leggings-salmon.webp,k-leggings-salmon.webp,k-leggings-salmon.webp,leggings-2-pack-salmon,,,,,,
K-LEGGINGS,Kids,configurable,kids,Kids,Clothing,"Leggings, 2 pack",20,,1,4,2,0.5,Two pairs of soft leggings with a wide waistband. Soft organic cotton with a little stretch and no labels inside. From six months to six years.,Two pairs of soft leggings with a wide waistband.,0,1,1 to 3,,,Cotton,k-leggings-grey.webp,k-leggings-grey.webp,k-leggings-grey.webp,k-leggings-grey.webp,leggings-2-pack,K-LEGGINGS-GREY,color,Grey,,,
,,,,,,,,,,,,,,,,,,,,,,,,,,K-LEGGINGS-GREEN,color,Green,,,
,,,,,,,,,,,,,,,,,,,,,,,,,,K-LEGGINGS-SALMON,color,Salmon,,,
K-TEE-BLUE,Kids,simple,kids,Kids,,Striped tee Blue,15,,1,1,2,0.5,A breton stripe tee in organic cotton. A boat neck that goes over the head without a fight. From six months to eight years.,A breton stripe tee in organic cotton.,36,1,3 to 5,,Blue,Cotton,k-tee-blue.webp,k-tee-blue.webp,k-tee-blue.webp,k-tee-blue.webp,striped-tee-blue,,,,,,
K-TEE-RED,Kids,simple,kids,Kids,,Striped tee Red,15,,1,1,2,0.5,A breton stripe tee in organic cotton. A boat neck that goes over the head without a fight. From six months to eight years.,A breton stripe tee in organic cotton.,28,1,3 to 5,,Red,Cotton,k-tee-red.webp,k-tee-red.webp,k-tee-red.webp,k-tee-red.webp,striped-tee-red,,,,,,
K-TEE-GREEN,Kids,simple,kids,Kids,,Striped tee Green,15,,1,1,2,0.5,A breton stripe tee in organic cotton. A boat neck that goes over the head without a fight. From six months to eight years.,A breton stripe tee in organic cotton.,45,1,3 to 5,,Green,Cotton,k-tee-green.webp,k-tee-green.webp,k-tee-green.webp,k-tee-green.webp,striped-tee-green,,,,,,
K-TEE,Kids,configurable,kids,Kids,Clothing,Striped tee,15,,1,4,2,0.5,A breton stripe tee in organic cotton. A boat neck that goes over the head without a fight. From six months to eight years.,A breton stripe tee in organic cotton.,0,1,3 to 5,,,Cotton,k-tee-blue.webp,k-tee-blue.webp,k-tee-blue.webp,k-tee-blue.webp,striped-tee,K-TEE-BLUE,color,Blue,,,
,,,,,,,,,,,,,,,,,,,,,,,,,,K-TEE-RED,color,Red,,,
,,,,,,,,,,,,,,,,,,,,,,,,,,K-TEE-GREEN,color,Green,,,
K-DUNGAREES-BROWN,Kids,simple,kids,Kids,,Cord dungarees Brown,38,,1,1,2,0.5,"Corduroy dungarees with adjustable straps and knee patches. Poppers at the legs for the first year, buttons on the straps later. From six months to five years.",Corduroy dungarees with adjustable straps and knee patches.,47,1,1 to 3,,Brown,Cotton,k-dungarees-brown.webp,k-dungarees-brown.webp,k-dungarees-brown.webp,k-dungarees-brown.webp,cord-dungarees-brown,,,,,,
K-DUNGAREES-GREEN,Kids,simple,kids,Kids,,Cord dungarees Green,38,,1,1,2,0.5,"Corduroy dungarees with adjustable straps and knee patches. Poppers at the legs for the first year, buttons on the straps later. From six months to five years.",Corduroy dungarees with adjustable straps and knee patches.,36,1,1 to 3,,Green,Cotton,k-dungarees-green.webp,k-dungarees-green.webp,k-dungarees-green.webp,k-dungarees-green.webp,cord-dungarees-green,,,,,,
K-DUNGAREES-BLUE-DARK,Kids,simple,kids,Kids,,Cord dungarees Blue Dark,38,,1,1,2,0.5,"Corduroy dungarees with adjustable straps and knee patches. Poppers at the legs for the first year, buttons on the straps later. From six months to five years.",Corduroy dungarees with adjustable straps and knee patches.,48,1,1 to 3,,Blue Dark,Cotton,k-dungarees-blue-dark.webp,k-dungarees-blue-dark.webp,k-dungarees-blue-dark.webp,k-dungarees-blue-dark.webp,cord-dungarees-blue-dark,,,,,,
K-DUNGAREES,Kids,configurable,kids,Kids,Clothing,Cord dungarees,38,,1,4,2,0.5,"Corduroy dungarees with adjustable straps and knee patches. Poppers at the legs for the first year, buttons on the straps later. From six months to five years.",Corduroy dungarees with adjustable straps and knee patches.,0,1,1 to 3,,,Cotton,k-dungarees-brown.webp,k-dungarees-brown.webp,k-dungarees-brown.webp,k-dungarees-brown.webp,cord-dungarees,K-DUNGAREES-BROWN,color,Brown,,,
,,,,,,,,,,,,,,,,,,,,,,,,,,K-DUNGAREES-GREEN,color,Green,,,
,,,,,,,,,,,,,,,,,,,,,,,,,,K-DUNGAREES-BLUE-DARK,color,Blue Dark,,,
K-CARDIGAN-OATMEAL,Kids,simple,kids,Kids,,Knit cardigan Oatmeal,34,,1,1,2,0.5,A merino cardigan with wooden buttons. Soft merino that washes at thirty degrees. From newborn to six years.,A merino cardigan with wooden buttons.,59,1,1 to 3,,Oatmeal,Wool,k-cardigan-oatmeal.webp,k-cardigan-oatmeal.webp,k-cardigan-oatmeal.webp,k-cardigan-oatmeal.webp,knit-cardigan-oatmeal,,,,,,
K-CARDIGAN-GREEN,Kids,simple,kids,Kids,,Knit cardigan Green,34,,1,1,2,0.5,A merino cardigan with wooden buttons. Soft merino that washes at thirty degrees. From newborn to six years.,A merino cardigan with wooden buttons.,23,1,1 to 3,,Green,Wool,k-cardigan-green.webp,k-cardigan-green.webp,k-cardigan-green.webp,k-cardigan-green.webp,knit-cardigan-green,,,,,,
K-CARDIGAN-PINK,Kids,simple,kids,Kids,,Knit cardigan Pink,34,,1,1,2,0.5,A merino cardigan with wooden buttons. Soft merino that washes at thirty degrees. From newborn to six years.,A merino cardigan with wooden buttons.,37,1,1 to 3,,Pink,Wool,k-cardigan-pink.webp,k-cardigan-pink.webp,k-cardigan-pink.webp,k-cardigan-pink.webp,knit-cardigan-pink,,,,,,
K-CARDIGAN,Kids,configurable,kids,Kids,Clothing,Knit cardigan,34,,1,4,2,0.5,A merino cardigan with wooden buttons. Soft merino that washes at thirty degrees. From newborn to six years.,A merino cardigan with wooden buttons.,0,1,1 to 3,,,Wool,k-cardigan-oatmeal.webp,k-cardigan-oatmeal.webp,k-cardigan-oatmeal.webp,k-cardigan-oatmeal.webp,knit-cardigan,K-CARDIGAN-OATMEAL,color,Oatmeal,,,
,,,,,,,,,,,,,,,,,,,,,,,,,,K-CARDIGAN-GREEN,color,Green,,,
,,,,,,,,,,,,,,,,,,,,,,,,,,K-CARDIGAN-PINK,color,Pink,,,
K-DRESS-86,Kids,simple,kids,Kids,,Cotton dress 86,30,,1,1,2,0.5,A pinafore dress in printed organic cotton. A pinafore that layers over a tee in winter and stands alone in summer. From one to eight years.,A pinafore dress in printed organic cotton.,48,1,3 to 5,86,Yellow,Cotton,k-dress.webp,k-dress.webp,k-dress.webp,k-dress.webp,cotton-dress-86,,,,,,
K-DRESS-92,Kids,simple,kids,Kids,,Cotton dress 92,30,,1,1,2,0.5,A pinafore dress in printed organic cotton. A pinafore that layers over a tee in winter and stands alone in summer. From one to eight years.,A pinafore dress in printed organic cotton.,57,1,3 to 5,92,Yellow,Cotton,k-dress.webp,k-dress.webp,k-dress.webp,k-dress.webp,cotton-dress-92,,,,,,
K-DRESS-98,Kids,simple,kids,Kids,,Cotton dress 98,30,,1,1,2,0.5,A pinafore dress in printed organic cotton. A pinafore that layers over a tee in winter and stands alone in summer. From one to eight years.,A pinafore dress in printed organic cotton.,28,1,3 to 5,98,Yellow,Cotton,k-dress.webp,k-dress.webp,k-dress.webp,k-dress.webp,cotton-dress-98,,,,,,
K-DRESS-104,Kids,simple,kids,Kids,,Cotton dress 104,30,,1,1,2,0.5,A pinafore dress in printed organic cotton. A pinafore that layers over a tee in winter and stands alone in summer. From one to eight years.,A pinafore dress in printed organic cotton.,26,1,3 to 5,104,Yellow,Cotton,k-dress.webp,k-dress.webp,k-dress.webp,k-dress.webp,cotton-dress-104,,,,,,
K-DRESS,Kids,configurable,kids,Kids,Clothing,Cotton dress,30,,1,4,2,0.5,A pinafore dress in printed organic cotton. A pinafore that layers over a tee in winter and stands alone in summer. From one to eight years.,A pinafore dress in printed organic cotton.,0,1,3 to 5,,Yellow,Cotton,k-dress.webp,k-dress.webp,k-dress.webp,k-dress.webp,cotton-dress,K-DRESS-86,size,86,,,
,,,,,,,,,,,,,,,,,,,,,,,,,,K-DRESS-92,size,92,,,
,,,,,,,,,,,,,,,,,,,,,,,,,,K-DRESS-98,size,98,,,
,,,,,,,,,,,,,,,,,,,,,,,,,,K-DRESS-104,size,104,,,
K-HOODIE-GREY,Kids,simple,kids,Kids,,Hoodie Grey,32,,1,1,2,0.5,"A brushed cotton hoodie with a kangaroo pocket. Brushed inside, with a hood that stays up. From two to ten years.",A brushed cotton hoodie with a kangaroo pocket.,27,1,5 to 8,,Grey,Cotton,k-hoodie-grey.webp,k-hoodie-grey.webp,k-hoodie-grey.webp,k-hoodie-grey.webp,hoodie-grey,,,,,,
K-HOODIE-BLUE-DARK,Kids,simple,kids,Kids,,Hoodie Blue Dark,32,,1,1,2,0.5,"A brushed cotton hoodie with a kangaroo pocket. Brushed inside, with a hood that stays up. From two to ten years.",A brushed cotton hoodie with a kangaroo pocket.,57,1,5 to 8,,Blue Dark,Cotton,k-hoodie-blue-dark.webp,k-hoodie-blue-dark.webp,k-hoodie-blue-dark.webp,k-hoodie-blue-dark.webp,hoodie-blue-dark,,,,,,
K-HOODIE-ORANGE,Kids,simple,kids,Kids,,Hoodie Orange,32,,1,1,2,0.5,"A brushed cotton hoodie with a kangaroo pocket. Brushed inside, with a hood that stays up. From two to ten years.",A brushed cotton hoodie with a kangaroo pocket.,9,1,5 to 8,,Orange,Cotton,k-hoodie-orange.webp,k-hoodie-orange.webp,k-hoodie-orange.webp,k-hoodie-orange.webp,hoodie-orange,,,,,,
K-HOODIE,Kids,configurable,kids,Kids,Clothing,Hoodie,32,,1,4,2,0.5,"A brushed cotton hoodie with a kangaroo pocket. Brushed inside, with a hood that stays up. From two to ten years.",A brushed cotton hoodie with a kangaroo pocket.,0,1,5 to 8,,,Cotton,k-hoodie-grey.webp,k-hoodie-grey.webp,k-hoodie-grey.webp,k-hoodie-grey.webp,hoodie,K-HOODIE-GREY,color,Grey,,,
,,,,,,,,,,,,,,,,,,,,,,,,,,K-HOODIE-BLUE-DARK,color,Blue Dark,,,
,,,,,,,,,,,,,,,,,,,,,,,,,,K-HOODIE-ORANGE,color,Orange,,,
K-JEANS-110,Kids,simple,kids,Kids,,Soft jeans 110,28,,1,1,2,0.5,"Stretch denim with an elastic waist and no scratchy seams. Stretchy enough to climb in, soft enough to sleep in. From two to ten years.",Stretch denim with an elastic waist and no scratchy seams.,30,1,5 to 8,110,Blue Jean,Denim,k-jeans.webp,k-jeans.webp,k-jeans.webp,k-jeans.webp,soft-jeans-110,,,,,,
K-JEANS-116,Kids,simple,kids,Kids,,Soft jeans 116,28,,1,1,2,0.5,"Stretch denim with an elastic waist and no scratchy seams. Stretchy enough to climb in, soft enough to sleep in. From two to ten years.",Stretch denim with an elastic waist and no scratchy seams.,39,1,5 to 8,116,Blue Jean,Denim,k-jeans.webp,k-jeans.webp,k-jeans.webp,k-jeans.webp,soft-jeans-116,,,,,,
K-JEANS-122,Kids,simple,kids,Kids,,Soft jeans 122,28,,1,1,2,0.5,"Stretch denim with an elastic waist and no scratchy seams. Stretchy enough to climb in, soft enough to sleep in. From two to ten years.",Stretch denim with an elastic waist and no scratchy seams.,40,1,5 to 8,122,Blue Jean,Denim,k-jeans.webp,k-jeans.webp,k-jeans.webp,k-jeans.webp,soft-jeans-122,,,,,,
K-JEANS-128,Kids,simple,kids,Kids,,Soft jeans 128,28,,1,1,2,0.5,"Stretch denim with an elastic waist and no scratchy seams. Stretchy enough to climb in, soft enough to sleep in. From two to ten years.",Stretch denim with an elastic waist and no scratchy seams.,49,1,5 to 8,128,Blue Jean,Denim,k-jeans.webp,k-jeans.webp,k-jeans.webp,k-jeans.webp,soft-jeans-128,,,,,,
K-JEANS,Kids,configurable,kids,Kids,Clothing,Soft jeans,28,,1,4,2,0.5,"Stretch denim with an elastic waist and no scratchy seams. Stretchy enough to climb in, soft enough to sleep in. From two to ten years.",Stretch denim with an elastic waist and no scratchy seams.,0,1,5 to 8,,Blue Jean,Denim,k-jeans.webp,k-jeans.webp,k-jeans.webp,k-jeans.webp,soft-jeans,K-JEANS-110,size,110,,,
,,,,,,,,,,,,,,,,,,,,,,,,,,K-JEANS-116,size,116,,,
,,,,,,,,,,,,,,,,,,,,,,,,,,K-JEANS-122,size,122,,,
,,,,,,,,,,,,,,,,,,,,,,,,,,K-JEANS-128,size,128,,,
K-SOCKS-19,Kids,simple,kids,Kids,,"Socks, 5 pack 19",14,,1,1,2,0.5,Five pairs in soft cotton with a grip sole. A grip sole for wooden floors and a cuff that stays up. From six months to six years.,Five pairs in soft cotton with a grip sole.,54,1,1 to 3,19,Blue,Cotton,k-socks.webp,k-socks.webp,k-socks.webp,k-socks.webp,socks-5-pack-19,,,,,,
K-SOCKS-23,Kids,simple,kids,Kids,,"Socks, 5 pack 23",14,,1,1,2,0.5,Five pairs in soft cotton with a grip sole. A grip sole for wooden floors and a cuff that stays up. From six months to six years.,Five pairs in soft cotton with a grip sole.,22,1,1 to 3,23,Blue,Cotton,k-socks.webp,k-socks.webp,k-socks.webp,k-socks.webp,socks-5-pack-23,,,,,,
K-SOCKS-27,Kids,simple,kids,Kids,,"Socks, 5 pack 27",14,,1,1,2,0.5,Five pairs in soft cotton with a grip sole. A grip sole for wooden floors and a cuff that stays up. From six months to six years.,Five pairs in soft cotton with a grip sole.,33,1,1 to 3,27,Blue,Cotton,k-socks.webp,k-socks.webp,k-socks.webp,k-socks.webp,socks-5-pack-27,,,,,,
K-SOCKS-31,Kids,simple,kids,Kids,,"Socks, 5 pack 31",14,,1,1,2,0.5,Five pairs in soft cotton with a grip sole. A grip sole for wooden floors and a cuff that stays up. From six months to six years.,Five pairs in soft cotton with a grip sole.,12,1,1 to 3,31,Blue,Cotton,k-socks.webp,k-socks.webp,k-socks.webp,k-socks.webp,socks-5-pack-31,,,,,,
K-SOCKS,Kids,configurable,kids,Kids,Clothing,"Socks, 5 pack",14,,1,4,2,0.5,Five pairs in soft cotton with a grip sole. A grip sole for wooden floors and a cuff that stays up. From six months to six years.,Five pairs in soft cotton with a grip sole.,0,1,1 to 3,,Blue,Cotton,k-socks.webp,k-socks.webp,k-socks.webp,k-socks.webp,socks-5-pack,K-SOCKS-19,size,19,,,
,,,,,,,,,,,,,,,,,,,,,,,,,,K-SOCKS-23,size,23,,,
,,,,,,,,,,,,,,,,,,,,,,,,,,K-SOCKS-27,size,27,,,
,,,,,,,,,,,,,,,,,,,,,,,,,,K-SOCKS-31,size,31,,,
K-HAT-OATMEAL,Kids,simple,kids,Kids,,Sun hat Oatmeal,16,,1,1,2,0.5,A wide-brim cotton sun hat with a chin strap. The brim shades the neck and the strap keeps the wind from taking it. From six months to six years.,A wide-brim cotton sun hat with a chin strap.,27,1,1 to 3,,Oatmeal,Cotton,k-hat-oatmeal.webp,k-hat-oatmeal.webp,k-hat-oatmeal.webp,k-hat-oatmeal.webp,sun-hat-oatmeal,,,,,,
K-HAT-BLUE,Kids,simple,kids,Kids,,Sun hat Blue,16,,1,1,2,0.5,A wide-brim cotton sun hat with a chin strap. The brim shades the neck and the strap keeps the wind from taking it. From six months to six years.,A wide-brim cotton sun hat with a chin strap.,57,1,1 to 3,,Blue,Cotton,k-hat-blue.webp,k-hat-blue.webp,k-hat-blue.webp,k-hat-blue.webp,sun-hat-blue,,,,,,
K-HAT-YELLOW,Kids,simple,kids,Kids,,Sun hat Yellow,16,,1,1,2,0.5,A wide-brim cotton sun hat with a chin strap. The brim shades the neck and the strap keeps the wind from taking it. From six months to six years.,A wide-brim cotton sun hat with a chin strap.,27,1,1 to 3,,Yellow,Cotton,k-hat-yellow.webp,k-hat-yellow.webp,k-hat-yellow.webp,k-hat-yellow.webp,sun-hat-yellow,,,,,,
K-HAT,Kids,configurable,kids,Kids,Clothing,Sun hat,16,,1,4,2,0.5,A wide-brim cotton sun hat with a chin strap. The brim shades the neck and the strap keeps the wind from taking it. From six months to six years.,A wide-brim cotton sun hat with a chin strap.,0,1,1 to 3,,,Cotton,k-hat-oatmeal.webp,k-hat-oatmeal.webp,k-hat-oatmeal.webp,k-hat-oatmeal.webp,sun-hat,K-HAT-OATMEAL,color,Oatmeal,,,
,,,,,,,,,,,,,,,,,,,,,,,,,,K-HAT-BLUE,color,Blue,,,
,,,,,,,,,,,,,,,,,,,,,,,,,,K-HAT-YELLOW,color,Yellow,,,
,,,,Kids,Outdoor,,,,,,,,,,,,,,,,,,,,,,,,,,
K-BOARD-BOOK,Kids,simple,kids,Kids,Books,Board book set,24,,1,4,2,0.5,"Four board books about colours, animals, food and bedtime. Thick pages, rounded corners and colours that hold up to chewing. From six months.","Four board books about colours, animals, food and bedtime.",39,1,0 to 1,,Yellow,,k-board-book.webp,k-board-book.webp,k-board-book.webp,k-board-book.webp,board-book-set,,,,,,
,,,,Kids,Gifts,,,,,,,,,,,,,,,,,,,,,,,,,,
K-PICTURE-BOOK,Kids,simple,kids,Kids,Books,The Lark Who Lost Her Song,14,,1,4,2,0.5,"A picture book about a bird, a storm and the neighbour who helped. Thirty-two pages with a picture on every spread. From three years.","A picture book about a bird, a storm and the neighbour who helped.",24,1,3 to 5,,Blue Light,,k-picture-book.webp,k-picture-book.webp,k-picture-book.webp,k-picture-book.webp,the-lark-who-lost-her-song,,,,,,
K-BEDTIME-BOOK,Kids,simple,kids,Kids,Books,One Hundred Goodnights,14,,1,4,2,0.5,"A hundred one-line goodnights, one page each. One line per page, so the reading stops when the eyes close. From one year.","A hundred one-line goodnights, one page each.",60,1,1 to 3,,Blue Dark,,k-bedtime-book.webp,k-bedtime-book.webp,k-bedtime-book.webp,k-bedtime-book.webp,one-hundred-goodnights,,,,,,
K-FIRST-READER,Kids,simple,kids,Kids,Books,Otto and the Big Puddle,9,,1,4,2,0.5,"A first reader with short words and long puddles. Short chapters, big type and a joke on every page. From five years.",A first reader with short words and long puddles.,22,1,5 to 8,,Yellow,,k-first-reader.webp,k-first-reader.webp,k-first-reader.webp,k-first-reader.webp,otto-and-the-big-puddle,,,,,,
K-ATLAS,Kids,simple,kids,Kids,Books,My First Atlas,22,,1,4,2,0.5,"A large illustrated atlas with animals on every page. Every continent on a double spread, with the animals that live there. From four years.",A large illustrated atlas with animals on every page.,37,1,5 to 8,,Green,,k-atlas.webp,k-atlas.webp,k-atlas.webp,k-atlas.webp,my-first-atlas,,,,,,
K-COT,Kids,simple,kids,Kids,Nursery,Convertible cot,390,,1,4,2,0.5,"A beech cot that becomes a toddler bed, with three mattress heights. Solid beech with a mattress base at three heights. It converts with the parts in the box.","A beech cot that becomes a toddler bed, with three mattress heights.",27,1,0 to 1,,Oatmeal,Oak,k-cot.webp,k-cot.webp,k-cot.webp,k-cot.webp,convertible-cot,,,,,,
K-CHANGING-TABLE,Kids,simple,kids,Kids,Nursery,Changing table,290,,1,4,2,0.5,A changing table with two shelves that becomes a desk. The top lifts off and it becomes a desk when the nappies are done. Solid birch.,A changing table with two shelves that becomes a desk.,44,1,0 to 1,,White,Oak,k-changing-table.webp,k-changing-table.webp,k-changing-table.webp,k-changing-table.webp,changing-table,,,,,,
K-ROCKER,Kids,simple,kids,Kids,Nursery,Rocking chair,340,,1,4,2,0.5,"A nursing chair in boucle on ash rockers. Deep seat, high arms and a quiet rock. The boucle cover is removable.",A nursing chair in boucle on ash rockers.,22,1,0 to 1,,Oatmeal,Wool,k-rocker.webp,k-rocker.webp,k-rocker.webp,k-rocker.webp,rocking-chair,,,,,,
K-MOBILE,Kids,simple,kids,Kids,Nursery,Felt mobile,36,,1,4,2,0.5,"Clouds, a moon and three birds in wool felt. Wool felt shapes on a wooden arm that clips to a cot. It turns in a draught.","Clouds, a moon and three birds in wool felt.",15,1,0 to 1,,White,Wool,k-mobile.webp,k-mobile.webp,k-mobile.webp,k-mobile.webp,felt-mobile,,,,,,
,,,,Kids,Gifts,,,,,,,,,,,,,,,,,,,,,,,,,,
K-SHELF,Kids,simple,kids,Kids,Nursery,Picture book shelf,90,,1,4,2,0.5,"A front-facing shelf so covers show. Three shallow shelves show the covers, so a child can choose. Fixings for the wall are included.",A front-facing shelf so covers show.,54,1,1 to 3,,Oatmeal,Oak,k-shelf.webp,k-shelf.webp,k-shelf.webp,k-shelf.webp,picture-book-shelf,,,,,,
,,,,Kids,Books,,,,,,,,,,,,,,,,,,,,,,,,,,
K-STORAGE,Kids,simple,kids,Kids,Nursery,"Toy storage boxes, set of 3",48,,1,4,2,0.5,Three felt boxes with wooden handles. Felt boxes that fold flat and stand firm. Each one holds a season of toys.,Three felt boxes with wooden handles.,13,1,1 to 3,,Grey,Wool,k-storage.webp,k-storage.webp,k-storage.webp,k-storage.webp,toy-storage-boxes-set-of-3,,,,,,
K-NIGHT-LIGHT,Kids,simple,kids,Kids,Nursery,Rabbit night light,32,,1,4,2,0.5,"A silicone rabbit that glows warm and dims with a tap. Tap once for warm light, twice for dim, and it turns itself off after an hour. Charges by USB-C.",A silicone rabbit that glows warm and dims with a tap.,37,1,0 to 1,,White,Rubber,k-night-light.webp,k-night-light.webp,k-night-light.webp,k-night-light.webp,rabbit-night-light,,,,,,
K-MUSLINS-WHITE,Kids,simple,kids,Kids,,"Muslin squares, 3 pack White",22,,1,1,2,0.5,"Three large organic muslins, for everything. Large squares of double-layer organic cotton, 120 by 120 cm. Swaddle, burp cloth, sun shade.","Three large organic muslins, for everything.",23,1,0 to 1,,White,Cotton,k-muslins-white.webp,k-muslins-white.webp,k-muslins-white.webp,k-muslins-white.webp,muslin-squares-3-pack-white,,,,,,
K-MUSLINS-OATMEAL,Kids,simple,kids,Kids,,"Muslin squares, 3 pack Oatmeal",22,,1,1,2,0.5,"Three large organic muslins, for everything. Large squares of double-layer organic cotton, 120 by 120 cm. Swaddle, burp cloth, sun shade.","Three large organic muslins, for everything.",36,1,0 to 1,,Oatmeal,Cotton,k-muslins-oatmeal.webp,k-muslins-oatmeal.webp,k-muslins-oatmeal.webp,k-muslins-oatmeal.webp,muslin-squares-3-pack-oatmeal,,,,,,
K-MUSLINS-GREEN,Kids,simple,kids,Kids,,"Muslin squares, 3 pack Green",22,,1,1,2,0.5,"Three large organic muslins, for everything. Large squares of double-layer organic cotton, 120 by 120 cm. Swaddle, burp cloth, sun shade.","Three large organic muslins, for everything.",33,1,0 to 1,,Green,Cotton,k-muslins-green.webp,k-muslins-green.webp,k-muslins-green.webp,k-muslins-green.webp,muslin-squares-3-pack-green,,,,,,
K-MUSLINS,Kids,configurable,kids,Kids,Nursery,"Muslin squares, 3 pack",22,,1,4,2,0.5,"Three large organic muslins, for everything. Large squares of double-layer organic cotton, 120 by 120 cm. Swaddle, burp cloth, sun shade.","Three large organic muslins, for everything.",0,1,0 to 1,,,Cotton,k-muslins-white.webp,k-muslins-white.webp,k-muslins-white.webp,k-muslins-white.webp,muslin-squares-3-pack,K-MUSLINS-WHITE,color,White,,,
,,,,,,,,,,,,,,,,,,,,,,,,,,K-MUSLINS-OATMEAL,color,Oatmeal,,,
,,,,,,,,,,,,,,,,,,,,,,,,,,K-MUSLINS-GREEN,color,Green,,,
,,,,Kids,Gifts,,,,,,,,,,,,,,,,,,,,,,,,,,
K-BALANCE-BIKE-RED,Kids,simple,kids,Kids,,Balance bike Red,120,,1,1,2,0.5,"A birch balance bike with a padded seat and 12 inch tyres. Air tyres, a low frame and a seat that rises with the child. From two years.",A birch balance bike with a padded seat and 12 inch tyres.,41,1,1 to 3,,Red,Oak,k-balance-bike-red.webp,k-balance-bike-red.webp,k-balance-bike-red.webp,k-balance-bike-red.webp,balance-bike-red,,,,,,
K-BALANCE-BIKE-GREEN,Kids,simple,kids,Kids,,Balance bike Green,120,,1,1,2,0.5,"A birch balance bike with a padded seat and 12 inch tyres. Air tyres, a low frame and a seat that rises with the child. From two years.",A birch balance bike with a padded seat and 12 inch tyres.,13,1,1 to 3,,Green,Oak,k-balance-bike-green.webp,k-balance-bike-green.webp,k-balance-bike-green.webp,k-balance-bike-green.webp,balance-bike-green,,,,,,
K-BALANCE-BIKE-BLUE,Kids,simple,kids,Kids,,Balance bike Blue,120,,1,1,2,0.5,"A birch balance bike with a padded seat and 12 inch tyres. Air tyres, a low frame and a seat that rises with the child. From two years.",A birch balance bike with a padded seat and 12 inch tyres.,38,1,1 to 3,,Blue,Oak,k-balance-bike-blue.webp,k-balance-bike-blue.webp,k-balance-bike-blue.webp,k-balance-bike-blue.webp,balance-bike-blue,,,,,,
K-BALANCE-BIKE,Kids,configurable,kids,Kids,Outdoor,Balance bike,120,,1,4,2,0.5,"A birch balance bike with a padded seat and 12 inch tyres. Air tyres, a low frame and a seat that rises with the child. From two years.",A birch balance bike with a padded seat and 12 inch tyres.,0,1,1 to 3,,,Oak,k-balance-bike-red.webp,k-balance-bike-red.webp,k-balance-bike-red.webp,k-balance-bike-red.webp,balance-bike,K-BALANCE-BIKE-RED,color,Red,,,
,,,,,,,,,,,,,,,,,,,,,,,,,,K-BALANCE-BIKE-GREEN,color,Green,,,
,,,,,,,,,,,,,,,,,,,,,,,,,,K-BALANCE-BIKE-BLUE,color,Blue,,,
K-SCOOTER-BLUE,Kids,simple,kids,Kids,,Three-wheel scooter Blue,85,,1,1,2,0.5,"A lean-to-steer scooter with a light-up deck. Lean to steer, so it is easy to learn. The deck lights up when it rolls. From three years.",A lean-to-steer scooter with a light-up deck.,55,1,3 to 5,,Blue,Nylon,k-scooter-blue.webp,k-scooter-blue.webp,k-scooter-blue.webp,k-scooter-blue.webp,three-wheel-scooter-blue,,,,,,
K-SCOOTER-PINK,Kids,simple,kids,Kids,,Three-wheel scooter Pink,85,,1,1,2,0.5,"A lean-to-steer scooter with a light-up deck. Lean to steer, so it is easy to learn. The deck lights up when it rolls. From three years.",A lean-to-steer scooter with a light-up deck.,12,1,3 to 5,,Pink,Nylon,k-scooter-pink.webp,k-scooter-pink.webp,k-scooter-pink.webp,k-scooter-pink.webp,three-wheel-scooter-pink,,,,,,
K-SCOOTER-GREEN,Kids,simple,kids,Kids,,Three-wheel scooter Green,85,,1,1,2,0.5,"A lean-to-steer scooter with a light-up deck. Lean to steer, so it is easy to learn. The deck lights up when it rolls. From three years.",A lean-to-steer scooter with a light-up deck.,34,1,3 to 5,,Green,Nylon,k-scooter-green.webp,k-scooter-green.webp,k-scooter-green.webp,k-scooter-green.webp,three-wheel-scooter-green,,,,,,
K-SCOOTER,Kids,configurable,kids,Kids,Outdoor,Three-wheel scooter,85,,1,4,2,0.5,"A lean-to-steer scooter with a light-up deck. Lean to steer, so it is easy to learn. The deck lights up when it rolls. From three years.",A lean-to-steer scooter with a light-up deck.,0,1,3 to 5,,,Nylon,k-scooter-blue.webp,k-scooter-blue.webp,k-scooter-blue.webp,k-scooter-blue.webp,three-wheel-scooter,K-SCOOTER-BLUE,color,Blue,,,
,,,,,,,,,,,,,,,,,,,,,,,,,,K-SCOOTER-PINK,color,Pink,,,
,,,,,,,,,,,,,,,,,,,,,,,,,,K-SCOOTER-GREEN,color,Green,,,
K-RAIN-SUIT-YELLOW,Kids,simple,kids,Kids,,Rain suit Yellow,45,,1,1,2,0.5,A one-piece rain suit with taped seams and welded feet loops. Waterproof to 10 000 mm with taped seams and elastic cuffs. From one to six years.,A one-piece rain suit with taped seams and welded feet loops.,9,1,1 to 3,,Yellow,Recycled polyester,k-rain-suit-yellow.webp,k-rain-suit-yellow.webp,k-rain-suit-yellow.webp,k-rain-suit-yellow.webp,rain-suit-yellow,,,,,,
K-RAIN-SUIT-BLUE-DARK,Kids,simple,kids,Kids,,Rain suit Blue Dark,45,,1,1,2,0.5,A one-piece rain suit with taped seams and welded feet loops. Waterproof to 10 000 mm with taped seams and elastic cuffs. From one to six years.,A one-piece rain suit with taped seams and welded feet loops.,54,1,1 to 3,,Blue Dark,Recycled polyester,k-rain-suit-blue-dark.webp,k-rain-suit-blue-dark.webp,k-rain-suit-blue-dark.webp,k-rain-suit-blue-dark.webp,rain-suit-blue-dark,,,,,,
K-RAIN-SUIT,Kids,configurable,kids,Kids,Outdoor,Rain suit,45,,1,4,2,0.5,A one-piece rain suit with taped seams and welded feet loops. Waterproof to 10 000 mm with taped seams and elastic cuffs. From one to six years.,A one-piece rain suit with taped seams and welded feet loops.,0,1,1 to 3,,,Recycled polyester,k-rain-suit-yellow.webp,k-rain-suit-yellow.webp,k-rain-suit-yellow.webp,k-rain-suit-yellow.webp,rain-suit,K-RAIN-SUIT-YELLOW,color,Yellow,,,
,,,,,,,,,,,,,,,,,,,,,,,,,,K-RAIN-SUIT-BLUE-DARK,color,Blue Dark,,,
,,,,Kids,Clothing,,,,,,,,,,,,,,,,,,,,,,,,,,
K-WELLIES-YELLOW,Kids,simple,kids,Kids,,Wellies Yellow,28,,1,1,2,0.5,Natural rubber wellies with a pull loop. Natural rubber with a cotton lining and a loop for pulling. Sizes from 20 to 34.,Natural rubber wellies with a pull loop.,19,1,1 to 3,,Yellow,Rubber,k-wellies-yellow.webp,k-wellies-yellow.webp,k-wellies-yellow.webp,k-wellies-yellow.webp,wellies-yellow,,,,,,
K-WELLIES-GREEN,Kids,simple,kids,Kids,,Wellies Green,28,,1,1,2,0.5,Natural rubber wellies with a pull loop. Natural rubber with a cotton lining and a loop for pulling. Sizes from 20 to 34.,Natural rubber wellies with a pull loop.,42,1,1 to 3,,Green,Rubber,k-wellies-green.webp,k-wellies-green.webp,k-wellies-green.webp,k-wellies-green.webp,wellies-green,,,,,,
K-WELLIES-RED,Kids,simple,kids,Kids,,Wellies Red,28,,1,1,2,0.5,Natural rubber wellies with a pull loop. Natural rubber with a cotton lining and a loop for pulling. Sizes from 20 to 34.,Natural rubber wellies with a pull loop.,32,1,1 to 3,,Red,Rubber,k-wellies-red.webp,k-wellies-red.webp,k-wellies-red.webp,k-wellies-red.webp,wellies-red,,,,,,
K-WELLIES,Kids,configurable,kids,Kids,Outdoor,Wellies,28,,1,4,2,0.5,Natural rubber wellies with a pull loop. Natural rubber with a cotton lining and a loop for pulling. Sizes from 20 to 34.,Natural rubber wellies with a pull loop.,0,1,1 to 3,,,Rubber,k-wellies-yellow.webp,k-wellies-yellow.webp,k-wellies-yellow.webp,k-wellies-yellow.webp,wellies,K-WELLIES-YELLOW,color,Yellow,,,
,,,,,,,,,,,,,,,,,,,,,,,,,,K-WELLIES-GREEN,color,Green,,,
,,,,,,,,,,,,,,,,,,,,,,,,,,K-WELLIES-RED,color,Red,,,
K-HELMET-BLUE,Kids,simple,kids,Kids,,Kids helmet Blue,40,,1,1,2,0.5,A light helmet with a dial fit and a rear light. Adjust the dial and the helmet fits for two years of growing. From two years.,A light helmet with a dial fit and a rear light.,29,1,3 to 5,,Blue,Recycled polyester,k-helmet-blue.webp,k-helmet-blue.webp,k-helmet-blue.webp,k-helmet-blue.webp,kids-helmet-blue,,,,,,
K-HELMET-PINK,Kids,simple,kids,Kids,,Kids helmet Pink,40,,1,1,2,0.5,A light helmet with a dial fit and a rear light. Adjust the dial and the helmet fits for two years of growing. From two years.,A light helmet with a dial fit and a rear light.,12,1,3 to 5,,Pink,Recycled polyester,k-helmet-pink.webp,k-helmet-pink.webp,k-helmet-pink.webp,k-helmet-pink.webp,kids-helmet-pink,,,,,,
K-HELMET-GREEN,Kids,simple,kids,Kids,,Kids helmet Green,40,,1,1,2,0.5,A light helmet with a dial fit and a rear light. Adjust the dial and the helmet fits for two years of growing. From two years.,A light helmet with a dial fit and a rear light.,41,1,3 to 5,,Green,Recycled polyester,k-helmet-green.webp,k-helmet-green.webp,k-helmet-green.webp,k-helmet-green.webp,kids-helmet-green,,,,,,
K-HELMET,Kids,configurable,kids,Kids,Outdoor,Kids helmet,40,,1,4,2,0.5,A light helmet with a dial fit and a rear light. Adjust the dial and the helmet fits for two years of growing. From two years.,A light helmet with a dial fit and a rear light.,0,1,3 to 5,,,Recycled polyester,k-helmet-blue.webp,k-helmet-blue.webp,k-helmet-blue.webp,k-helmet-blue.webp,kids-helmet,K-HELMET-BLUE,color,Blue,,,
,,,,,,,,,,,,,,,,,,,,,,,,,,K-HELMET-PINK,color,Pink,,,
,,,,,,,,,,,,,,,,,,,,,,,,,,K-HELMET-GREEN,color,Green,,,
K-SAND-SET,Kids,simple,kids,Kids,Outdoor,Sand play set,18,,1,4,2,0.5,"A bucket, a spade, a rake and two moulds in recycled plastic. Thick recycled plastic that survives a summer. The mould shapes are a fish and a star.","A bucket, a spade, a rake and two moulds in recycled plastic.",19,1,1 to 3,,Yellow,Recycled polyester,k-sand-set.webp,k-sand-set.webp,k-sand-set.webp,k-sand-set.webp,sand-play-set,,,,,,
K-KITE,Kids,simple,kids,Kids,Outdoor,Bird kite,22,,1,4,2,0.5,"A single-line kite shaped like a lark, easy to launch. A single line and a tail, ready to fly from the bag. From four years.","A single-line kite shaped like a lark, easy to launch.",23,1,5 to 8,,Orange,Nylon,k-kite.webp,k-kite.webp,k-kite.webp,k-kite.webp,bird-kite,,,,,,
K-NEWBORN-BOX,Kids,grouped,kids,Kids,Gifts,Newborn box,70,,1,4,2,0.5,"A rattle, three muslins, a bodysuit pack and the board books, boxed. The four things every new baby needs, in a box with a card. Wrapped on request.","A rattle, three muslins, a bodysuit pack and the board books, boxed.",0,1,0 to 1,,,,k-newborn-box.webp,k-newborn-box.webp,k-newborn-box.webp,k-newborn-box.webp,newborn-box,,,,K-RATTLE,1,1
,,,,,,,,,,,,,,,,,,,,,,,,,,,,,K-MUSLINS-WHITE,1,2
,,,,,,,,,,,,,,,,,,,,,,,,,,,,,K-BODYSUIT-WHITE,1,3
,,,,,,,,,,,,,,,,,,,,,,,,,,,,,K-BOARD-BOOK,1,4
K-BIRTHDAY-BOX,Kids,grouped,kids,Kids,Gifts,"Birthday box, age 3",95,,1,4,2,0.5,"A puzzle, the car set, a picture book and a sun hat. Four presents for a third birthday, chosen to be played with together. Wrapped on request.","A puzzle, the car set, a picture book and a sun hat.",0,1,3 to 5,,,,k-birthday-box.webp,k-birthday-box.webp,k-birthday-box.webp,k-birthday-box.webp,birthday-box-age-3,,,,K-PUZZLE,1,1
,,,,,,,,,,,,,,,,,,,,,,,,,,,,,K-CAR-SET,1,2
,,,,,,,,,,,,,,,,,,,,,,,,,,,,,K-PICTURE-BOOK,1,3
,,,,,,,,,,,,,,,,,,,,,,,,,,,,,K-HAT-OATMEAL,1,4
K-GIFT-CARD,Kids,virtual,kids,Kids,Gifts,Little Lark gift card,30,,1,4,2,0.5,"A gift card by email. Delivered by email within the hour, with a message of your own. Valid for a year in the store.",A gift card by email.,40,1,,,,,k-gift-card.webp,k-gift-card.webp,k-gift-card.webp,k-gift-card.webp,little-lark-gift-card,,,,,,
