sku,_attribute_set,_type,_product_websites,_root_category,_category,name,price,special_price,status,visibility,tax_class_id,weight,description,short_description,qty,is_in_stock,color,brand,connectivity,storage,_media_image,image,small_image,thumbnail,url_key,_super_products_sku,_super_attribute_code,_super_attribute_option,_associated_sku,_associated_default_qty,_associated_position
E-HEADPHONE-ANC-BLACK,Electronics,simple,electronics,Electronics,,Kestrel K2 noise-cancelling headphones Black,299,,1,1,2,1,"Over-ear headphones with adaptive noise cancelling, forty hours of battery and a flat tuning. Fold flat into a hard case, charge by USB-C, and the cancelling adapts to a plane or a train. The tuning is flat, so what you hear is the recording.","Over-ear headphones with adaptive noise cancelling, forty hours of battery and a flat tuning.",54,1,Black,Kestrel Audio,Bluetooth|USB-C,,e-headphone-anc-black.webp,e-headphone-anc-black.webp,e-headphone-anc-black.webp,e-headphone-anc-black.webp,kestrel-k2-noise-cancelling-headphones-black,,,,,,
E-HEADPHONE-ANC-SILVER,Electronics,simple,electronics,Electronics,,Kestrel K2 noise-cancelling headphones Silver,299,,1,1,2,1,"Over-ear headphones with adaptive noise cancelling, forty hours of battery and a flat tuning. Fold flat into a hard case, charge by USB-C, and the cancelling adapts to a plane or a train. The tuning is flat, so what you hear is the recording.","Over-ear headphones with adaptive noise cancelling, forty hours of battery and a flat tuning.",22,1,Silver,Kestrel Audio,Bluetooth|USB-C,,e-headphone-anc-silver.webp,e-headphone-anc-silver.webp,e-headphone-anc-silver.webp,e-headphone-anc-silver.webp,kestrel-k2-noise-cancelling-headphones-silver,,,,,,
E-HEADPHONE-ANC-GREEN,Electronics,simple,electronics,Electronics,,Kestrel K2 noise-cancelling headphones Green,299,,1,1,2,1,"Over-ear headphones with adaptive noise cancelling, forty hours of battery and a flat tuning. Fold flat into a hard case, charge by USB-C, and the cancelling adapts to a plane or a train. The tuning is flat, so what you hear is the recording.","Over-ear headphones with adaptive noise cancelling, forty hours of battery and a flat tuning.",42,1,Green,Kestrel Audio,Bluetooth|USB-C,,e-headphone-anc-green.webp,e-headphone-anc-green.webp,e-headphone-anc-green.webp,e-headphone-anc-green.webp,kestrel-k2-noise-cancelling-headphones-green,,,,,,
E-HEADPHONE-ANC,Electronics,configurable,electronics,Electronics,Audio,Kestrel K2 noise-cancelling headphones,299,,1,4,2,1,"Over-ear headphones with adaptive noise cancelling, forty hours of battery and a flat tuning. Fold flat into a hard case, charge by USB-C, and the cancelling adapts to a plane or a train. The tuning is flat, so what you hear is the recording.","Over-ear headphones with adaptive noise cancelling, forty hours of battery and a flat tuning.",0,1,,Kestrel Audio,Bluetooth|USB-C,,e-headphone-anc-black.webp,e-headphone-anc-black.webp,e-headphone-anc-black.webp,e-headphone-anc-black.webp,kestrel-k2-noise-cancelling-headphones,E-HEADPHONE-ANC-BLACK,color,Black,,,
,,,,,,,,,,,,,,,,,,,,,,,,,,E-HEADPHONE-ANC-SILVER,color,Silver,,,
,,,,,,,,,,,,,,,,,,,,,,,,,,E-HEADPHONE-ANC-GREEN,color,Green,,,
E-EARBUDS-BLACK,Electronics,simple,electronics,Electronics,,Kestrel Buds Black,149,,1,1,2,1,True wireless earbuds with a six-hour charge and a case that adds three more. The buds seal well and the microphones handle a windy call. The case charges wirelessly or by USB-C.,True wireless earbuds with a six-hour charge and a case that adds three more.,37,1,Black,Kestrel Audio,Bluetooth|USB-C,,e-earbuds-black.webp,e-earbuds-black.webp,e-earbuds-black.webp,e-earbuds-black.webp,kestrel-buds-black,,,,,,
E-EARBUDS-WHITE,Electronics,simple,electronics,Electronics,,Kestrel Buds White,149,,1,1,2,1,True wireless earbuds with a six-hour charge and a case that adds three more. The buds seal well and the microphones handle a windy call. The case charges wirelessly or by USB-C.,True wireless earbuds with a six-hour charge and a case that adds three more.,27,1,White,Kestrel Audio,Bluetooth|USB-C,,e-earbuds-white.webp,e-earbuds-white.webp,e-earbuds-white.webp,e-earbuds-white.webp,kestrel-buds-white,,,,,,
E-EARBUDS,Electronics,configurable,electronics,Electronics,Audio,Kestrel Buds,149,,1,4,2,1,True wireless earbuds with a six-hour charge and a case that adds three more. The buds seal well and the microphones handle a windy call. The case charges wirelessly or by USB-C.,True wireless earbuds with a six-hour charge and a case that adds three more.,0,1,,Kestrel Audio,Bluetooth|USB-C,,e-earbuds-black.webp,e-earbuds-black.webp,e-earbuds-black.webp,e-earbuds-black.webp,kestrel-buds,E-EARBUDS-BLACK,color,Black,,,
,,,,,,,,,,,,,,,,,,,,,,,,,,E-EARBUDS-WHITE,color,White,,,
E-WIRED-IEM,Electronics,simple,electronics,Electronics,Audio,Kestrel Studio in-ear monitors,189,,1,4,2,1,"Wired in-ear monitors with a single dynamic driver and a detachable cable. A single driver keeps the sound coherent from bass to treble. The cable unclips, so a broken cable is not a broken pair.",Wired in-ear monitors with a single dynamic driver and a detachable cable.,10,1,Black,Kestrel Audio,Wired,,e-wired-iem.webp,e-wired-iem.webp,e-wired-iem.webp,e-wired-iem.webp,kestrel-studio-in-ear-monitors,,,,,,
E-SPEAKER-BT-CHARCOAL,Electronics,simple,electronics,Electronics,,Nimbus Go speaker Charcoal,119,,1,1,2,1,"A pocket speaker with a real passive radiator, twelve hours of play and an IP67 rating. It survives a pool and a beach, and pairs with a second unit for stereo. Twelve hours at normal volume.","A pocket speaker with a real passive radiator, twelve hours of play and an IP67 rating.",10,1,Charcoal,Nimbus,Bluetooth|USB-C,,e-speaker-bt-charcoal.webp,e-speaker-bt-charcoal.webp,e-speaker-bt-charcoal.webp,e-speaker-bt-charcoal.webp,nimbus-go-speaker-charcoal,,,,,,
E-SPEAKER-BT-BLUE,Electronics,simple,electronics,Electronics,,Nimbus Go speaker Blue,119,,1,1,2,1,"A pocket speaker with a real passive radiator, twelve hours of play and an IP67 rating. It survives a pool and a beach, and pairs with a second unit for stereo. Twelve hours at normal volume.","A pocket speaker with a real passive radiator, twelve hours of play and an IP67 rating.",18,1,Blue,Nimbus,Bluetooth|USB-C,,e-speaker-bt-blue.webp,e-speaker-bt-blue.webp,e-speaker-bt-blue.webp,e-speaker-bt-blue.webp,nimbus-go-speaker-blue,,,,,,
E-SPEAKER-BT-ORANGE,Electronics,simple,electronics,Electronics,,Nimbus Go speaker Orange,119,,1,1,2,1,"A pocket speaker with a real passive radiator, twelve hours of play and an IP67 rating. It survives a pool and a beach, and pairs with a second unit for stereo. Twelve hours at normal volume.","A pocket speaker with a real passive radiator, twelve hours of play and an IP67 rating.",15,1,Orange,Nimbus,Bluetooth|USB-C,,e-speaker-bt-orange.webp,e-speaker-bt-orange.webp,e-speaker-bt-orange.webp,e-speaker-bt-orange.webp,nimbus-go-speaker-orange,,,,,,
E-SPEAKER-BT,Electronics,configurable,electronics,Electronics,Audio,Nimbus Go speaker,119,,1,4,2,1,"A pocket speaker with a real passive radiator, twelve hours of play and an IP67 rating. It survives a pool and a beach, and pairs with a second unit for stereo. Twelve hours at normal volume.","A pocket speaker with a real passive radiator, twelve hours of play and an IP67 rating.",0,1,,Nimbus,Bluetooth|USB-C,,e-speaker-bt-charcoal.webp,e-speaker-bt-charcoal.webp,e-speaker-bt-charcoal.webp,e-speaker-bt-charcoal.webp,nimbus-go-speaker,E-SPEAKER-BT-CHARCOAL,color,Charcoal,,,
,,,,,,,,,,,,,,,,,,,,,,,,,,E-SPEAKER-BT-BLUE,color,Blue,,,
,,,,,,,,,,,,,,,,,,,,,,,,,,E-SPEAKER-BT-ORANGE,color,Orange,,,
E-BOOKSHELF,Electronics,simple,electronics,Electronics,Audio,Nimbus Shelf active speakers,449,,1,4,2,1,"A pair of powered bookshelf speakers with a built-in DAC and Bluetooth. Plug in the turntable, the television or a laptop, or stream from a phone. No separate amplifier needed.",A pair of powered bookshelf speakers with a built-in DAC and Bluetooth.,29,1,Brown,Nimbus,Bluetooth|Wired,,e-bookshelf.webp,e-bookshelf.webp,e-bookshelf.webp,e-bookshelf.webp,nimbus-shelf-active-speakers,,,,,,
E-TURNTABLE,Electronics,simple,electronics,Electronics,Audio,Nimbus Spin turntable,329,,1,4,2,1,A belt-drive turntable with a carbon tonearm and a built-in phono stage. The phono stage switches off for people who own one already. Set up in ten minutes with the included gauge.,A belt-drive turntable with a carbon tonearm and a built-in phono stage.,51,1,Black,Nimbus,Wired|Bluetooth,,e-turntable.webp,e-turntable.webp,e-turntable.webp,e-turntable.webp,nimbus-spin-turntable,,,,,,
E-DAC,Electronics,simple,electronics,Electronics,Audio,Kestrel Pocket DAC,79,,1,4,2,1,"A USB-C headphone amplifier the size of a lighter, with a balanced output. It powers demanding headphones from a phone or a laptop and adds no noise of its own. The case is machined aluminium.","A USB-C headphone amplifier the size of a lighter, with a balanced output.",8,1,Silver,Kestrel Audio,USB-C,,e-dac.webp,e-dac.webp,e-dac.webp,e-dac.webp,kestrel-pocket-dac,,,,,,
,,,,Electronics,Accessories,,,,,,,,,,,,,,,,,,,,,,,,,,
E-SOUNDBAR,Electronics,simple,electronics,Electronics,Audio,Nimbus Bar soundbar,279,,1,4,2,1,A compact soundbar with a wireless subwoofer and HDMI eARC. One cable to the television and the subwoofer finds the bar by itself. Dialogue mode makes voices clear at low volume.,A compact soundbar with a wireless subwoofer and HDMI eARC.,51,1,Black,Nimbus,HDMI|Bluetooth|Wi-Fi,,e-soundbar.webp,e-soundbar.webp,e-soundbar.webp,e-soundbar.webp,nimbus-bar-soundbar,,,,,,
,,,,Electronics,Smart Home,,,,,,,,,,,,,,,,,,,,,,,,,,
E-LAPTOP-14-256-GB,Electronics,simple,electronics,Electronics,,Voltline Air 14 laptop 256 GB,1199,,1,1,2,1,"A fourteen-inch laptop with a matte display, eighteen hours of battery and a keyboard people write on. Sixteen gigabytes of memory, a fast SSD and a case that opens with one hand. It charges from any USB-C charger.","A fourteen-inch laptop with a matte display, eighteen hours of battery and a keyboard people write on.",29,1,Silver,Voltline,Wi-Fi|USB-C|Thunderbolt,256 GB,e-laptop-14.webp,e-laptop-14.webp,e-laptop-14.webp,e-laptop-14.webp,voltline-air-14-laptop-256-gb,,,,,,
E-LAPTOP-14-512-GB,Electronics,simple,electronics,Electronics,,Voltline Air 14 laptop 512 GB,1199,,1,1,2,1,"A fourteen-inch laptop with a matte display, eighteen hours of battery and a keyboard people write on. Sixteen gigabytes of memory, a fast SSD and a case that opens with one hand. It charges from any USB-C charger.","A fourteen-inch laptop with a matte display, eighteen hours of battery and a keyboard people write on.",41,1,Silver,Voltline,Wi-Fi|USB-C|Thunderbolt,512 GB,e-laptop-14.webp,e-laptop-14.webp,e-laptop-14.webp,e-laptop-14.webp,voltline-air-14-laptop-512-gb,,,,,,
E-LAPTOP-14-1-TB,Electronics,simple,electronics,Electronics,,Voltline Air 14 laptop 1 TB,1199,,1,1,2,1,"A fourteen-inch laptop with a matte display, eighteen hours of battery and a keyboard people write on. Sixteen gigabytes of memory, a fast SSD and a case that opens with one hand. It charges from any USB-C charger.","A fourteen-inch laptop with a matte display, eighteen hours of battery and a keyboard people write on.",49,1,Silver,Voltline,Wi-Fi|USB-C|Thunderbolt,1 TB,e-laptop-14.webp,e-laptop-14.webp,e-laptop-14.webp,e-laptop-14.webp,voltline-air-14-laptop-1-tb,,,,,,
E-LAPTOP-14,Electronics,configurable,electronics,Electronics,Computing,Voltline Air 14 laptop,1199,,1,4,2,1,"A fourteen-inch laptop with a matte display, eighteen hours of battery and a keyboard people write on. Sixteen gigabytes of memory, a fast SSD and a case that opens with one hand. It charges from any USB-C charger.","A fourteen-inch laptop with a matte display, eighteen hours of battery and a keyboard people write on.",0,1,Silver,Voltline,Wi-Fi|USB-C|Thunderbolt,,e-laptop-14.webp,e-laptop-14.webp,e-laptop-14.webp,e-laptop-14.webp,voltline-air-14-laptop,E-LAPTOP-14-256-GB,storage,256 GB,,,
,,,,,,,,,,,,,,,,,,,,,,,,,,E-LAPTOP-14-512-GB,storage,512 GB,,,
,,,,,,,,,,,,,,,,,,,,,,,,,,E-LAPTOP-14-1-TB,storage,1 TB,,,
E-LAPTOP-16-512-GB,Electronics,simple,electronics,Electronics,,Voltline Pro 16 laptop 512 GB,2199,,1,1,2,1,"A sixteen-inch workstation with a 120 Hz display and quiet fans. Built for people who compile, render and edit. The fans stay quiet until the work gets heavy.",A sixteen-inch workstation with a 120 Hz display and quiet fans.,57,1,Charcoal,Voltline,Wi-Fi|USB-C|Thunderbolt|HDMI,512 GB,e-laptop-16.webp,e-laptop-16.webp,e-laptop-16.webp,e-laptop-16.webp,voltline-pro-16-laptop-512-gb,,,,,,
E-LAPTOP-16-1-TB,Electronics,simple,electronics,Electronics,,Voltline Pro 16 laptop 1 TB,2199,,1,1,2,1,"A sixteen-inch workstation with a 120 Hz display and quiet fans. Built for people who compile, render and edit. The fans stay quiet until the work gets heavy.",A sixteen-inch workstation with a 120 Hz display and quiet fans.,37,1,Charcoal,Voltline,Wi-Fi|USB-C|Thunderbolt|HDMI,1 TB,e-laptop-16.webp,e-laptop-16.webp,e-laptop-16.webp,e-laptop-16.webp,voltline-pro-16-laptop-1-tb,,,,,,
E-LAPTOP-16-2-TB,Electronics,simple,electronics,Electronics,,Voltline Pro 16 laptop 2 TB,2199,,1,1,2,1,"A sixteen-inch workstation with a 120 Hz display and quiet fans. Built for people who compile, render and edit. The fans stay quiet until the work gets heavy.",A sixteen-inch workstation with a 120 Hz display and quiet fans.,9,1,Charcoal,Voltline,Wi-Fi|USB-C|Thunderbolt|HDMI,2 TB,e-laptop-16.webp,e-laptop-16.webp,e-laptop-16.webp,e-laptop-16.webp,voltline-pro-16-laptop-2-tb,,,,,,
E-LAPTOP-16,Electronics,configurable,electronics,Electronics,Computing,Voltline Pro 16 laptop,2199,,1,4,2,1,"A sixteen-inch workstation with a 120 Hz display and quiet fans. Built for people who compile, render and edit. The fans stay quiet until the work gets heavy.",A sixteen-inch workstation with a 120 Hz display and quiet fans.,0,1,Charcoal,Voltline,Wi-Fi|USB-C|Thunderbolt|HDMI,,e-laptop-16.webp,e-laptop-16.webp,e-laptop-16.webp,e-laptop-16.webp,voltline-pro-16-laptop,E-LAPTOP-16-512-GB,storage,512 GB,,,
,,,,,,,,,,,,,,,,,,,,,,,,,,E-LAPTOP-16-1-TB,storage,1 TB,,,
,,,,,,,,,,,,,,,,,,,,,,,,,,E-LAPTOP-16-2-TB,storage,2 TB,,,
E-MONITOR-27,Electronics,simple,electronics,Electronics,Computing,Tessera 27 inch 4K monitor,549,,1,4,2,1,"A 27-inch 4K IPS display with USB-C power delivery and a matte coating. One USB-C cable carries video, data and 90 W of power to a laptop. The stand tilts, swivels and rises.",A 27-inch 4K IPS display with USB-C power delivery and a matte coating.,27,1,Black,Tessera,USB-C|HDMI,,e-monitor-27.webp,e-monitor-27.webp,e-monitor-27.webp,e-monitor-27.webp,tessera-27-inch-4k-monitor,,,,,,
E-MONITOR-34,Electronics,simple,electronics,Electronics,Computing,Tessera 34 inch ultrawide monitor,749,,1,4,2,1,"A curved ultrawide with a 144 Hz panel and a KVM switch. Two computers, one keyboard and mouse, switched with a button. The curve keeps the corners at the same distance as the centre.",A curved ultrawide with a 144 Hz panel and a KVM switch.,46,1,Black,Tessera,USB-C|HDMI,,e-monitor-34.webp,e-monitor-34.webp,e-monitor-34.webp,e-monitor-34.webp,tessera-34-inch-ultrawide-monitor,,,,,,
E-KEYBOARD-BLACK,Electronics,simple,electronics,Electronics,,Orbit Labs 75 mechanical keyboard Black,159,,1,1,2,1,"A 75 percent mechanical keyboard with hot-swap switches and a gasket mount. The switches pull out without soldering, and the gasket mount softens every keystroke. Wired or Bluetooth.",A 75 percent mechanical keyboard with hot-swap switches and a gasket mount.,52,1,Black,Orbit Labs,Bluetooth|USB-C,,e-keyboard-black.webp,e-keyboard-black.webp,e-keyboard-black.webp,e-keyboard-black.webp,orbit-labs-75-mechanical-keyboard-black,,,,,,
E-KEYBOARD-WHITE,Electronics,simple,electronics,Electronics,,Orbit Labs 75 mechanical keyboard White,159,,1,1,2,1,"A 75 percent mechanical keyboard with hot-swap switches and a gasket mount. The switches pull out without soldering, and the gasket mount softens every keystroke. Wired or Bluetooth.",A 75 percent mechanical keyboard with hot-swap switches and a gasket mount.,40,1,White,Orbit Labs,Bluetooth|USB-C,,e-keyboard-white.webp,e-keyboard-white.webp,e-keyboard-white.webp,e-keyboard-white.webp,orbit-labs-75-mechanical-keyboard-white,,,,,,
E-KEYBOARD-BLUE,Electronics,simple,electronics,Electronics,,Orbit Labs 75 mechanical keyboard Blue,159,,1,1,2,1,"A 75 percent mechanical keyboard with hot-swap switches and a gasket mount. The switches pull out without soldering, and the gasket mount softens every keystroke. Wired or Bluetooth.",A 75 percent mechanical keyboard with hot-swap switches and a gasket mount.,43,1,Blue,Orbit Labs,Bluetooth|USB-C,,e-keyboard-blue.webp,e-keyboard-blue.webp,e-keyboard-blue.webp,e-keyboard-blue.webp,orbit-labs-75-mechanical-keyboard-blue,,,,,,
E-KEYBOARD,Electronics,configurable,electronics,Electronics,Computing,Orbit Labs 75 mechanical keyboard,159,,1,4,2,1,"A 75 percent mechanical keyboard with hot-swap switches and a gasket mount. The switches pull out without soldering, and the gasket mount softens every keystroke. Wired or Bluetooth.",A 75 percent mechanical keyboard with hot-swap switches and a gasket mount.,0,1,,Orbit Labs,Bluetooth|USB-C,,e-keyboard-black.webp,e-keyboard-black.webp,e-keyboard-black.webp,e-keyboard-black.webp,orbit-labs-75-mechanical-keyboard,E-KEYBOARD-BLACK,color,Black,,,
,,,,,,,,,,,,,,,,,,,,,,,,,,E-KEYBOARD-WHITE,color,White,,,
,,,,,,,,,,,,,,,,,,,,,,,,,,E-KEYBOARD-BLUE,color,Blue,,,
E-MOUSE-BLACK,Electronics,simple,electronics,Electronics,,Orbit Labs Glide mouse Black,89,,1,1,2,1,"A lightweight wireless mouse with a 4000 Hz polling rate and PTFE feet. Fifty-eight grams, a week of battery, and feet that glide on any mat. The receiver lives inside the mouse when not in use.",A lightweight wireless mouse with a 4000 Hz polling rate and PTFE feet.,47,1,Black,Orbit Labs,Bluetooth|USB-C,,e-mouse-black.webp,e-mouse-black.webp,e-mouse-black.webp,e-mouse-black.webp,orbit-labs-glide-mouse-black,,,,,,
E-MOUSE-WHITE,Electronics,simple,electronics,Electronics,,Orbit Labs Glide mouse White,89,,1,1,2,1,"A lightweight wireless mouse with a 4000 Hz polling rate and PTFE feet. Fifty-eight grams, a week of battery, and feet that glide on any mat. The receiver lives inside the mouse when not in use.",A lightweight wireless mouse with a 4000 Hz polling rate and PTFE feet.,13,1,White,Orbit Labs,Bluetooth|USB-C,,e-mouse-white.webp,e-mouse-white.webp,e-mouse-white.webp,e-mouse-white.webp,orbit-labs-glide-mouse-white,,,,,,
E-MOUSE,Electronics,configurable,electronics,Electronics,Computing,Orbit Labs Glide mouse,89,,1,4,2,1,"A lightweight wireless mouse with a 4000 Hz polling rate and PTFE feet. Fifty-eight grams, a week of battery, and feet that glide on any mat. The receiver lives inside the mouse when not in use.",A lightweight wireless mouse with a 4000 Hz polling rate and PTFE feet.,0,1,,Orbit Labs,Bluetooth|USB-C,,e-mouse-black.webp,e-mouse-black.webp,e-mouse-black.webp,e-mouse-black.webp,orbit-labs-glide-mouse,E-MOUSE-BLACK,color,Black,,,
,,,,,,,,,,,,,,,,,,,,,,,,,,E-MOUSE-WHITE,color,White,,,
E-DOCK,Electronics,simple,electronics,Electronics,Computing,Voltline Thunderbolt dock,249,,1,4,2,1,"A Thunderbolt dock with two displays, ten ports and 96 W of charging. One cable from the laptop to the dock, and the desk is ready. Two 4K displays at 60 Hz.","A Thunderbolt dock with two displays, ten ports and 96 W of charging.",32,1,Silver,Voltline,Thunderbolt|USB-C|HDMI,,e-dock.webp,e-dock.webp,e-dock.webp,e-dock.webp,voltline-thunderbolt-dock,,,,,,
,,,,Electronics,Accessories,,,,,,,,,,,,,,,,,,,,,,,,,,
E-SSD-1-TB,Electronics,simple,electronics,Electronics,,Voltline portable SSD 1 TB,129,,1,1,2,1,"A rugged USB-C SSD with 2000 MB/s reads, in a rubber sleeve. Two terabytes in a case that survives a drop from two metres. The USB-C cable is in the box.","A rugged USB-C SSD with 2000 MB/s reads, in a rubber sleeve.",21,1,Charcoal,Voltline,USB-C,1 TB,e-ssd.webp,e-ssd.webp,e-ssd.webp,e-ssd.webp,voltline-portable-ssd-1-tb,,,,,,
E-SSD-2-TB,Electronics,simple,electronics,Electronics,,Voltline portable SSD 2 TB,129,,1,1,2,1,"A rugged USB-C SSD with 2000 MB/s reads, in a rubber sleeve. Two terabytes in a case that survives a drop from two metres. The USB-C cable is in the box.","A rugged USB-C SSD with 2000 MB/s reads, in a rubber sleeve.",54,1,Charcoal,Voltline,USB-C,2 TB,e-ssd.webp,e-ssd.webp,e-ssd.webp,e-ssd.webp,voltline-portable-ssd-2-tb,,,,,,
E-SSD,Electronics,configurable,electronics,Electronics,Computing,Voltline portable SSD,129,,1,4,2,1,"A rugged USB-C SSD with 2000 MB/s reads, in a rubber sleeve. Two terabytes in a case that survives a drop from two metres. The USB-C cable is in the box.","A rugged USB-C SSD with 2000 MB/s reads, in a rubber sleeve.",0,1,Charcoal,Voltline,USB-C,,e-ssd.webp,e-ssd.webp,e-ssd.webp,e-ssd.webp,voltline-portable-ssd,E-SSD-1-TB,storage,1 TB,,,
,,,,,,,,,,,,,,,,,,,,,,,,,,E-SSD-2-TB,storage,2 TB,,,
,,,,Electronics,Accessories,,,,,,,,,,,,,,,,,,,,,,,,,,
E-WEBCAM,Electronics,simple,electronics,Electronics,Computing,Tessera 4K webcam,119,,1,4,2,1,"A 4K webcam with a large sensor and a privacy shutter. The sensor handles a dark room without grain. Slide the shutter shut and it is a lens cap, not a promise.",A 4K webcam with a large sensor and a privacy shutter.,24,1,Black,Tessera,USB-C,,e-webcam.webp,e-webcam.webp,e-webcam.webp,e-webcam.webp,tessera-4k-webcam,,,,,,
E-CAMERA-BODY,Electronics,simple,electronics,Electronics,Cameras,Halide M1 mirrorless camera,1499,,1,4,2,1,"A full-frame mirrorless body with in-body stabilisation and a quiet shutter. Twenty-four megapixels, dual card slots and a viewfinder that does not lag. The body is sealed against rain.",A full-frame mirrorless body with in-body stabilisation and a quiet shutter.,46,1,Black,Halide,Wi-Fi|USB-C|Bluetooth,,e-camera-body.webp,e-camera-body.webp,e-camera-body.webp,e-camera-body.webp,halide-m1-mirrorless-camera,,,,,,
E-LENS-35,Electronics,simple,electronics,Electronics,Cameras,Halide 35 mm f/1.8 lens,549,,1,4,2,1,"A compact 35 mm prime with fast, silent focus. The one-lens travel kit. Sharp wide open, close focusing to 25 cm, and small enough for a jacket pocket. Weather sealed at the mount.","A compact 35 mm prime with fast, silent focus.",32,1,Black,Halide,Wired,,e-lens-35.webp,e-lens-35.webp,e-lens-35.webp,e-lens-35.webp,halide-35-mm-f-1-8-lens,,,,,,
E-LENS-85,Electronics,simple,electronics,Electronics,Cameras,Halide 85 mm f/1.4 lens,999,,1,4,2,1,A portrait prime with creamy bokeh and weather sealing. Wide open it separates a face from a busy background. Focus is fast enough for children and dogs.,A portrait prime with creamy bokeh and weather sealing.,17,1,Black,Halide,,,e-lens-85.webp,e-lens-85.webp,e-lens-85.webp,e-lens-85.webp,halide-85-mm-f-1-4-lens,,,,,,
E-LENS-2470,Electronics,simple,electronics,Electronics,Cameras,Halide 24-70 mm f/2.8 lens,1299,,1,4,2,1,"The standard zoom, sharp at every stop. Weddings, landscapes and everything between. Weather sealed, with a lock switch for the zoom ring.","The standard zoom, sharp at every stop.",43,1,Black,Halide,,,e-lens-2470.webp,e-lens-2470.webp,e-lens-2470.webp,e-lens-2470.webp,halide-24-70-mm-f-2-8-lens,,,,,,
E-COMPACT-CAM,Electronics,simple,electronics,Electronics,Cameras,Halide Pocket compact camera,799,,1,4,2,1,"A pocket camera with a one-inch sensor and a fast lens. Better than your phone, fits the same pocket. A real zoom, a real flash and a battery that lasts a day out. Raw files, if you want them.",A pocket camera with a one-inch sensor and a fast lens.,14,1,Silver,Halide,Wi-Fi|USB-C,,e-compact-cam.webp,e-compact-cam.webp,e-compact-cam.webp,e-compact-cam.webp,halide-pocket-compact-camera,,,,,,
E-ACTION-CAM,Electronics,simple,electronics,Electronics,Cameras,Halide Go action camera,349,,1,4,2,1,A waterproof action camera with 5K video and horizon lock. Waterproof to ten metres without a case. Horizon lock keeps the video level on a bike or a board.,A waterproof action camera with 5K video and horizon lock.,42,1,Black,Halide,Wi-Fi|Bluetooth|USB-C,,e-action-cam.webp,e-action-cam.webp,e-action-cam.webp,e-action-cam.webp,halide-go-action-camera,,,,,,
E-TRIPOD,Electronics,simple,electronics,Electronics,Cameras,Halide carbon travel tripod,229,,1,4,2,1,A carbon fibre tripod that folds to 40 cm and holds 10 kg. The legs fold back over the head to fit a daypack. The centre column reverses for low shots.,A carbon fibre tripod that folds to 40 cm and holds 10 kg.,22,1,Black,Halide,,,e-tripod.webp,e-tripod.webp,e-tripod.webp,e-tripod.webp,halide-carbon-travel-tripod,,,,,,
,,,,Electronics,Accessories,,,,,,,,,,,,,,,,,,,,,,,,,,
E-CAM-BAG-CHARCOAL,Electronics,simple,electronics,Electronics,,Halide sling bag Charcoal,89,,1,1,2,1,"A six-litre sling for a body and two lenses, with a weather flap. The camera comes out with one hand, and the flap keeps rain out. The strap swaps sides for left-handers.","A six-litre sling for a body and two lenses, with a weather flap.",46,1,Charcoal,Halide,,,e-cam-bag-charcoal.webp,e-cam-bag-charcoal.webp,e-cam-bag-charcoal.webp,e-cam-bag-charcoal.webp,halide-sling-bag-charcoal,,,,,,
E-CAM-BAG-KHAKI,Electronics,simple,electronics,Electronics,,Halide sling bag Khaki,89,,1,1,2,1,"A six-litre sling for a body and two lenses, with a weather flap. The camera comes out with one hand, and the flap keeps rain out. The strap swaps sides for left-handers.","A six-litre sling for a body and two lenses, with a weather flap.",30,1,Khaki,Halide,,,e-cam-bag-khaki.webp,e-cam-bag-khaki.webp,e-cam-bag-khaki.webp,e-cam-bag-khaki.webp,halide-sling-bag-khaki,,,,,,
E-CAM-BAG,Electronics,configurable,electronics,Electronics,Cameras,Halide sling bag,89,,1,4,2,1,"A six-litre sling for a body and two lenses, with a weather flap. The camera comes out with one hand, and the flap keeps rain out. The strap swaps sides for left-handers.","A six-litre sling for a body and two lenses, with a weather flap.",0,1,,Halide,,,e-cam-bag-charcoal.webp,e-cam-bag-charcoal.webp,e-cam-bag-charcoal.webp,e-cam-bag-charcoal.webp,halide-sling-bag,E-CAM-BAG-CHARCOAL,color,Charcoal,,,
,,,,,,,,,,,,,,,,,,,,,,,,,,E-CAM-BAG-KHAKI,color,Khaki,,,
,,,,Electronics,Accessories,,,,,,,,,,,,,,,,,,,,,,,,,,
E-SD-CARD-128-GB,Electronics,simple,electronics,Electronics,,Voltline SD card 128 GB,49,,1,1,2,1,A V90 SD card for 8K video and fast bursts. Two hundred and fifty-six gigabytes with sustained writes for 8K video. Rated for ten thousand insertions.,A V90 SD card for 8K video and fast bursts.,57,1,Black,Voltline,,128 GB,e-sd-card.webp,e-sd-card.webp,e-sd-card.webp,e-sd-card.webp,voltline-sd-card-128-gb,,,,,,
E-SD-CARD-256-GB,Electronics,simple,electronics,Electronics,,Voltline SD card 256 GB,49,,1,1,2,1,A V90 SD card for 8K video and fast bursts. Two hundred and fifty-six gigabytes with sustained writes for 8K video. Rated for ten thousand insertions.,A V90 SD card for 8K video and fast bursts.,49,1,Black,Voltline,,256 GB,e-sd-card.webp,e-sd-card.webp,e-sd-card.webp,e-sd-card.webp,voltline-sd-card-256-gb,,,,,,
E-SD-CARD-512-GB,Electronics,simple,electronics,Electronics,,Voltline SD card 512 GB,49,,1,1,2,1,A V90 SD card for 8K video and fast bursts. Two hundred and fifty-six gigabytes with sustained writes for 8K video. Rated for ten thousand insertions.,A V90 SD card for 8K video and fast bursts.,29,1,Black,Voltline,,512 GB,e-sd-card.webp,e-sd-card.webp,e-sd-card.webp,e-sd-card.webp,voltline-sd-card-512-gb,,,,,,
E-SD-CARD,Electronics,configurable,electronics,Electronics,Cameras,Voltline SD card,49,,1,4,2,1,A V90 SD card for 8K video and fast bursts. Two hundred and fifty-six gigabytes with sustained writes for 8K video. Rated for ten thousand insertions.,A V90 SD card for 8K video and fast bursts.,0,1,Black,Voltline,,,e-sd-card.webp,e-sd-card.webp,e-sd-card.webp,e-sd-card.webp,voltline-sd-card,E-SD-CARD-128-GB,storage,128 GB,,,
,,,,,,,,,,,,,,,,,,,,,,,,,,E-SD-CARD-256-GB,storage,256 GB,,,
,,,,,,,,,,,,,,,,,,,,,,,,,,E-SD-CARD-512-GB,storage,512 GB,,,
,,,,Electronics,Accessories,,,,,,,,,,,,,,,,,,,,,,,,,,
E-SMART-BULB,Electronics,simple,electronics,Electronics,Smart Home,Orbit Labs smart bulb,24,,1,4,2,1,"A colour smart bulb that works over your local network. No account. Set the colour and the schedule from the hub, with no cloud and no account. Works with a normal switch too.",A colour smart bulb that works over your local network.,46,1,White,Orbit Labs,Wi-Fi,,e-smart-bulb.webp,e-smart-bulb.webp,e-smart-bulb.webp,e-smart-bulb.webp,orbit-labs-smart-bulb,,,,,,
E-SMART-PLUG,Electronics,simple,electronics,Electronics,Smart Home,Orbit Labs smart plug,19,,1,4,2,1,"A compact plug with energy metering and a physical button. It reports watts and kilowatt hours, and the button works when the network is down. Rated for a heater.",A compact plug with energy metering and a physical button.,50,1,White,Orbit Labs,Wi-Fi,,e-smart-plug.webp,e-smart-plug.webp,e-smart-plug.webp,e-smart-plug.webp,orbit-labs-smart-plug,,,,,,
E-SMART-SPEAKER-GREY,Electronics,simple,electronics,Electronics,,Nimbus Home speaker Grey,129,,1,1,2,1,"A room-filling speaker with local voice control and a mute switch that cuts power to the mics. Voice commands are processed in the room, not on a server. The mute switch is a physical cut, not a request.",A room-filling speaker with local voice control and a mute switch that cuts power to the mics.,12,1,Grey,Nimbus,Wi-Fi|Bluetooth,,e-smart-speaker-grey.webp,e-smart-speaker-grey.webp,e-smart-speaker-grey.webp,e-smart-speaker-grey.webp,nimbus-home-speaker-grey,,,,,,
E-SMART-SPEAKER-CHARCOAL,Electronics,simple,electronics,Electronics,,Nimbus Home speaker Charcoal,129,,1,1,2,1,"A room-filling speaker with local voice control and a mute switch that cuts power to the mics. Voice commands are processed in the room, not on a server. The mute switch is a physical cut, not a request.",A room-filling speaker with local voice control and a mute switch that cuts power to the mics.,32,1,Charcoal,Nimbus,Wi-Fi|Bluetooth,,e-smart-speaker-charcoal.webp,e-smart-speaker-charcoal.webp,e-smart-speaker-charcoal.webp,e-smart-speaker-charcoal.webp,nimbus-home-speaker-charcoal,,,,,,
E-SMART-SPEAKER,Electronics,configurable,electronics,Electronics,Smart Home,Nimbus Home speaker,129,,1,4,2,1,"A room-filling speaker with local voice control and a mute switch that cuts power to the mics. Voice commands are processed in the room, not on a server. The mute switch is a physical cut, not a request.",A room-filling speaker with local voice control and a mute switch that cuts power to the mics.,0,1,,Nimbus,Wi-Fi|Bluetooth,,e-smart-speaker-grey.webp,e-smart-speaker-grey.webp,e-smart-speaker-grey.webp,e-smart-speaker-grey.webp,nimbus-home-speaker,E-SMART-SPEAKER-GREY,color,Grey,,,
,,,,,,,,,,,,,,,,,,,,,,,,,,E-SMART-SPEAKER-CHARCOAL,color,Charcoal,,,
,,,,Electronics,Audio,,,,,,,,,,,,,,,,,,,,,,,,,,
E-DOORBELL,Electronics,simple,electronics,Electronics,Smart Home,Orbit Labs video doorbell,149,,1,4,2,1,"A wired doorbell camera that records to a card in your home, not a cloud. Wired to the existing chime, recording to a card behind the unit. Notifications come from your own hub.","A wired doorbell camera that records to a card in your home, not a cloud.",58,1,Black,Orbit Labs,Wi-Fi,,e-doorbell.webp,e-doorbell.webp,e-doorbell.webp,e-doorbell.webp,orbit-labs-video-doorbell,,,,,,
E-THERMOSTAT,Electronics,simple,electronics,Electronics,Smart Home,Orbit Labs thermostat,179,,1,4,2,1,"A learning thermostat with a rotary dial and an e-paper display. Turn the dial to set the temperature and it learns the rest. Runs on the hub, no cloud.",A learning thermostat with a rotary dial and an e-paper display.,57,1,White,Orbit Labs,Wi-Fi,,e-thermostat.webp,e-thermostat.webp,e-thermostat.webp,e-thermostat.webp,orbit-labs-thermostat,,,,,,
E-SENSOR-KIT,Electronics,simple,electronics,Electronics,Smart Home,Orbit Labs sensor kit,69,,1,4,2,1,"Four door sensors and two motion sensors, batteries included. Stick the sensors on doors and shelves, pair them with the hub, and the batteries last two years.","Four door sensors and two motion sensors, batteries included.",18,1,White,Orbit Labs,Wi-Fi,,e-sensor-kit.webp,e-sensor-kit.webp,e-sensor-kit.webp,e-sensor-kit.webp,orbit-labs-sensor-kit,,,,,,
E-HUB,Electronics,simple,electronics,Electronics,Smart Home,Orbit Labs home hub,99,,1,4,2,1,"The hub that runs your home on your own network, with Zigbee and Thread. It speaks Zigbee, Thread and Wi-Fi, stores its data on the device, and updates when you say so.","The hub that runs your home on your own network, with Zigbee and Thread.",35,1,White,Orbit Labs,Wi-Fi|USB-C,,e-hub.webp,e-hub.webp,e-hub.webp,e-hub.webp,orbit-labs-home-hub,,,,,,
E-WATCH-BLACK,Electronics,simple,electronics,Electronics,,Voltline Watch Black,299,,1,1,2,1,"A smart watch with a sapphire glass face, a week of battery and offline maps. Heart rate, sleep, GPS routes and offline maps, on a battery that lasts seven days. The face is sapphire.","A smart watch with a sapphire glass face, a week of battery and offline maps.",15,1,Black,Voltline,Bluetooth|Wi-Fi,,e-watch-black.webp,e-watch-black.webp,e-watch-black.webp,e-watch-black.webp,voltline-watch-black,,,,,,
E-WATCH-SILVER,Electronics,simple,electronics,Electronics,,Voltline Watch Silver,299,,1,1,2,1,"A smart watch with a sapphire glass face, a week of battery and offline maps. Heart rate, sleep, GPS routes and offline maps, on a battery that lasts seven days. The face is sapphire.","A smart watch with a sapphire glass face, a week of battery and offline maps.",27,1,Silver,Voltline,Bluetooth|Wi-Fi,,e-watch-silver.webp,e-watch-silver.webp,e-watch-silver.webp,e-watch-silver.webp,voltline-watch-silver,,,,,,
E-WATCH,Electronics,configurable,electronics,Electronics,Wearables,Voltline Watch,299,,1,4,2,1,"A smart watch with a sapphire glass face, a week of battery and offline maps. Heart rate, sleep, GPS routes and offline maps, on a battery that lasts seven days. The face is sapphire.","A smart watch with a sapphire glass face, a week of battery and offline maps.",0,1,,Voltline,Bluetooth|Wi-Fi,,e-watch-black.webp,e-watch-black.webp,e-watch-black.webp,e-watch-black.webp,voltline-watch,E-WATCH-BLACK,color,Black,,,
,,,,,,,,,,,,,,,,,,,,,,,,,,E-WATCH-SILVER,color,Silver,,,
E-BAND-BLACK,Electronics,simple,electronics,Electronics,,Voltline Band Black,79,,1,1,2,1,"A slim tracker with sleep, heart rate and two weeks of battery. It weighs fourteen grams and tracks sleep, steps and heart rate for two weeks between charges. The strap comes in three colours.","A slim tracker with sleep, heart rate and two weeks of battery.",22,1,Black,Voltline,Bluetooth,,e-band-black.webp,e-band-black.webp,e-band-black.webp,e-band-black.webp,voltline-band-black,,,,,,
E-BAND-BLUE,Electronics,simple,electronics,Electronics,,Voltline Band Blue,79,,1,1,2,1,"A slim tracker with sleep, heart rate and two weeks of battery. It weighs fourteen grams and tracks sleep, steps and heart rate for two weeks between charges. The strap comes in three colours.","A slim tracker with sleep, heart rate and two weeks of battery.",8,1,Blue,Voltline,Bluetooth,,e-band-blue.webp,e-band-blue.webp,e-band-blue.webp,e-band-blue.webp,voltline-band-blue,,,,,,
E-BAND-PINK,Electronics,simple,electronics,Electronics,,Voltline Band Pink,79,,1,1,2,1,"A slim tracker with sleep, heart rate and two weeks of battery. It weighs fourteen grams and tracks sleep, steps and heart rate for two weeks between charges. The strap comes in three colours.","A slim tracker with sleep, heart rate and two weeks of battery.",18,1,Pink,Voltline,Bluetooth,,e-band-pink.webp,e-band-pink.webp,e-band-pink.webp,e-band-pink.webp,voltline-band-pink,,,,,,
E-BAND,Electronics,configurable,electronics,Electronics,Wearables,Voltline Band,79,,1,4,2,1,"A slim tracker with sleep, heart rate and two weeks of battery. It weighs fourteen grams and tracks sleep, steps and heart rate for two weeks between charges. The strap comes in three colours.","A slim tracker with sleep, heart rate and two weeks of battery.",0,1,,Voltline,Bluetooth,,e-band-black.webp,e-band-black.webp,e-band-black.webp,e-band-black.webp,voltline-band,E-BAND-BLACK,color,Black,,,
,,,,,,,,,,,,,,,,,,,,,,,,,,E-BAND-BLUE,color,Blue,,,
,,,,,,,,,,,,,,,,,,,,,,,,,,E-BAND-PINK,color,Pink,,,
E-RING-SILVER,Electronics,simple,electronics,Electronics,,Voltline Ring Silver,249,,1,1,2,1,"A titanium sleep ring that lasts a week, no subscription. Sleep stages, resting heart rate and temperature from a ring you forget. Charge once a week.","A titanium sleep ring that lasts a week, no subscription.",17,1,Silver,Voltline,Bluetooth,,e-ring-silver.webp,e-ring-silver.webp,e-ring-silver.webp,e-ring-silver.webp,voltline-ring-silver,,,,,,
E-RING-BLACK,Electronics,simple,electronics,Electronics,,Voltline Ring Black,249,,1,1,2,1,"A titanium sleep ring that lasts a week, no subscription. Sleep stages, resting heart rate and temperature from a ring you forget. Charge once a week.","A titanium sleep ring that lasts a week, no subscription.",54,1,Black,Voltline,Bluetooth,,e-ring-black.webp,e-ring-black.webp,e-ring-black.webp,e-ring-black.webp,voltline-ring-black,,,,,,
E-RING,Electronics,configurable,electronics,Electronics,Wearables,Voltline Ring,249,,1,4,2,1,"A titanium sleep ring that lasts a week, no subscription. Sleep stages, resting heart rate and temperature from a ring you forget. Charge once a week.","A titanium sleep ring that lasts a week, no subscription.",0,1,,Voltline,Bluetooth,,e-ring-silver.webp,e-ring-silver.webp,e-ring-silver.webp,e-ring-silver.webp,voltline-ring,E-RING-SILVER,color,Silver,,,
,,,,,,,,,,,,,,,,,,,,,,,,,,E-RING-BLACK,color,Black,,,
E-WATCH-STRAP-BROWN,Electronics,simple,electronics,Electronics,,Voltline leather watch strap Brown,39,,1,1,2,1,A vegetable-tanned leather strap with a quick-release pin. Full-grain leather that softens in a week. The quick-release pin swaps it in seconds.,A vegetable-tanned leather strap with a quick-release pin.,30,1,Brown,Voltline,,,e-watch-strap-brown.webp,e-watch-strap-brown.webp,e-watch-strap-brown.webp,e-watch-strap-brown.webp,voltline-leather-watch-strap-brown,,,,,,
E-WATCH-STRAP-BLACK,Electronics,simple,electronics,Electronics,,Voltline leather watch strap Black,39,,1,1,2,1,A vegetable-tanned leather strap with a quick-release pin. Full-grain leather that softens in a week. The quick-release pin swaps it in seconds.,A vegetable-tanned leather strap with a quick-release pin.,38,1,Black,Voltline,,,e-watch-strap-black.webp,e-watch-strap-black.webp,e-watch-strap-black.webp,e-watch-strap-black.webp,voltline-leather-watch-strap-black,,,,,,
E-WATCH-STRAP,Electronics,configurable,electronics,Electronics,Wearables,Voltline leather watch strap,39,,1,4,2,1,A vegetable-tanned leather strap with a quick-release pin. Full-grain leather that softens in a week. The quick-release pin swaps it in seconds.,A vegetable-tanned leather strap with a quick-release pin.,0,1,,Voltline,,,e-watch-strap-brown.webp,e-watch-strap-brown.webp,e-watch-strap-brown.webp,e-watch-strap-brown.webp,voltline-leather-watch-strap,E-WATCH-STRAP-BROWN,color,Brown,,,
,,,,,,,,,,,,,,,,,,,,,,,,,,E-WATCH-STRAP-BLACK,color,Black,,,
,,,,Electronics,Accessories,,,,,,,,,,,,,,,,,,,,,,,,,,
E-CHARGER-65,Electronics,simple,electronics,Electronics,Accessories,Voltline 65 W charger,49,,1,4,2,1,"A GaN charger with two USB-C ports, small enough to lose. Charges a laptop and a phone at once, from a plug the size of a matchbox. Foldable prongs.","A GaN charger with two USB-C ports, small enough to lose.",26,1,White,Voltline,USB-C,,e-charger-65.webp,e-charger-65.webp,e-charger-65.webp,e-charger-65.webp,voltline-65-w-charger,,,,,,
E-CABLE-C-BLACK,Electronics,simple,electronics,Electronics,,Voltline braided USB-C cable Black,19,,1,1,2,1,"A 2 m braided cable for 240 W charging and 40 Gbps data. Two metres of braided nylon, rated for the fastest laptops and displays. The connectors are aluminium.",A 2 m braided cable for 240 W charging and 40 Gbps data.,55,1,Black,Voltline,USB-C,,e-cable-c-black.webp,e-cable-c-black.webp,e-cable-c-black.webp,e-cable-c-black.webp,voltline-braided-usb-c-cable-black,,,,,,
E-CABLE-C-GREY,Electronics,simple,electronics,Electronics,,Voltline braided USB-C cable Grey,19,,1,1,2,1,"A 2 m braided cable for 240 W charging and 40 Gbps data. Two metres of braided nylon, rated for the fastest laptops and displays. The connectors are aluminium.",A 2 m braided cable for 240 W charging and 40 Gbps data.,56,1,Grey,Voltline,USB-C,,e-cable-c-grey.webp,e-cable-c-grey.webp,e-cable-c-grey.webp,e-cable-c-grey.webp,voltline-braided-usb-c-cable-grey,,,,,,
E-CABLE-C,Electronics,configurable,electronics,Electronics,Accessories,Voltline braided USB-C cable,19,,1,4,2,1,"A 2 m braided cable for 240 W charging and 40 Gbps data. Two metres of braided nylon, rated for the fastest laptops and displays. The connectors are aluminium.",A 2 m braided cable for 240 W charging and 40 Gbps data.,0,1,,Voltline,USB-C,,e-cable-c-black.webp,e-cable-c-black.webp,e-cable-c-black.webp,e-cable-c-black.webp,voltline-braided-usb-c-cable,E-CABLE-C-BLACK,color,Black,,,
,,,,,,,,,,,,,,,,,,,,,,,,,,E-CABLE-C-GREY,color,Grey,,,
E-POWERBANK,Electronics,simple,electronics,Electronics,Accessories,Voltline 20000 power bank,69,,1,4,2,1,"A 20000 mAh power bank with 65 W output and a display. Enough for a laptop and two phone charges. The display shows the percentage, not a row of dots.",A 20000 mAh power bank with 65 W output and a display.,16,1,Charcoal,Voltline,USB-C,,e-powerbank.webp,e-powerbank.webp,e-powerbank.webp,e-powerbank.webp,voltline-20000-power-bank,,,,,,
E-LAPTOP-STAND,Electronics,simple,electronics,Electronics,Accessories,Tessera laptop stand,59,,1,4,2,1,An aluminium stand that raises the screen to eye height and folds flat. It lifts the screen to eye height for a straight neck and folds flat for a bag. Fits laptops up to 16 inches.,An aluminium stand that raises the screen to eye height and folds flat.,44,1,Silver,Tessera,,,e-laptop-stand.webp,e-laptop-stand.webp,e-laptop-stand.webp,e-laptop-stand.webp,tessera-laptop-stand,,,,,,
,,,,Electronics,Computing,,,,,,,,,,,,,,,,,,,,,,,,,,
E-DESK-MAT-GREY,Electronics,simple,electronics,Electronics,,Orbit Labs desk mat Grey,29,,1,1,2,1,"A felt and cork desk mat, 90 by 40 cm. Wool felt on top, cork underneath, no slipping. The keyboard and the mouse both fit with room to spare.","A felt and cork desk mat, 90 by 40 cm.",26,1,Grey,Orbit Labs,,,e-desk-mat-grey.webp,e-desk-mat-grey.webp,e-desk-mat-grey.webp,e-desk-mat-grey.webp,orbit-labs-desk-mat-grey,,,,,,
E-DESK-MAT-GREEN,Electronics,simple,electronics,Electronics,,Orbit Labs desk mat Green,29,,1,1,2,1,"A felt and cork desk mat, 90 by 40 cm. Wool felt on top, cork underneath, no slipping. The keyboard and the mouse both fit with room to spare.","A felt and cork desk mat, 90 by 40 cm.",15,1,Green,Orbit Labs,,,e-desk-mat-green.webp,e-desk-mat-green.webp,e-desk-mat-green.webp,e-desk-mat-green.webp,orbit-labs-desk-mat-green,,,,,,
E-DESK-MAT,Electronics,configurable,electronics,Electronics,Accessories,Orbit Labs desk mat,29,,1,4,2,1,"A felt and cork desk mat, 90 by 40 cm. Wool felt on top, cork underneath, no slipping. The keyboard and the mouse both fit with room to spare.","A felt and cork desk mat, 90 by 40 cm.",0,1,,Orbit Labs,,,e-desk-mat-grey.webp,e-desk-mat-grey.webp,e-desk-mat-grey.webp,e-desk-mat-grey.webp,orbit-labs-desk-mat,E-DESK-MAT-GREY,color,Grey,,,
,,,,,,,,,,,,,,,,,,,,,,,,,,E-DESK-MAT-GREEN,color,Green,,,
E-PHONE-CASE-BLACK,Electronics,simple,electronics,Electronics,,Tessera phone case Black,34,,1,1,2,1,"A slim case in recycled polymer with a microfibre lining. Slim enough to keep the phone slim, grippy enough to survive a wet hand. Buttons stay clicky.",A slim case in recycled polymer with a microfibre lining.,19,1,Black,Tessera,,,e-phone-case-black.webp,e-phone-case-black.webp,e-phone-case-black.webp,e-phone-case-black.webp,tessera-phone-case-black,,,,,,
E-PHONE-CASE-BLUE,Electronics,simple,electronics,Electronics,,Tessera phone case Blue,34,,1,1,2,1,"A slim case in recycled polymer with a microfibre lining. Slim enough to keep the phone slim, grippy enough to survive a wet hand. Buttons stay clicky.",A slim case in recycled polymer with a microfibre lining.,48,1,Blue,Tessera,,,e-phone-case-blue.webp,e-phone-case-blue.webp,e-phone-case-blue.webp,e-phone-case-blue.webp,tessera-phone-case-blue,,,,,,
E-PHONE-CASE-GREEN,Electronics,simple,electronics,Electronics,,Tessera phone case Green,34,,1,1,2,1,"A slim case in recycled polymer with a microfibre lining. Slim enough to keep the phone slim, grippy enough to survive a wet hand. Buttons stay clicky.",A slim case in recycled polymer with a microfibre lining.,30,1,Green,Tessera,,,e-phone-case-green.webp,e-phone-case-green.webp,e-phone-case-green.webp,e-phone-case-green.webp,tessera-phone-case-green,,,,,,
E-PHONE-CASE,Electronics,configurable,electronics,Electronics,Accessories,Tessera phone case,34,,1,4,2,1,"A slim case in recycled polymer with a microfibre lining. Slim enough to keep the phone slim, grippy enough to survive a wet hand. Buttons stay clicky.",A slim case in recycled polymer with a microfibre lining.,0,1,,Tessera,,,e-phone-case-black.webp,e-phone-case-black.webp,e-phone-case-black.webp,e-phone-case-black.webp,tessera-phone-case,E-PHONE-CASE-BLACK,color,Black,,,
,,,,,,,,,,,,,,,,,,,,,,,,,,E-PHONE-CASE-BLUE,color,Blue,,,
,,,,,,,,,,,,,,,,,,,,,,,,,,E-PHONE-CASE-GREEN,color,Green,,,
E-SCREEN-CLEAN,Electronics,simple,electronics,Electronics,Accessories,Tessera screen cleaning kit,15,,1,4,2,1,"A spray, two cloths and a brush, for screens and lenses. Alcohol free, safe for coatings and lenses. One bottle cleans a year of screens.","A spray, two cloths and a brush, for screens and lenses.",58,1,Grey,Tessera,,,e-screen-clean.webp,e-screen-clean.webp,e-screen-clean.webp,e-screen-clean.webp,tessera-screen-cleaning-kit,,,,,,
E-DESK-KIT,Electronics,grouped,electronics,Electronics,Accessories,Home office kit,449,,1,4,2,1,"Keyboard, mouse, laptop stand and desk mat in one order. Everything for a clean desk in one box, at a saving. Keyboard, mouse, stand and mat.","Keyboard, mouse, laptop stand and desk mat in one order.",0,1,,Orbit Labs,,,e-desk-kit.webp,e-desk-kit.webp,e-desk-kit.webp,e-desk-kit.webp,home-office-kit,,,,E-KEYBOARD-BLACK,1,1
,,,,,,,,,,,,,,,,,,,,,,,,,,,,,E-MOUSE-BLACK,1,2
,,,,,,,,,,,,,,,,,,,,,,,,,,,,,E-LAPTOP-STAND,1,3
,,,,,,,,,,,,,,,,,,,,,,,,,,,,,E-DESK-MAT-GREY,1,4
,,,,Electronics,Computing,,,,,,,,,,,,,,,,,,,,,,,,,,
E-TRAVEL-KIT,Electronics,grouped,electronics,Electronics,Accessories,Travel charging kit,129,,1,4,2,1,"Charger, cable and power bank, packed in a zip pouch. Charger, cable and power bank in a pouch that fits a jacket pocket. Enough for a week away.","Charger, cable and power bank, packed in a zip pouch.",0,1,,Voltline,,,e-travel-kit.webp,e-travel-kit.webp,e-travel-kit.webp,e-travel-kit.webp,travel-charging-kit,,,,E-CHARGER-65,1,1
,,,,,,,,,,,,,,,,,,,,,,,,,,,,,E-CABLE-C-BLACK,1,2
,,,,,,,,,,,,,,,,,,,,,,,,,,,,,E-POWERBANK,1,3
